            0.300682 0 0 0  7.17151e-05  6.55899e-05 -4.26386e-05 0 0 0   -0.011 -0.02329  0.04412  0.000619426 -0.000171746  -0.00044674    0.0100904 -0.000262055  0.000983426 0 0 0 -0.0418565   0.114597   -9.80824 
            0.398816    0.119977 -0.00605968  -0.0243786   0.0176538  0.00408993 -0.00159837 0 0 0   -0.011 -0.02329  0.04412   0.00361712  -0.00524122 -0.000255109   0.0100904 -0.00026201 0.000983435  -3.2237e-07 -9.06648e-08  2.82429e-08 -0.0418562   0.114597   -9.80824 
             0.50086  -0.165436  -0.161772 -0.0857036   0.0131862 -0.00195878  -0.0185231 0 0 0   -0.011 -0.02329  0.04412 -0.0237307 -0.0275653 -0.0783226   0.0109472 0.000232494  0.00115957 5.50581e-06  7.2254e-06 1.99812e-05 -0.0418617    0.11459   -9.80824 
            0.600812 -0.349573 -0.104103 -0.078624  0.00130489 -0.00585653  -0.0278489 0 0 0   -0.011 -0.02329  0.04412 -0.0602526 -0.0258004 -0.0832291   0.0115496 9.81993e-06  0.00107981 0.000743971 1.03713e-05 4.91833e-05 -0.042572  0.114587  -9.80824 
            0.700683  -0.411736  0.0211149 -0.0695327 -4.87096e-05  -0.00281942   -0.0312906 0 0 0   -0.011 -0.02329  0.04412  -0.0447427 -0.00242771  -0.0680972    0.0116556 -0.000409294   0.00107985 -0.000497264  -0.00138852 -0.000557478 -0.0413798    0.11594   -9.80823 
            0.800708  -0.350616  -0.170513 -0.0240003  0.00759243 -0.00365894  -0.0319307 0 0 0   -0.011 -0.02329  0.04412   -0.0136431 -0.000857604   -0.0517666   0.0113676 0.000205214  0.00104736 -0.00833079 0.000852403 -0.00336633 -0.0338634   0.113818   -9.80828 
            0.900557  -0.561909 -0.0746615 -0.0176276  0.00228297 -0.00324327   -0.030241 0 0 0   -0.011 -0.02329  0.04412 -0.0233115 0.00864425 -0.0344162    0.0119259 -0.000148966  0.000977275 -0.00442151  0.00209059 -0.00835044 -0.0376517   0.112713   -9.80828 
              1.0008  -0.454456  0.0849979 -0.0826172  0.00579388 0.000799487  -0.0254898 0 0 0   -0.011 -0.02329  0.04412 -0.00277568   0.0210828  -0.0147229    0.0114553 -0.000661735   0.00119442   -0.0120325 -0.000604543   -0.0161538 -0.0303702   0.115434   -9.80827 
             1.10074  -0.462111  0.0780529 -0.0995003   0.0093128 0.000973071  -0.0227096 0 0 0   -0.011 -0.02329  0.04412   0.0125007   0.0202491 -0.00280772    0.0114283 -0.000644898   0.00124342 -0.0178247 0.00422563 -0.0224507 -0.0248348   0.110898   -9.80834 
             1.20085 -0.496008  0.129083 -0.111345  0.0117718 0.00232583 -0.0235632 0 0 0   -0.011 -0.02329  0.04412   0.0217255   0.0250942 -0.00204741     0.011518 -0.000794915   0.00127576 -0.0192118 0.00603181 -0.0215377 -0.0234978   0.109144   -9.80836 
             1.30074  -0.361891   0.224614 -0.0381648  0.0171098 0.00153251 -0.0181402 0 0 0   -0.011 -0.02329  0.04412 0.0388417 0.0167507 0.0139198   0.0110628 -0.00108085    0.001048 -0.0233226  0.0118405 -0.0313675 -0.0195813    0.10374   -9.80843 
             1.40102  -0.248525 -0.0419787  -0.113622  0.0252035 0.00266381 -0.0159305 0 0 0   -0.011 -0.02329  0.04412 0.0527006 0.0156871 0.0184727     0.010709 -0.000287171   0.00125699 -0.0292896  0.0126583 -0.0324612 -0.0138459    0.10297   -9.80845 
             1.50082 -0.417819 0.0455525 -0.177435  0.0233351 0.00140457 -0.0157513 0 0 0   -0.011 -0.02329  0.04412 0.0394777 0.0132567 0.0172496    0.0111787 -0.000540355   0.00145453 -0.0197174  0.0169464 -0.0294727 -0.0230486  0.0988038   -9.80848 
             1.60076  -0.134228   0.170069 -0.0921906    0.0252998 -1.81289e-05   -0.0153352 0 0 0   -0.011 -0.02329  0.04412  0.0411527 0.00320815  0.0163631    0.0103488 -0.000886109   0.00120557 -0.0170096   0.019837  -0.026728 -0.0256548  0.0959815    -9.8085 
             1.70077 -0.162094  0.114708 -0.224583   0.0270262 0.000864441  -0.0156718 0 0 0   -0.011 -0.02329  0.04412  0.0392203 0.00445218  0.0139998    0.0104157 -0.000724534   0.00157353 -0.0143035  0.0192513 -0.0233748 -0.0282527  0.0964976   -9.80848 
             1.80086 -0.441343 0.0587453  -0.17873    0.0238246 -0.000366976   -0.0186823 0 0 0   -0.011 -0.02329  0.04412  0.0238291 0.00645202  0.0060915    0.0111591 -0.000556943   0.00145855 -0.00754028   0.0215444  -0.0167927 -0.0347622  0.0942225   -9.80849 
             1.90065 -0.197769  0.155681 -0.290736    0.0259332 -0.000105845   -0.0190864 0 0 0   -0.011 -0.02329  0.04412  0.0274646 0.00363997 0.00482992    0.0105022 -0.000809364    0.0017355 -0.00703858   0.0216368  -0.0151244 -0.0352461  0.0941157   -9.80849 
             2.00071 -0.265742   0.07398 -0.203144   0.0216018 -0.00136943  -0.0220195 0 0 0   -0.011 -0.02329  0.04412   0.0115842  0.00134516 -0.00149236   0.0106588 -0.00057637   0.0015037 -0.0014518  0.0231723  -0.010683 -0.040628 0.0926334  -9.80848 
             2.10057 -0.413258  0.130746 -0.224006  0.0232003 -0.0029195  -0.024307 0 0 0   -0.011 -0.02329  0.04412   0.0156956 0.000787442 -0.00523104    0.0110229 -0.000728765   0.00154224  -0.0016886   0.0247432 -0.00810216 -0.0404219  0.0910911   -9.80849 
             2.20076 -0.448118 0.0312722 -0.349268   0.0269114 -0.00140976  -0.0252358 0 0 0   -0.011 -0.02329  0.04412  0.0214143 0.00754295  -0.005469    0.0110991 -0.000469098    0.0018552 -0.00321607   0.0238184 -0.00758337 -0.038941 0.0919532  -9.80849 
             2.30072 -0.307034 0.0798833 -0.317781    0.0286164 -0.000455727   -0.0257921 0 0 0   -0.011 -0.02329  0.04412   0.0225901  0.00821218 -0.00513677    0.0107363 -0.000589814   0.00175669 -0.00284313    0.023595 -0.00747017 -0.0392946  0.0921727   -9.80849 
             2.40079 -0.278769 -0.218258 -0.414437  0.0315257 0.00182947 -0.0271987 0 0 0   -0.011 -0.02329  0.04412   0.0194918   0.0124482 -0.00659829   0.0106497 0.000162445  0.00198946 -0.00354673   0.0226157 -0.00652271 -0.038597 0.0930885  -9.80848 
             2.50064   -0.43156 -0.0146386  -0.322923   0.0268554 -0.00149534  -0.0258295 0 0 0   -0.011 -0.02329  0.04412  0.00564196  0.00383648 -0.00104531     0.011002 -0.000326268   0.00176102 0.000407752   0.0257109 -0.00855095 -0.0424735  0.0902341   -9.80849 
             2.60194 -0.321729 0.0210498 -0.225553   0.0261707 -0.00282088  -0.0247691 0 0 0   -0.011 -0.02329  0.04412   0.0035653 -0.00072799  0.00220719    0.0107246 -0.000412502   0.00151815 0.00109179  0.0266904 -0.0095667 -0.0431623  0.0893241    -9.8085 
             2.70079  -0.359257 -0.0852909  -0.182538   0.0275438 -0.00448912  -0.0245275 0 0 0   -0.011 -0.02329  0.04412  0.00407388 -0.00356449  0.00343057    0.0108027 -0.000155439   0.00140412 0.000403898   0.0276468 -0.00958533 -0.0425319  0.0883894   -9.80851 
             2.80077  -0.442004 -0.0172776   -0.22105   0.0287483 -0.00573186  -0.0242692 0 0 0   -0.011 -0.02329  0.04412  0.00630468 -0.00329242  0.00410042    0.0109872 -0.000320342   0.00148276 1.91413e-05   0.0282296 -0.00951586 -0.0421793  0.0878201   -9.80852 
             2.90072 -0.342096  0.111107 -0.262623  0.0294015 -0.0028646 -0.0234475 0 0 0   -0.011 -0.02329  0.04412 0.00888239  0.0045119 0.00536379    0.0107479 -0.000622659   0.00157563 0.000146646   0.0264587 -0.00968326 -0.0422581  0.0895203    -9.8085 
              2.9997 -0.343555 0.0984644 -0.230676   0.0333351 -0.00294883  -0.0244859 0 0 0   -0.011 -0.02329  0.04412  0.0176865 0.00438254 0.00257358    0.0107378 -0.000594495   0.00148895 -0.00124741   0.0267304 -0.00848369 -0.0409163  0.0892133   -9.80851 
             3.10188  -0.403262 0.00249858   -0.20922   0.0310837 -0.00274944  -0.0243811 0 0 0   -0.011 -0.02329  0.04412  0.0078177 0.00596198  0.0030425    0.0108666 -0.000376596   0.00143833 0.000492592   0.0269313 -0.00840902 -0.0425856  0.0890585    -9.8085 
             3.20079 -0.376309  0.173853 -0.162057  0.0281644 8.8105e-05 -0.0213617 0 0 0   -0.011 -0.02329  0.04412 0.00225419  0.0119879 0.00934275    0.0108029 -0.000764609   0.00132874 0.00226691  0.0258721  -0.010171 -0.0442823   0.090129   -9.80849 
             3.30083 -0.343449 -0.316428 -0.135227  0.0256731 0.00043704 -0.0266949 0 0 0   -0.011 -0.02329  0.04412 -0.0127836  0.0129395 -0.0026255   0.0107101 0.000330379  0.00127134  0.00299956   0.0262719 -0.00607488 -0.0449528  0.0897093   -9.80849 
             3.40078  -0.48241 0.0451137 -0.220927    0.0221501 -6.10681e-05   -0.0274193 0 0 0   -0.011 -0.02329  0.04412  -0.0153866    0.012756 -0.00294095     0.011006 -0.000482046   0.00145487  0.00407564    0.027206 -0.00582466 -0.0459912  0.0888294   -9.80849 
             3.50084 -0.342029 0.0403341 -0.173646    0.0224682 -5.20053e-06    -0.025254 0 0 0   -0.011 -0.02329  0.04412 -0.0106813 0.00849819 0.00246227    0.0106902 -0.000470206   0.00134219  0.00334855   0.0276563 -0.00728373 -0.0453165   0.088409    -9.8085 
             3.60079  -0.342255 -0.0093057  -0.265047   0.0272764 -0.00176362  -0.0234898 0 0 0   -0.011 -0.02329  0.04412 0.00265788  0.0018003 0.00616299     0.010681 -0.000370124   0.00152792  0.00107985   0.0287619 -0.00818123 -0.043171 0.0873412  -9.80852 
             3.70168 -0.306164 -0.121973 -0.381796   0.0316389 -0.00320462  -0.0235508 0 0 0   -0.011 -0.02329  0.04412  0.00962649 -0.00244208  0.00540321    0.0105944 -0.000130769   0.00176816 -0.000530353    0.0293887  -0.00775258 -0.0416348  0.0867203   -9.80853 
             3.80075   -0.268098 -0.00383008  -0.0905344   0.0285721 -0.00337212  -0.0218956 0 0 0   -0.011 -0.02329  0.04412  0.0234091 -0.0104066 0.00105967    0.0105105 -0.000371441   0.00116073 0.00104335  0.0292892 -0.0084406 -0.0431439  0.0868447   -9.80852 
             3.90072   -0.470473 -0.00212183   -0.161008   0.0307351 -0.00231086  -0.0251341 0 0 0   -0.011 -0.02329  0.04412   0.0791142  0.00276585 -0.00840931    0.0108053 -0.000474446   0.00144416  0.00210809   0.0288719 -0.00630587 -0.0441202  0.0872364   -9.80851 
             4.00083  -0.669479 -0.0885677   -0.29237   0.0383133 -0.00296065  -0.0290613 0 0 0   -0.011 -0.02329  0.04412   0.0627183   0.0150491 -0.00272938    0.0108263 -0.000199911   0.00142835  0.00156197   0.0290707 -0.00415901 -0.0435714  0.0870149   -9.80852 
             4.10076  -0.77291 0.0100082 -0.395337   0.0537634 -0.00423653  -0.0300806 0 0 0   -0.011 -0.02329  0.04412    0.319064 -0.00616388  -0.0198531    0.0109366 -0.000459648   0.00138003 0.00222475  0.0296188  -0.003919 -0.044209 0.0865015  -9.80852 
              4.2007  -1.12543 -0.285002 -0.665102   0.0994447 -0.00726916  -0.0328418 0 0 0   -0.011 -0.02329  0.04412   0.550247 -0.0553579 -0.0145711    0.0110013 -0.000470147   0.00131701  0.00161846   0.0296756 -0.00346184 -0.0436262  0.0864253   -9.80852 
             4.30078  -1.26535 -0.668456  -1.40182   0.163007 -0.0165697  -0.032272 0 0 0   -0.011 -0.02329  0.04412   0.663552 -0.0807838 -0.0132126    0.0108509 -0.000279346  0.000995031 0.000867337   0.0309494 -0.00459141 -0.0429891  0.0852228   -9.80854 
             4.40069  -1.53745 -0.462159  -2.68515   0.231688  -0.026624 -0.0355558 0 0 0   -0.011 -0.02329  0.04412  0.770457 -0.113982 -0.023562    0.0110456 -0.000582943   0.00111818  0.00194148   0.0309714 -0.00356819 -0.0439742  0.0852395   -9.80853 
             4.50076  -1.26719 -0.383811  -4.46902   0.316255 -0.0332039 -0.0343057 0 0 0   -0.011 -0.02329  0.04412    0.861015  -0.0754149 -0.00918966    0.0109028 -0.000746189   0.00153627  0.00102198   0.0302473 -0.00481086 -0.0430462  0.0858535   -9.80853 
             4.60071 -1.48454 -0.34978 -5.15583   0.408218 -0.0406038  -0.033044 0 0 0   -0.011 -0.02329  0.04412  0.921853  -0.08777 -0.027581    0.0108218 -0.000728238   0.00175219 1.52729e-05   0.0296166 -0.00644117 -0.0420277  0.0862839   -9.80853 
             4.70066 -1.67622 -0.17355 -5.66227   0.498967 -0.0496938 -0.0343589 0 0 0   -0.011 -0.02329  0.04412    0.918599    -0.10442 -0.00709537     0.010881 -0.000930812   0.00172662 0.000589005   0.0296452 -0.00649875 -0.0425186  0.0865172   -9.80853 
             4.79986 -1.90648 0.144821 -5.83612   0.588439 -0.0589601 -0.0361765 0 0 0   -0.011 -0.02329  0.04412   0.921642  -0.113397 -0.0155188    0.0110173 -0.000866729   0.00119463  0.00185039   0.0294955 -0.00645874 -0.0433413  0.0873635   -9.80852 
             4.90078 -1.44259 0.117303 -6.33717   0.675532 -0.0755975 -0.0371831 0 0 0   -0.011 -0.02329  0.04412    0.898587    -0.10294 -0.00793923    0.0105739 -0.000359365    0.0013053  0.00175101   0.0321194 -0.00664266 -0.045264   0.08575  -9.80852 
             4.99983 -1.79199 0.725416 -6.88758   0.762097 -0.0870541 -0.0385728 0 0 0   -0.011 -0.02329  0.04412   0.822899 -0.0999539 -0.0444621     0.010766 -0.000925658   0.00134272  0.00240488   0.0326303 -0.00641144 -0.046014 0.0859936  -9.80852 
             5.10054 -2.20713  1.19645 -7.67424   0.842668  -0.102437 -0.0416131 0 0 0   -0.011 -0.02329  0.04412   0.736317  -0.195315 -0.0157265   0.0106651 -0.00105309  0.00142197  0.00172041   0.0320689 -0.00684829 -0.0452264  0.0856718   -9.80852 
             5.20078 -2.56255  1.32933 -9.25255   0.912577  -0.119391 -0.0443652 0 0 0   -0.011 -0.02329  0.04412   0.709976  -0.181536 -0.0267136    0.0107364 -0.000725984   0.00170856 0.00219263  0.0316662 -0.0058254 -0.0450895  0.0860951   -9.80852 
             5.30082 -2.38676   1.6436  -10.954   0.983801  -0.138154 -0.0455715 0 0 0   -0.011 -0.02329  0.04412   0.775314  -0.151957 -0.0153725   0.0106959 -0.00145065  0.00190231  0.00282315   0.0326403 -0.00561507 -0.0461507  0.0865176   -9.80851 
              5.4024 -1.60298  1.25298 -11.6803    1.06485  -0.153791 -0.0438881 0 0 0   -0.011 -0.02329  0.04412   0.773774  -0.160222 -0.0171286    0.0100858 -0.000892598   0.00182995  0.00247808   0.0321782 -0.00703697 -0.0454803  0.0863249   -9.80851 
             5.50075 -2.26877  1.54724 -12.2957    1.13946  -0.170773 -0.0429579 0 0 0   -0.011 -0.02329  0.04412   0.689103  -0.225748 0.00873316    0.0105463 -0.000877636   0.00173452  0.00255583   0.0315642 -0.00782646 -0.0447374  0.0863555   -9.80852 
             5.60071 -2.88426  1.69259 -13.7616    1.20209  -0.196582 -0.0450701 0 0 0   -0.011 -0.02329  0.04412   0.718265  -0.259394 0.00927657    0.0107086 -0.000984329   0.00200818   0.0025773   0.0336916 -0.00670228 -0.0469299  0.0868292    -9.8085 
             5.69987 -2.25571  1.39846 -14.9524    1.27703   -0.22315 -0.0504837 0 0 0   -0.011 -0.02329  0.04412   0.782272  -0.238295 -0.0224137   0.0103293 -0.00107828   0.0017486  0.00220938   0.0343671 -0.00415684 -0.0481554  0.0867436    -9.8085 
             5.80078 -1.90081  1.58487 -15.5257     1.3502   -0.24903 -0.0533595 0 0 0   -0.011 -0.02329  0.04412   0.797728  -0.286158 -0.0173069   0.0103315 -0.00101063  0.00155702   0.0024588   0.0367266 -0.00324452 -0.0502937  0.0879911   -9.80848 
             5.90073 -1.99544  1.38314 -16.0676    1.42263  -0.273132 -0.0530885 0 0 0   -0.011 -0.02329  0.04412   0.812496  -0.263579 -0.0146846   0.0104139 -0.00096964  0.00157995  0.00496641   0.0397819 -0.00377982 -0.0515213  0.0916236   -9.80844 
             6.00072 -2.16671  1.40756 -16.7682   1.50087 -0.301519 -0.057579 0 0 0   -0.011 -0.02329  0.04412   0.809686  -0.277399 -0.0132717    0.0105419 -0.000995515   0.00165527  0.00452656   0.0406534 -0.00225381 -0.0527147  0.0918517   -9.80843 
             6.10069 -2.41029  1.58787 -17.3815    1.58056  -0.328613 -0.0642651 0 0 0   -0.011 -0.02329  0.04412   0.803117  -0.293571 -0.0183725   0.0108351 -0.00123302  0.00171644   0.00489261     0.040801 -0.000626272 -0.0528585  0.0923347   -9.80842 
             6.20073 -2.25517   1.5034 -18.0541    1.66289  -0.358573 -0.0661726 0 0 0   -0.011 -0.02329  0.04412   0.820481  -0.301406 -0.0403596   0.0103642 -0.00122797  0.00196667   0.00543673     0.040228 -0.000680474 -0.0520816  0.0923746   -9.80843 
             6.30071 -2.41935  1.39134 -18.5663    1.73818  -0.385715 -0.0686804 0 0 0   -0.011 -0.02329  0.04412   0.802232  -0.299218 -0.0308483    0.0111958 -0.000766886   0.00184788   0.00678901    0.0423858 -0.000600008 -0.0527111   0.094808    -9.8084 
             6.40069 -2.18353  1.38533 -18.9282    1.81483  -0.409069 -0.0656115 0 0 0   -0.011 -0.02329  0.04412   0.791737  -0.288568 -0.0167525    0.0108534 -0.000971873   0.00163178   0.0101464   0.0438602 -0.00238343 -0.051146 0.0980632  -9.80838 
             6.50148 -2.17795  1.66262 -19.4403    1.89047  -0.431128 -0.0738358 0 0 0   -0.011 -0.02329  0.04412   0.790472  -0.257991 -0.0339579   0.0106699 -0.00125334  0.00147528  0.0132426  0.0438118 0.00018108 -0.0492302   0.100349   -9.80836 
             6.60094 -2.28127  1.63998 -20.0097    1.96393  -0.460575 -0.0781702 0 0 0   -0.011 -0.02329  0.04412   0.751881  -0.272279 -0.0293691   0.0108234 -0.00118285  0.00152697   0.0115522   0.0468844 0.000445325 -0.0524622   0.101509   -9.80833 
             6.70081 -2.48995  1.61212 -20.5226   2.03298 -0.487746 -0.072282 0 0 0   -0.011 -0.02329  0.04412   0.697434  -0.301475 -0.0276859   0.0107065 -0.00108744  0.00147893   0.0132906   0.0488353 -0.00245206 -0.052026  0.103886  -9.80831 
             6.80067 -2.18807  2.04977 -21.3329   2.09465 -0.518559 -0.080309 0 0 0   -0.011 -0.02329  0.04412   0.691142  -0.305767 -0.0413683   0.0104404 -0.00134303  0.00128318    0.0125735    0.0523816 -0.000271344 -0.0549593   0.106325   -9.80827 
             6.90061 -1.97659  1.84281 -22.3103    2.16591  -0.553475 -0.0810865 0 0 0   -0.011 -0.02329  0.04412   0.719712  -0.307389 -0.0301837   0.0104088 -0.00118263  0.00141891   0.00975777    0.0529386 -0.000958544 -0.0574038   0.104958   -9.80827 
             7.00077  -2.2972  1.86819 -22.9178    2.23206  -0.588663 -0.0763013 0 0 0   -0.011 -0.02329  0.04412  0.673978 -0.319729 0.0150701    0.0106859 -0.000973045   0.00129823  0.00864639   0.0560406 -0.00282523 -0.0598445   0.106604   -9.80824 
             7.10065 -2.29368   2.0775 -23.5563    2.29503  -0.620665 -0.0820918 0 0 0   -0.011 -0.02329  0.04412    0.677436   -0.308478 -0.00796755   0.0108367 -0.00103334  0.00135427  0.00747255   0.0590048 -0.00127461 -0.0625615   0.108469    -9.8082 
              7.1997 -2.52975   2.0131 -23.7878   2.35694 -0.650993 -0.085081 0 0 0   -0.011 -0.02329  0.04412   0.612611  -0.294932 -0.0102468    0.0109051 -0.000983288   0.00130082   0.00830877    0.0615532 -0.000696816 -0.0632649     0.1111   -9.80817 
             7.30014 -2.13249   2.3909 -24.1517    2.40278  -0.671279 -0.0891524 0 0 0   -0.011 -0.02329  0.04412   0.316919  -0.167867 -0.0331266   0.0105346 -0.00108333  0.00128169     0.010955    0.0615221 -0.000207307 -0.0610821   0.112553   -9.80816 
             7.40071 -1.19125  3.51567 -24.5092    2.43056  -0.682652 -0.0917425 0 0 0   -0.011 -0.02329  0.04412   0.217215 -0.0582538 -0.0126121    0.010652 -0.00116987   0.0014795   0.00968086    0.0599701 -7.34018e-06 -0.0614173   0.110583   -9.80818 
             7.50065 -1.25436  2.96587 -24.5285    2.44995   -0.68984 -0.0846792 0 0 0   -0.011 -0.02329  0.04412      0.14641   -0.0512714 -0.000289475     0.010717 -0.000761068    0.0015436  0.00962714   0.0600219 -0.00234464 -0.0613071   0.110341   -9.80819 
             7.60044 -1.11318  3.08047 -24.4471    2.46083  -0.694427 -0.0876023 0 0 0   -0.011 -0.02329  0.04412     0.109429   -0.0290955 -0.000348206    0.0104913 -0.000986989    0.0014997  0.00918038   0.0617892 -0.00132737 -0.062578  0.111773  -9.80816 
             7.70067 -1.05661  3.12165 -24.2507   2.46252 -0.693534 -0.084516 0 0 0   -0.011 -0.02329  0.04412   0.0455585 -0.00288575   0.0110285   0.0104356 -0.00106247  0.00119898   0.0107968   0.0654425 -0.00208031 -0.0627968    0.11563   -9.80812 
             7.80071 -1.16117  2.94574 -24.3507    2.46433  -0.694937 -0.0823023 0 0 0   -0.011 -0.02329  0.04412 0.00632111  0.0114802 0.00691029   0.0105627 -0.00083523  0.00131788  0.00967753   0.0658036 -0.00253177 -0.0639192   0.115335   -9.80811 
             7.90059 -1.10384  3.02083 -24.2103    2.45835  -0.693707 -0.0807949 0 0 0   -0.011 -0.02329  0.04412 -0.0285742  0.0269646 0.00813815     0.010463 -0.000937188   0.00109659  0.00934155   0.0684269 -0.00254226 -0.0653889    0.11745   -9.80808 
              8.0009 -0.985158   3.06634  -24.3087     2.4594  -0.696271 -0.0798267 0 0 0   -0.011 -0.02329  0.04412 -0.0162007 0.00956217 0.00948963   0.0102974 -0.00103274   0.0012191  0.00730022   0.0666463 -0.00259428 -0.0663786   0.114917    -9.8081 
             8.10056  -1.0595  2.91961 -24.3317    2.45876  -0.695562 -0.0789077 0 0 0   -0.011 -0.02329  0.04412 -0.00500726   0.0041325   0.0111408     0.010422 -0.000822555    0.0012552  0.00726695   0.0663847 -0.00254453 -0.0662909   0.114683   -9.80811 
             8.20038 -1.04542  3.01699  -24.311    2.46102  -0.695398 -0.0800411 0 0 0   -0.011 -0.02329  0.04412   0.0102105 0.000467611  0.00770837    0.0103903 -0.000962783   0.00121622  0.00707667   0.0652913 -0.00199956 -0.0659693   0.113739   -9.80812 
             8.30172 -0.957709   3.07871  -24.3328    2.46015  -0.693594 -0.0809195 0 0 0   -0.011 -0.02329  0.04412  0.0099105 0.00111918 0.00463796  0.0102548 -0.0010447 0.00123679  0.00785803   0.0662906 -0.00150579 -0.0657424   0.115064    -9.8081 
             8.40068 -0.991319    3.1375  -24.3253    2.45927  -0.693119 -0.0880588 0 0 0   -0.011 -0.02329  0.04412 0.00862725 0.00179224 -0.0110549    0.010298 -0.00112029  0.00121965  0.00751322   0.0673514 0.000483516 -0.0665326   0.116147   -9.80809 
             8.50056 -1.12526  2.98862 -24.2892    2.45978  -0.694211 -0.0870062 0 0 0   -0.011 -0.02329  0.04412  0.00893125  0.00090126 -0.00640306    0.0104875 -0.000905635   0.00116848   0.00698244    0.0675553 -8.25779e-05 -0.0670865   0.115968   -9.80809 
             8.60008 -1.02087  3.13014 -24.3233    2.46063  -0.694599 -0.0870515 0 0 0   -0.011 -0.02329  0.04412   0.0137832 -0.00379276 -0.00487873   0.0103387 -0.00110492  0.00120932   0.00696831    0.0677447 -0.000219267 -0.0671852     0.1161   -9.80808 
             8.70039 -1.08335  2.98402 -24.3604    2.45996  -0.694408 -0.0882345 0 0 0   -0.011 -0.02329  0.04412   0.0104385 -0.00211824 -0.00617151    0.0104201 -0.000896796   0.00126011   0.0071063   0.0686818 1.24062e-05 -0.0674943   0.117013   -9.80807 
             8.79912 -1.20158  3.01147 -24.1804   2.45923 -0.693796 -0.089705 0 0 0   -0.011 -0.02329  0.04412  0.00960295  0.00208895 -0.00780843    0.0105921 -0.000926054   0.00100984  0.00727604   0.0695952 0.000265332 -0.0677651   0.117924   -9.80806 
              8.9007 -1.10737  3.10262 -24.3297   2.46266 -0.695049 -0.088958 0 0 0   -0.011 -0.02329  0.04412   0.0191075 -0.00242993 -0.00441433   0.0104499 -0.00105274  0.00120803  0.00689215   0.0686558 -0.00015914 -0.0676664   0.116857   -9.80807 
             9.00076 -1.06809  2.94376  -24.348    2.46619   -0.69665 -0.0857265 0 0 0   -0.011 -0.02329  0.04412   0.0226023 -0.00548528   0.0032662    0.0103915 -0.000834416   0.00123328  0.00658809   0.0679511 -0.00108411 -0.0676012   0.115948   -9.80808 
             9.10072 -1.15823  2.87355 -24.2585    2.46422  -0.697948 -0.0834201 0 0 0   -0.011 -0.02329  0.04412   0.0126961 -0.00544246  0.00767955    0.0105155 -0.000735437   0.00111376 0.00629201  0.0698431  -0.001477 -0.0687247   0.117359   -9.80806 
              9.2007 -1.12966  2.98951  -24.341    2.46225  -0.698732 -0.0839315 0 0 0   -0.011 -0.02329  0.04412   0.0078197 -0.00650163  0.00526452    0.0104654 -0.000891309   0.00122063 0.00613119  0.0713561 -0.0011064 -0.0695633   0.118638   -9.80804 
              9.3007 -1.08065   3.0313 -24.3462    2.46035  -0.696047 -0.0839517 0 0 0   -0.011 -0.02329  0.04412   0.00441489 -0.000312815   0.00447099    0.0103997 -0.000943657   0.00122496   0.00740615    0.0724134 -0.000886253 -0.0689487   0.120211   -9.80802 
             9.40063 -1.15133  2.90773 -24.2687    2.46259  -0.699601 -0.0863094 0 0 0   -0.011 -0.02329  0.04412   0.00909517  -0.00536016 -0.000987508     0.010496 -0.000774782   0.00112255   0.00580763    0.0718214 -0.000305417 -0.070065  0.119005  -9.80803 
             9.50034 -1.21484  2.88029 -24.3801    2.46265  -0.699014 -0.0853218 0 0 0   -0.011 -0.02329  0.04412    0.0079332 -0.000372832   0.00144939   0.0105686 -0.00073835  0.00126587   0.00622063     0.072171 -0.000527939 -0.0698667   0.119474   -9.80802 
             9.60126 -1.21065  2.95028 -24.2959    2.46511  -0.695935 -0.0862075 0 0 0   -0.011 -0.02329  0.04412    0.0148805   0.00812669 -0.000395734    0.0105635 -0.000827356     0.001152   0.00729927    0.0714392 -0.000289426 -0.0685997   0.119419   -9.80803 
             9.70055 -1.19229  2.86463 -24.3046    2.46578  -0.695749 -0.0864263 0 0 0   -0.011 -0.02329  0.04412   0.0130224  0.00903793 -0.00042962    0.0105356 -0.000717747   0.00116446   0.00700749    0.0717866 -0.000236082 -0.0690126    0.11958   -9.80803 
             9.80067 -1.17619  3.04774   -24.28    2.46292  -0.692509 -0.0925284 0 0 0   -0.011 -0.02329  0.04412 0.00826104  0.0146936 -0.0130744   0.0105096 -0.00095116  0.00112652   0.007513  0.0734394 0.00121785 -0.0693595   0.121469     -9.808 
             9.90052 -1.08927  2.92484 -24.3681    2.46071  -0.693937 -0.0907412 0 0 0   -0.011 -0.02329  0.04412 0.000135878  0.00771647 -0.00653968    0.0103879 -0.000792085   0.00123932   0.0066643     0.07471 0.000565573 -0.0706683   0.122035   -9.80799 
             10.0006 -1.14871  2.99213 -24.3375   2.46198 -0.696065 -0.089695 0 0 0   -0.011 -0.02329  0.04412  0.00496403   0.0022013 -0.00254189    0.0104632 -0.000875502   0.00119424  0.00572777   0.0744568 0.000142996 -0.0713528   0.121289   -9.80799 
             10.1005 -1.18731  2.96429 -24.2749    2.45977  -0.695686 -0.0903775 0 0 0   -0.011 -0.02329  0.04412 0.000598131  0.00412303 -0.00328178    0.0105111 -0.000834986   0.00111175  0.00569208   0.0755175 0.000282557 -0.0718758   0.122198   -9.80798 
             10.2007 -1.12329  2.87292 -24.3202    2.45741  -0.697695 -0.0903682 0 0 0   -0.011 -0.02329  0.04412  -0.00584821 -0.000337396  -0.00232414   0.0104295 -0.00072109  0.00116937   0.0048528   0.0764867 0.000231662 -0.0730468   0.122601   -9.80796 
             10.3008 -1.02131  3.00954 -24.3267    2.46022  -0.696156 -0.0909135 0 0 0   -0.011 -0.02329  0.04412   0.0044714  0.00100193 -0.00293449     0.010301 -0.000889902   0.00117256  0.00545805   0.0752392 0.000265451 -0.0719484   0.121843   -9.80798 
             10.4007 -1.19037  2.96333   -24.23    2.46174  -0.697615 -0.0922444 0 0 0   -0.011 -0.02329  0.04412  0.00925082 0.000488591 -0.00481731    0.0105064 -0.000830174   0.00106264  0.00477037   0.0749814 0.000442309 -0.0724239   0.121308   -9.80798 
             10.5007 -1.19259  2.90846 -24.2879    2.46041  -0.694828 -0.0881561 0 0 0   -0.011 -0.02329  0.04412 0.00436948 0.00737477 0.00541818   0.0105065 -0.00076142  0.00113457   0.00584822    0.0756968 -0.000442438 -0.0718153   0.122319   -9.80797 
             10.6006 -1.10729  2.91696  -24.364    2.46138  -0.696174 -0.0877717 0 0 0   -0.011 -0.02329  0.04412 0.00605669 0.00304305 0.00537424    0.0103973 -0.000772293   0.00122618    0.0051898    0.0755926 -0.000434249 -0.0723333   0.121903   -9.80798 
             10.6995 -1.18083  2.97093 -24.3467    2.46491  -0.700139 -0.0867747 0 0 0   -0.011 -0.02329  0.04412     0.01466 -0.00468968  0.00667997    0.0104884 -0.000837684   0.00119546   0.00381106    0.0748176 -0.000609834 -0.0731548   0.120528   -9.80799 
             10.8007 -1.12023  2.98447 -24.4151    2.46274   -0.69997 -0.0897309 0 0 0   -0.011 -0.02329  0.04412    0.0083868  -0.00331003 -0.000740984    0.0104066 -0.000855506   0.00127664  0.00384346   0.0760501 0.000184258 -0.0737124   0.121713   -9.80797 
             10.9007 -1.16231  3.02322 -24.3192    2.46022  -0.696268 -0.0913175 0 0 0   -0.011 -0.02329  0.04412 0.00415334 0.00584751  -0.003978    0.0104651 -0.000897322   0.00115869  0.00498508   0.0770912 0.000565029 -0.0732217   0.123226   -9.80795 
             11.0007 -1.19284  3.05999  -24.284    2.46062  -0.699075 -0.0923971 0 0 0   -0.011 -0.02329  0.04412   0.00739417 -0.000623247  -0.00545912    0.0105031 -0.000935727   0.00111059 0.00387685  0.0773019 0.00067346 -0.0742725   0.122869   -9.80795 
             11.1009 -1.10432  3.04901 -24.3906    2.46141  -0.697533 -0.0898641 0 0 0   -0.011 -0.02329  0.04412 0.00961936 0.00110389 0.00105207    0.0103884 -0.000920472   0.00123578  0.00455487   0.0772518 8.34571e-05 -0.0736586   0.123074   -9.80795 
             11.2018 -1.08256  3.02976 -24.3569    2.46379  -0.698034 -0.0896481 0 0 0   -0.011 -0.02329  0.04412    0.0149633 -0.000789663   0.00131302     0.010363 -0.000892752   0.00118863  0.00437773   0.0768284 3.64508e-05 -0.0736129   0.122619   -9.80796 
             11.3006  -1.2837  2.78056 -24.2543    2.46382  -0.699921 -0.0866638 0 0 0   -0.011 -0.02329  0.04412   0.0102346 0.000473587  0.00733365    0.0106076 -0.000590187   0.00106909   0.00378772     0.077331 -0.000522128 -0.0743436   0.122664   -9.80795 
             11.4006 -1.16642   2.9143 -24.3607     2.4639   -0.69719 -0.0858415 0 0 0   -0.011 -0.02329  0.04412 0.00984797 0.00633707 0.00750344    0.0104607 -0.000748187    0.0011906   0.00463738    0.0775707 -0.000494712 -0.0737278   0.123296   -9.80795 
             11.5007 -1.03816  2.94198 -24.3539   2.46342 -0.697001 -0.083756 0 0 0   -0.011 -0.02329  0.04412 0.00682284  0.0034957  0.0103475    0.0103056 -0.000778624    0.0011789   0.00461838    0.0780454 -0.000724402 -0.0739615   0.123653   -9.80794 
             11.6006 -1.11822  2.87087 -24.3618    2.46501  -0.699199 -0.0812749 0 0 0   -0.011 -0.02329  0.04412   0.00845567 -0.000609163    0.0138066    0.0103961 -0.000693479   0.00118542  0.00388347   0.0778448 -0.00103221 -0.0744917   0.123069   -9.80795 
             11.7007 -1.09708  2.94392 -24.3199    2.4633  -0.69574 -0.081932 0 0 0   -0.011 -0.02329  0.04412 0.00449079 0.00700011  0.0096975    0.0103721 -0.000774846   0.00112908   0.00481812    0.0785304 -0.000578316 -0.0740196   0.124186   -9.80793 
             11.8006 -1.02769  2.89825 -24.3064    2.46155  -0.698668 -0.0814222 0 0 0   -0.011 -0.02329  0.04412 -0.00144829 -0.00163899  0.00875527    0.0102876 -0.000718138   0.00111185   0.00378255    0.0792919 -0.000489744 -0.0752617   0.124324   -9.80792 
             11.9004 -0.907472   3.09609  -24.4105    2.46411  -0.701205 -0.0829047 0 0 0   -0.011 -0.02329  0.04412 0.00783321 -0.0109142 0.00357016     0.010141 -0.000947629   0.00122389   0.00313503    0.0786142 -0.000101572 -0.0755035   0.123483   -9.80793 
             12.0024 -1.10369  2.96684 -24.3401    2.46521  -0.703056 -0.0868823 0 0 0   -0.011 -0.02329  0.04412   0.035865 -0.0181919 -0.0129251   0.0103714 -0.00079629   0.0011418  0.00281708   0.0787317 0.000674998 -0.0758389   0.123538   -9.80793 
             12.1006  -1.1334  3.01573 -24.3149    2.46436  -0.703315 -0.0890886 0 0 0   -0.011 -0.02329  0.04412  0.0343958 -0.0187312 -0.0117905    0.0103622 -0.000875215   0.00116855 0.00315051  0.0801213 0.00104713 -0.0762086   0.124934   -9.80791 
             12.2005 -1.02098  3.00251 -24.4304    2.47173  -0.711377 -0.0895528 0 0 0   -0.011 -0.02329  0.04412    0.134016  -0.0875251 -0.00696941    0.0102203 -0.000886033   0.00124708   0.0022184   0.0802904 0.000973735 -0.0770821   0.124598   -9.80791 
             12.3006 -1.11171  2.75743 -24.3539    2.49842   -0.72473 -0.0894624 0 0 0   -0.011 -0.02329  0.04412   0.458411  -0.240329 -0.0204517    0.0104415 -0.000815641   0.00112247   0.0030615   0.0806607 0.000892263 -0.0765364   0.125322    -9.8079 
             12.4006 -0.661624  0.889425  -24.7337    2.55872  -0.755095 -0.0893708 0 0 0   -0.011 -0.02329  0.04412   0.731408  -0.342045 -0.0112652    0.0103189 -0.000871498   0.00121294  0.00325573   0.0812791 0.000390184 -0.0766575   0.125867   -9.80789 
             12.5007 -1.03868 0.894906 -25.1864   2.63863 -0.792732 -0.095888 0 0 0   -0.011 -0.02329  0.04412   0.823499  -0.421779 -0.0443914   0.0104177 -0.00109861    0.001137 0.00325891  0.0805974 0.00109032 -0.0763376   0.125378    -9.8079 
             12.6007 -1.54886 0.713161 -25.3832    2.72424  -0.835943 -0.0989061 0 0 0   -0.011 -0.02329  0.04412   0.867448  -0.437845 -0.0282845    0.0106326 -0.000928946  0.000839723  0.00308227   0.0801684 0.000942198 -0.0762918   0.124914   -9.80791 
             12.6995 -1.54036  1.18961 -26.3073   2.81796 -0.878824 -0.107021 0 0 0   -0.011 -0.02329  0.04412   0.890147  -0.445819 -0.0607589   0.0105397 -0.00116731  0.00129478 0.00371425  0.0783326 0.00161218 -0.0749204   0.123664   -9.80793 
              12.801 -1.54784  0.98001 -26.6637   2.91185 -0.915883 -0.111842 0 0 0   -0.011 -0.02329  0.04412   0.910783  -0.452039 -0.0542385   0.0105319 -0.00101103  0.00110763 0.00549197  0.0764649 0.00160214 -0.0725703   0.122866   -9.80796 
             12.9005 -1.58286  1.32161 -27.1981   3.00422 -0.956871 -0.118746 0 0 0   -0.011 -0.02329  0.04412   0.925813  -0.414593 -0.0707294   0.0104442 -0.00126502   0.0011026 0.00602154   0.076122 0.00193853 -0.0719683   0.122797   -9.80797 
             13.0006 -1.61795  1.48461 -27.5637   3.09262  -1.00557 -0.119261 0 0 0   -0.011 -0.02329  0.04412   0.965685  -0.491034 -0.0438296    0.010333 -0.00132574  0.00116696 0.00482335  0.0777029 0.00100728 -0.0736313   0.123732   -9.80794 
             13.1005 -1.50311  1.34075 -27.5111   3.17869  -1.04171 -0.120824 0 0 0   -0.011 -0.02329  0.04412   0.961056  -0.440986 -0.0505941   0.0104003 -0.00120895 0.000874933  0.00744228   0.0804819 0.000768055 -0.0723077   0.127343   -9.80791 
             13.2003  -1.2751  1.22635 -27.4144   3.26557  -1.08311 -0.127754 0 0 0   -0.011 -0.02329  0.04412   0.919292  -0.417322 -0.0477173   0.0103685 -0.00122991 0.000940092 0.00775782  0.0837287  0.0014346 -0.07318 0.130421 -9.80786 
             13.2998  -1.6033    1.402 -27.2719   3.35651  -1.12734 -0.134616 0 0 0   -0.011 -0.02329  0.04412   0.884502  -0.419821 -0.0550135   0.0105554 -0.00125015  0.00081862 0.00727478   0.083491 0.00171791 -0.0735493    0.13001   -9.80786 
             13.4003 -1.62122  1.48129 -27.4841   3.43263  -1.17222 -0.137953 0 0 0   -0.011 -0.02329  0.04412   0.849399  -0.436136 -0.0488141   0.0104424 -0.00128524 0.000913336 0.00600012  0.0871959 0.00148872 -0.0759208   0.132984    -9.8078 
             13.5006 -1.59429  1.52365 -27.6985   3.50892   -1.2144 -0.142821 0 0 0   -0.011 -0.02329  0.04412   0.805934  -0.409438 -0.0494712   0.0104447 -0.00143163 0.000961561 0.00596525  0.0892989 0.00162248 -0.0766324   0.134916   -9.80777 
             13.6005 -1.37212  1.62902 -27.9168    3.5904  -1.26233 -0.147685 0 0 0   -0.011 -0.02329  0.04412   0.856207  -0.458022 -0.0374403   0.0104153 -0.00157197  0.00105287 0.00419303    0.08995 0.00164952 -0.0784762   0.134899   -9.80776 
             13.7006 -1.59504  1.50156 -28.0826   3.67062  -1.30438 -0.151058 0 0 0   -0.011 -0.02329  0.04412    0.88942    -0.4284 -0.0449906   0.0105562 -0.00150661  0.00101523 0.00471035   0.092753 0.00173412 -0.0788765   0.137674   -9.80772 
             13.8016   -1.472  1.32522 -27.7605   3.75033  -1.34904 -0.149964 0 0 0   -0.011 -0.02329  0.04412  0.846619 -0.435355 -0.025371   0.0105289 -0.00130503 0.000951286  0.00417791   0.0960908 0.000939859 -0.0803738     0.1406   -9.80766 
             13.9006 -1.27844  1.38626 -27.4005   3.83433  -1.39307 -0.145073 0 0 0   -0.011 -0.02329  0.04412    0.834315   -0.324834 -0.00390696   0.0106396 -0.00124504 0.000982866   0.00236086    0.0963643 -0.000255499 -0.0821075   0.140252   -9.80765 
             14.0005 -0.65695  1.49145 -25.8668   3.90635  -1.42091 -0.145491 0 0 0   -0.011 -0.02329  0.04412   0.787337  -0.296503 -0.0039796   0.0104272 -0.00140241 0.000886797   0.00324045    0.0992045 -0.000263315 -0.082166  0.143182  -9.80761 
             14.0995 -0.776147   1.62332  -24.5998   3.98365  -1.45134 -0.152768 0 0 0   -0.011 -0.02329  0.04412    0.761735   -0.288345 -0.00177714   0.0104915 -0.00149075 0.000955724  0.00319817   0.0996507 0.000657347 -0.0823699   0.143569    -9.8076 
             14.2003 -0.536434   1.79545  -23.4622   4.05443  -1.47745 -0.157722 0 0 0   -0.011 -0.02329  0.04412   0.705031  -0.221049 -0.0356074  0.0103173 -0.0015279 0.00101571 0.00332168    0.10114 0.00118567 -0.0827819   0.144956   -9.80758 
             14.3004 -0.995649   1.94828  -22.0396   4.11688  -1.49322 -0.160962 0 0 0   -0.011 -0.02329  0.04412    0.41154  -0.138425 -0.0397523   0.0106469 -0.00146095 0.000996793  0.00383705    0.100037 0.000934522 -0.0818829   0.144192    -9.8076 
             14.4028 -1.52963  3.36794  -21.348   4.13377  -1.48966 -0.158308 0 0 0   -0.011 -0.02329  0.04412   0.226098 -0.0742688 0.00384302   0.0105914 -0.00164046 0.000953728  0.00688061    0.103256 0.000570844 -0.0806152   0.148252   -9.80755 
             14.5006 -1.35007  2.93537 -20.9928   4.15213  -1.49475 -0.163372 0 0 0   -0.011 -0.02329  0.04412    0.194393  -0.0413643 0.000431905   0.0107007 -0.00136489 0.000912214 0.00712202   0.103972 0.00133755 -0.0807827   0.148952   -9.80754 
             14.6005 -0.923135   2.94243  -20.8492 4.16582 -1.4949 -0.1638 0 0 0   -0.011 -0.02329  0.04412     0.129093  -0.00908868 -0.000318625   0.0104756 -0.00141678  0.00091214 0.00765277   0.104403 0.00131615 -0.0806203   0.149558   -9.80753 
             14.7006 -0.910569   2.88943  -20.8476   4.17286  -1.49768 -0.166649 0 0 0   -0.011 -0.02329  0.04412    0.066139  0.00129041 -0.00733951   0.0104839 -0.00139632 0.000979458 0.00742896   0.105039 0.00166332 -0.0812503   0.149842   -9.80752 
             14.8005 -0.881521   2.93224  -20.6677   4.17323  -1.49647 -0.168883 0 0 0   -0.011 -0.02329  0.04412  0.00832524    0.019577 -0.00796649   0.0104611 -0.00144902 0.000859667 0.00765361   0.105707 0.00191834 -0.0816399    0.15038   -9.80751 
             14.9005 -0.858344   3.02006  -20.7481   4.17256  -1.49262 -0.173692 0 0 0   -0.011 -0.02329  0.04412  0.0105716   0.023613 -0.0147851   0.0104174 -0.00152787 0.000935399 0.00784708   0.105823  0.0024639 -0.0816756   0.150653    -9.8075 
             15.0006 -0.680857   3.08014  -20.7773   4.16884   -1.4939 -0.174435 0 0 0   -0.011 -0.02329  0.04412   0.016756 0.00856784  -0.015715   0.0102454 -0.00162855 0.000951548  0.0078901    0.10668 0.00236149 -0.0823682   0.150987   -9.80749 
             15.1005 -0.63237  3.02126 -20.8329   4.16992  -1.49931 -0.173998 0 0 0   -0.011 -0.02329  0.04412   0.047225 -0.0186754 -0.0130215   0.0101913 -0.00156766 0.000990822  0.0075552   0.107187 0.00208308 -0.0828993   0.150814   -9.80749 
             15.2008 -0.647398   2.96262   -20.735   4.16689  -1.50093 -0.171183 0 0 0   -0.011 -0.02329  0.04412   0.0413414  -0.0251807 -0.00534461   0.0102172 -0.00151262 0.000886349 0.00826193   0.108273 0.00161449 -0.0834868   0.151662   -9.80747 
             15.3006 -0.681021   3.01642   -20.773  4.16919 -1.50334  -0.1725 0 0 0   -0.011 -0.02329  0.04412  0.0407361 -0.0275772 -0.0062374    0.010247 -0.00152987 0.000926271 0.00837612   0.108509 0.00174273 -0.0836607   0.151863   -9.80747 
             15.4006 -0.741532    3.0347  -20.7507   4.16941   -1.5016 -0.172209 0 0 0   -0.011 -0.02329  0.04412   0.0428012  -0.0237813 -0.00439338   0.0103078 -0.00154196 0.000905439 0.00905517   0.108829 0.00166187 -0.0836884   0.152552   -9.80746 
             15.5005 -0.815784   2.91456  -20.7238   4.16973  -1.50386 -0.172168 0 0 0   -0.011 -0.02329  0.04412   0.0498122  -0.0280352 -0.00336787   0.0103812 -0.00142388 0.000875632 0.00936513   0.109422 0.00163717 -0.0840638   0.153012   -9.80745 
             15.6006  -0.6143  2.96339 -20.8217    4.1741  -1.50568 -0.170197 0 0 0   -0.011 -0.02329  0.04412   0.0527499  -0.0342272 0.000732935   0.0101776 -0.00146168  0.00097099 0.0096111  0.109446 0.0013325 -0.0839675   0.153162   -9.80744 
             15.7005 -0.956998   2.93328  -20.8475   4.17254  -1.50568 -0.168912 0 0 0   -0.011 -0.02329  0.04412  0.0506368 -0.0273455 0.00288021   0.0104973 -0.00142476 0.000996358  0.0103245   0.110257 0.00124754 -0.0843682   0.154047   -9.80743 
             15.8011 -0.507832    2.9363  -20.7444   4.17157  -1.50662 -0.166735 0 0 0   -0.011 -0.02329  0.04412  0.0423812 -0.0348477 0.00596457   0.0100628 -0.00142144 0.000892163  0.0109628    0.11091 0.00106241 -0.0846491   0.154789   -9.80741 
             15.9006 -0.655867   2.89068  -20.8365   4.17467  -1.50787 -0.167495 0 0 0   -0.011 -0.02329  0.04412  0.0493503 -0.0346426 0.00314558   0.0102028 -0.00136775 0.000979382  0.0112131   0.110997 0.00126476 -0.0846439   0.155088   -9.80741 
             15.9994 -0.811048   2.88932  -20.8132    4.1703  -1.50868 -0.165833 0 0 0   -0.011 -0.02329  0.04412  0.0366157 -0.0311271  0.0056546   0.0103558 -0.00136031 0.000956331  0.0120267   0.112113 0.00118276 -0.0852326   0.156171   -9.80739 
             16.1005 -0.558255   2.89856  -20.7809   4.16864  -1.50576 -0.164308 0 0 0   -0.011 -0.02329  0.04412  0.0319651 -0.0287981 0.00715611   0.0101197 -0.00136056 0.000922946  0.0129687   0.112505 0.00113608 -0.0851822   0.157107   -9.80737 
             16.2006 -0.647046   2.73841  -20.8169   4.16895  -1.50671 -0.161961 0 0 0   -0.011 -0.02329  0.04412  0.0304978 -0.0283769  0.0102986   0.0102034 -0.00120301  0.00095907   0.0133455    0.112788 0.000966253 -0.0852528    0.15749   -9.80737 
             16.3005 -0.762331   2.87761  -20.8305   4.16963  -1.50891 -0.165144 0 0 0   -0.011 -0.02329  0.04412  0.0355828 -0.0301304 0.00228058    0.010312  -0.0013318 0.000968982  0.0134714   0.113136 0.00152951 -0.0855206   0.157853   -9.80736 
             16.4005 -0.71973  2.91074 -20.8622  4.16919 -1.51012 -0.16837 0 0 0   -0.011 -0.02329  0.04412   0.0358601  -0.0307597 -0.00476321    0.010269 -0.00135831 0.000998688  0.0138184   0.113596 0.00201632 -0.0857851   0.158421   -9.80735 
             16.5005 -0.927652   2.87879  -20.7887   4.16887  -1.50951 -0.169725 0 0 0   -0.011 -0.02329  0.04412   0.0371736  -0.0232798 -0.00660651   0.0104685 -0.00132034 0.000931288  0.014338  0.113986 0.0021815 -0.0859043   0.159034   -9.80733 
             16.6005 -0.802407    2.8063  -20.7807   4.16786  -1.50882 -0.170108 0 0 0   -0.011 -0.02329  0.04412   0.0330967  -0.0207654 -0.00610696   0.0103457 -0.00124522 0.000923783   0.014897   0.114437 0.00220584 -0.0860499   0.159669   -9.80732 
             16.7002 -0.796419    2.9991  -20.8567   4.16946  -1.50965 -0.170409 0 0 0   -0.011 -0.02329  0.04412   0.0407909  -0.0229075 -0.00543081   0.0103382 -0.00142091 0.000990961    0.01518   0.114665 0.00218797 -0.0861221   0.159983   -9.80732 
             16.8018 -0.789707   2.92954  -20.7703   4.16761  -1.50653 -0.172213 0 0 0   -0.011 -0.02329  0.04412   0.0357056  -0.0167839 -0.00850581    0.010335 -0.00135145 0.000910998  0.0159658   0.115166 0.00241774 -0.0862339   0.160863    -9.8073 
             16.9005 -0.823865   2.91731  -20.8265    4.1687  -1.51141 -0.171548 0 0 0   -0.011 -0.02329  0.04412  0.0386217 -0.0247383 -0.0058385   0.0103579  -0.0013373 0.000961579  0.0158767   0.115645 0.00223873 -0.0866471   0.160922    -9.8073 
             17.0004 -0.895198   2.92495  -20.8334   4.16682   -1.5126 -0.174151 0 0 0   -0.011 -0.02329  0.04412   0.035263 -0.0231405 -0.0100853   0.0104209 -0.00134043 0.000969204 0.0162751  0.116326 0.0025412 -0.0870705   0.161553   -9.80728 
             17.1006 -0.912566   2.90917  -20.7135    4.1687  -1.50495 -0.172014 0 0 0   -0.011 -0.02329  0.04412   0.0404986 -0.00546131 -0.00427259   0.0104415 -0.00131937  0.00085702 0.0173127  0.116149 0.0022026 -0.0864944   0.162289   -9.80728 
             17.2005 -0.743647   2.90161  -20.7553   4.17046  -1.50357 -0.172729 0 0 0   -0.011 -0.02329  0.04412   0.0431447 -0.00690068 -0.00502498   0.0102791 -0.00130958 0.000893187  0.0176534   0.116352 0.00226738 -0.0865342   0.162656   -9.80727 
             17.3006 -0.652179   2.95244  -20.7677   4.16816  -1.49898 -0.171316 0 0 0   -0.011 -0.02329  0.04412   0.0358534 -0.00289459 -0.00161938   0.0101902 -0.00135154 0.000905215  0.0185509   0.116916 0.00210658 -0.0866381   0.163564   -9.80725 
             17.4004 -0.709399   3.00995  -20.7311   4.1673 -1.49645 -0.16977 0 0 0   -0.011 -0.02329  0.04412   0.0350676 -0.00062201   0.0011895   0.0102444 -0.00140009 0.000871028  0.0191012   0.117356 0.00194674 -0.0867764   0.164139   -9.80724 
             17.5005 -0.807926    2.9315  -20.7119   4.16863  -1.49823 -0.169975 0 0 0   -0.011 -0.02329  0.04412   0.0387401 -0.00545329 0.000471246   0.0103405 -0.00132117 0.000855042   0.019092   0.117718 0.00200369 -0.087081  0.164262  -9.80724 
             17.6004 -0.747717   2.97605  -20.8283   4.16958  -1.50244 -0.171409 0 0 0   -0.011 -0.02329  0.04412   0.041615 -0.0169025 -0.0025309   0.0102804 -0.00135769 0.000958489  0.0189757   0.118236 0.00219464 -0.0875659    0.16437   -9.80723 
             17.7005 -0.751389   2.94386  -20.7873   4.16798  -1.50243 -0.171784 0 0 0   -0.011 -0.02329  0.04412   0.0364073  -0.0167444 -0.00292035   0.0102799 -0.00132204 0.000917645  0.0194423   0.118841 0.00226638 -0.0878994   0.164968   -9.80722 
             17.8005 -0.88556   2.8982 -20.7582   4.16722  -1.50187 -0.172922 0 0 0   -0.011 -0.02329  0.04412  0.0349574 -0.0126292 -0.0044068   0.0103996 -0.00127319 0.000889587 0.0198447  0.119286 0.0024193 -0.0881335   0.165479   -9.80721 
             17.9005 -0.907153   2.95926  -20.7623  4.16504 -1.50419 -0.17387 0 0 0   -0.011 -0.02329  0.04412   0.0310779  -0.0158015 -0.00547074   0.0104143 -0.00132416 0.000891001  0.0200843   0.120011 0.00252227 -0.0886488   0.165931    -9.8072 
             18.0005 -0.631964   2.98639  -20.7459   4.16439  -1.50204 -0.173233 0 0 0   -0.011 -0.02329  0.04412   0.0301647  -0.0168113 -0.00334956   0.0101628 -0.00134407 0.000876069 0.0206911  0.120278 0.0024295 -0.0886404   0.166503   -9.80719 
             18.1017 -0.756145   2.97924  -20.6811   4.16462  -1.49635 -0.170973 0 0 0   -0.011 -0.02329  0.04412   0.0324783 -0.00588292  0.00160335   0.0102752 -0.00133136 0.000817028  0.0215021   0.120322 0.00217657 -0.0883648   0.167144   -9.80718 
             18.2009 -0.702453   2.96029  -20.6953   4.16536   -1.4987 -0.170003 0 0 0   -0.011 -0.02329  0.04412  0.0342638 -0.0136417 0.00290253   0.0102246 -0.00130931 0.000828407  0.0215509   0.120691 0.00209617 -0.0886405   0.167283   -9.80717 
             18.3003 -0.911163   2.86318  -20.6943   4.16715  -1.49899 -0.169831 0 0 0   -0.011 -0.02329  0.04412  0.0380523 -0.0101358 0.00282748   0.0104079 -0.00122218 0.000829665  0.0217223   0.120885 0.00213159 -0.0887428   0.167492   -9.80717 
             18.4021 -0.911129   2.85859  -20.7372   4.16635  -1.50053 -0.168126 0 0 0   -0.011 -0.02329  0.04412   0.034397 -0.0122008 0.00569155   0.0104031  -0.0012131 0.000868638  0.0219691   0.121423 0.00199714 -0.0890858   0.167831   -9.80716 
             18.5004 -0.817259   2.80773  -20.7346   4.16506  -1.50428 -0.168859 0 0 0   -0.011 -0.02329  0.04412  0.0291803 -0.0192295 0.00308577   0.0103169  -0.0011637 0.000866322  0.0220271   0.122044 0.00217282 -0.0895909   0.168097   -9.80715 
             18.6005 -0.996344   2.83456  -20.8294   4.16398  -1.50509 -0.169955 0 0 0   -0.011 -0.02329  0.04412   0.0283813  -0.0153827 0.000414748   0.0104679 -0.00118563 0.000947988  0.0223006   0.122473 0.00236684 -0.0898706   0.168488   -9.80714 
             18.7004 -0.797841   2.92089  -20.7163   4.16689  -1.50365 -0.169345 0 0 0   -0.011 -0.02329  0.04412  0.0365373 -0.0149566 0.00105389   0.0102969  -0.0012565 0.000846152  0.0225933   0.122372 0.00231089 -0.0896847   0.168693   -9.80714 
             18.8004 -0.899227   2.85534  -20.7917   4.16859  -1.50773 -0.168787 0 0 0   -0.011 -0.02329  0.04412  0.0391122 -0.0196605 0.00187975   0.0103809 -0.00119441 0.000912879  0.0225207   0.122725 0.00226646 -0.0899917   0.168727   -9.80714 
             18.9005 -0.941998   2.91069  -20.7827   4.16732  -1.50908 -0.170488 0 0 0   -0.011 -0.02329  0.04412   0.0357953  -0.0189539 -0.00168946   0.0104157 -0.00123739 0.000903911  0.0228258   0.123275 0.00252572 -0.0903644   0.169187   -9.80712 
             19.0005 -0.980647    2.8661  -20.8599   4.16717  -1.50621 -0.170859 0 0 0   -0.011 -0.02329  0.04412   0.0636958  -0.0518953 0.000117608   0.0104433  -0.0011958 0.000971925  0.0234226   0.123529 0.00259753 -0.0903803    0.16977   -9.80711 
             19.1014 -0.891645   2.82611  -20.7512   4.17288  -1.50646 -0.169395 0 0 0   -0.011 -0.02329  0.04412  0.0520923 -0.0322954  0.0129891   0.0102873 -0.00126136 0.000884415  0.0237982   0.123559 0.00249686 -0.0902672   0.170075   -9.80711 
             19.2023 -1.11318  3.08951 -20.7345   4.16792  -1.50568 -0.168865 0 0 0   -0.011 -0.02329  0.04412 -0.0674243  0.0256726  0.0149351   0.0103906 -0.00134665  0.00087699 0.0242793  0.124219 0.0025906 -0.0906483   0.170686    -9.8071 
             19.3021  -1.1983  3.21975 -20.7971   4.14065  -1.49533 -0.168221 0 0 0   -0.011 -0.02329  0.04412  -0.407374   0.173655 0.00784942   0.0104649 -0.00129274 0.000881208  0.0247785    0.12494 0.00275028 -0.0910805   0.171339   -9.80708 
             19.4004 -1.26408  4.06871 -20.4171   4.08265  -1.46787 -0.165765 0 0 0   -0.011 -0.02329  0.04412 -0.630055  0.291917 0.0325998   0.0104366 -0.00127268 0.000837012  0.0254213   0.125281 0.00271091 -0.091133  0.171965  -9.80707 
             19.5006 -1.10056  3.73932   -19.72    4.0144   -1.4331 -0.164779 0 0 0   -0.011 -0.02329  0.04412 -0.707589  0.325495 0.0168922   0.0102887 -0.00117247 0.000840893  0.0257557   0.125252 0.00300041 -0.0910482   0.172287   -9.80706 
             19.6004 -1.08645    3.706  -18.276   3.93474  -1.39511 -0.164516 0 0 0   -0.011 -0.02329  0.04412 -0.818032  0.341787 0.0117816   0.0103152 -0.00114469 0.000734695  0.026425  0.125501 0.0032402 -0.091107  0.172944  -9.80705 
             19.7005 -0.984445   3.97111  -16.5965   3.84482   -1.3611 -0.160033 0 0 0   -0.011 -0.02329  0.04412 -0.866076  0.303806 0.0377842   0.0104028 -0.00116772  0.00060524  0.0269608    0.12593 0.00306794 -0.091324  0.173382  -9.80704 
             19.8005 -0.465824   3.77055  -15.4561   3.75785  -1.32884 -0.155065 0 0 0   -0.011 -0.02329  0.04412 -0.922276  0.325623 0.0496568   0.0101302 -0.00110374 0.000695353  0.0270061   0.125829 0.00284539 -0.091156  0.173379  -9.80704 
             19.9005 -0.886012   4.11198  -14.3538  3.66657 -1.30521 -0.15524 0 0 0   -0.011 -0.02329  0.04412 -0.935836  0.266659 0.0540421   0.0104448  -0.0011943 0.000649202  0.0264175   0.125981 0.00337218 -0.0913686   0.173067   -9.80705 
             20.0011 -0.596897   3.91688  -14.0502   3.57515  -1.28151 -0.151841 0 0 0   -0.011 -0.02329  0.04412  -0.889162   0.222629 0.00983317   0.0101959  -0.0011593 0.000764203 0.0262405  0.126056 0.0033679 -0.0913138   0.172977   -9.80705 
             20.1004 -0.534497   3.58557  -13.7208   3.48816  -1.26391 -0.146101 0 0 0   -0.011 -0.02329  0.04412 -0.808615  0.227563 0.0396375   0.0103466 -0.00107369 0.000831746   0.026429   0.126404 0.00315103 -0.0913435   0.172541   -9.80706 
             20.2004 0.0126347   3.42722  -12.7138   3.41213  -1.23599 -0.141038 0 0 0   -0.011 -0.02329  0.04412 -0.808127  0.236208 0.0490436   0.0102263 -0.00108841 0.000857752  0.0261606   0.126166 0.00294858 -0.0912319   0.173045   -9.80705 
             20.3005 0.236867  3.91722 -11.7801   3.32576  -1.22212 -0.134778 0 0 0   -0.011 -0.02329  0.04412 -0.890158  0.137365 0.0554526   0.0100322 -0.00111803  0.00093608  0.0265106   0.126552 0.00272126 -0.0909547   0.172565   -9.80706 
                20.4 -0.509209   3.76505  -11.3622   3.23008  -1.20665 -0.134032 0 0 0   -0.011 -0.02329  0.04412 -0.949399  0.163719 0.0240027   0.0103108 -0.00104971 0.000841937  0.0268149   0.126184 0.00326302 -0.0913751   0.172149   -9.80706 
             20.5005 -0.296033   3.81366   -11.565  3.12471 -1.18877 -0.13084 0 0 0   -0.011 -0.02329  0.04412 -0.962313  0.160742  0.050659    0.0103274 -0.000985347  0.000859588 0.0279183  0.125084 0.0034002 -0.0920653   0.170947   -9.80708 
             20.6004 -0.159522   3.77528  -11.5946   3.02386  -1.15901 -0.125147 0 0 0   -0.011 -0.02329  0.04412 -0.962009  0.176889 0.0478604    0.0103173 -0.000946003   0.00077563  0.0275688   0.123741 0.00320321 -0.0932482   0.171086   -9.80706 
             20.7005 -0.430174   3.85786  -11.6668   2.92579  -1.13678 -0.118288 0 0 0   -0.011 -0.02329  0.04412 -0.964653  0.199757 0.0530561    0.0104638 -0.000894101  0.000750549  0.0276051   0.123419 0.00303971 -0.093472  0.170994  -9.80706 
             20.8005 -0.683489   3.77432    -11.88   2.82696  -1.11047 -0.112898 0 0 0   -0.011 -0.02329  0.04412 -0.909393  0.187508  0.022129    0.0104123 -0.000877373   0.00079127  0.0272755   0.122306 0.00294133 -0.0945078   0.170936   -9.80706 
             20.9005 -0.284278   3.57701  -12.2468   2.73996  -1.09528 -0.112091 0 0 0   -0.011 -0.02329  0.04412 -0.817584  0.113412  0.030448    0.0102867 -0.000921093  0.000862312  0.0270288   0.122042 0.00330372 -0.0948889   0.170989   -9.80705 
             21.0004 -0.199539   3.59745  -13.7702     2.66 -1.07895 -0.11787 0 0 0   -0.011 -0.02329  0.04412  -0.732892   0.141068 0.00613341   0.0102304 -0.00100064 0.000882424  0.0269008   0.121579 0.00421506 -0.0954769   0.170755   -9.80705 
             21.1005 -0.665772   3.53701  -15.1811   2.59046  -1.06874 -0.113544 0 0 0   -0.011 -0.02329  0.04412 -0.687689   0.16737 0.0202813    0.0103744 -0.000866673  0.000806014  0.0272315   0.122305 0.00390132 -0.0946848   0.170784   -9.80706 
             21.2006 -0.765571   3.34138  -16.8197   2.51442  -1.05832 -0.104017 0 0 0   -0.011 -0.02329  0.04412  -0.77692  0.166086 0.0416463    0.0103618 -0.000740854  0.000857304  0.0286906   0.122377 0.00318702 -0.0940648   0.169634   -9.80708 
             21.3006  -1.1445  3.65312 -18.6641  2.41917 -1.03723 -0.10143 0 0 0   -0.011 -0.02329  0.04412 -0.896137  0.281882 0.0495189    0.0103131 -0.000779057  0.000863993  0.0299512   0.121526 0.00334315 -0.0946822   0.168311    -9.8071 
             21.4003 -1.10816  3.50592 -19.6635    2.32515   -1.01051 -0.0953173 0 0 0   -0.011 -0.02329  0.04412 -0.947404  0.273278 0.0418552     0.010304 -0.000789572  0.000839492  0.0301587   0.121403 0.00319338 -0.0947806    0.16816    -9.8071 
             21.5003 -1.16208  3.32194 -20.4665    2.23113  -0.978036 -0.0926126 0 0 0   -0.011 -0.02329  0.04412 -0.964575  0.323914 0.0544909    0.0104136 -0.000646514  0.000788277  0.0300011   0.121269 0.00338704 -0.0948626   0.168291    -9.8071 
             21.6005 -1.29295  3.24743  -21.392     2.1343  -0.942361 -0.0915183 0 0 0   -0.011 -0.02329  0.04412 -0.964425  0.338146 0.0506038    0.0103848 -0.000654405  0.000814314  0.0299908   0.121057 0.00375096 -0.0950591   0.168436   -9.80709 
             21.7004 -1.24266   3.1286 -22.3871    2.03356  -0.908253 -0.0877086 0 0 0   -0.011 -0.02329  0.04412 -0.984906  0.369242 0.0377848    0.0102914 -0.000603191  0.000862391  0.0301538   0.121269 0.00368528 -0.0952575   0.168478   -9.80709 
             21.8006   -1.141  2.87541 -23.2871    1.93932  -0.877566 -0.0897214 0 0 0   -0.011 -0.02329  0.04412 -0.965773  0.342279 0.0214528   0.0102453 -0.00062031 0.000931796  0.0296424   0.121338 0.00429118 -0.0954368   0.168172   -9.80709 
             21.9014 -1.11855  2.87539 -24.0238    1.84398  -0.844318 -0.0943282 0 0 0   -0.011 -0.02329  0.04412 -0.957862  0.377339  0.015413    0.0103289 -0.000690797  0.000936654  0.0291814   0.121531 0.00501034 -0.0958558   0.168056   -9.80709 
             22.0003  -1.1928  2.64101 -24.8617    1.74853  -0.806658 -0.0878585 0 0 0   -0.011 -0.02329  0.04412 -0.896115  0.349075  0.016768    0.0103256 -0.000581734  0.000945799  0.0295401   0.121776 0.00436427 -0.0957349   0.168351   -9.80709 
             22.1004 -0.982773   2.84665   -25.749     1.6663  -0.767209 -0.0846948 0 0 0   -0.011 -0.02329  0.04412 -0.818151  0.377311 0.0145834   0.0102169 -0.00077301  0.00091707   0.030171   0.121115 0.00415426 -0.0949163   0.168134    -9.8071 
             22.2003 -1.00502  2.62464 -26.5775    1.59391  -0.736179 -0.0822552 0 0 0   -0.011 -0.02329  0.04412 -0.674604  0.263652 0.0301522    0.0102351 -0.000610176    0.0010368  0.0298632   0.120349 0.00404838 -0.094831  0.167334  -9.80711 
             22.3004 -0.764174   2.06284  -26.7304    1.53834   -0.71065 -0.0768709 0 0 0   -0.011 -0.02329  0.04412 -0.300539  0.153715 0.0412316    0.0103315 -0.000493609  0.000667499  0.0309113   0.121288 0.00398379 -0.0942602   0.168547    -9.8071 
             22.4004 -0.0711096   0.615148   -26.9257    1.52064  -0.699539 -0.0823137 0 0 0   -0.011 -0.02329  0.04412 -0.0579213  0.0585473 -0.0147082    0.0105108 -0.000499521  0.000588886  0.0308769   0.121892 0.00481381 -0.0944706   0.169133   -9.80709 
             22.5019 -0.262334  0.971398  -27.0596    1.52524  -0.701667 -0.0829808 0 0 0   -0.011 -0.02329  0.04412   0.0322654 -0.00395459 -0.00112862    0.0103924 -0.000670803  0.000687792  0.0300474   0.120884 0.00477039 -0.0949716   0.167974    -9.8071 
             22.6004 -0.216963   1.13247  -27.0541    1.52994  -0.703722 -0.0814132 0 0 0   -0.011 -0.02329  0.04412 0.00614627  0.0127862 0.00309705    0.0103134 -0.000671796  0.000692068 0.0295052  0.120234 0.0045018 -0.0953354   0.167238   -9.80711 
             22.7011 -0.142391   1.29423  -27.0188    1.53454  -0.705153 -0.0810461 0 0 0   -0.011 -0.02329  0.04412 -0.0156401  0.0200187 0.00124871   0.0102751 -0.00073259 0.000685891   0.028902   0.119052 0.00442831 -0.0956498   0.165987   -9.80713 
             22.8018 -0.189013   1.03657  -26.9305    1.53268  -0.705371 -0.0790175 0 0 0   -0.011 -0.02329  0.04412 -0.029391 0.0225424 0.0071721    0.0103089 -0.000510246  0.000608873  0.0282415   0.118853 0.00420613 -0.0962459   0.165669   -9.80713 
             22.9004 0.0066606   1.32686  -26.9769    1.52818  -0.704397 -0.0782275 0 0 0   -0.011 -0.02329  0.04412 -0.0277317  0.0130534 0.00717981    0.0101601 -0.000739146  0.000648129  0.0279802   0.119283 0.00419962 -0.0965788   0.166017   -9.80712 
             23.0003 -0.257712   1.26572  -26.9916    1.52927  -0.704154 -0.0767963 0 0 0   -0.011 -0.02329  0.04412 -0.00941781   0.0102076  0.00893769   0.0103587 -0.00069423 0.000648777  0.0277732   0.118529 0.00408505 -0.0966356   0.165272   -9.80713 
             23.1004 -0.0637808   0.992604   -26.9427   1.53356 -0.704233 -0.076491 0 0 0   -0.011 -0.02329  0.04412 -0.00412494  0.00893892  0.00712888    0.0102037 -0.000476427  0.000610989  0.0277297   0.117271 0.00411573 -0.0964256   0.164067   -9.80715 
             23.2003 -0.233397   1.27692  -26.9312    1.53391  -0.704613 -0.0765205 0 0 0   -0.011 -0.02329  0.04412 -0.00417762   0.0100341  0.00529009    0.0103368 -0.000694632  0.000603489  0.0274165   0.117161 0.00417137 -0.0966938   0.163881   -9.80715 
             23.3007 -0.0817029    1.29529   -26.9294    1.53314  -0.699221 -0.0786484 0 0 0   -0.011 -0.02329  0.04412  -0.00589913     0.019357 -0.000685582    0.0102223 -0.000705196  0.000603645  0.0285365   0.117274 0.00450485 -0.0956295   0.164209   -9.80716 
             23.4004 -0.101062  0.930591  -26.9482    1.53165  -0.700291 -0.0755262 0 0 0   -0.011 -0.02329  0.04412 -0.0149172  0.0150855 0.00619103    0.0102346 -0.000422045  0.000620106  0.0276817    0.11728 0.00412978 -0.0964718   0.164061   -9.80715 
             23.5004 -0.129429   1.21165   -26.968    1.52847  -0.701145 -0.0790569 0 0 0   -0.011 -0.02329  0.04412  -0.0188053   0.0107144 -0.00269529    0.0102535 -0.000641306  0.000637896 0.0272124   0.11776 0.0045498 -0.0969688   0.164331   -9.80714 
             23.6004 -0.199565     1.239  -26.9531    1.52751  -0.700326 -0.0802783 0 0 0   -0.011 -0.02329  0.04412 -0.0173891  0.0126788 -0.0049806    0.0103069 -0.000661115  0.000625199  0.0271657   0.117584 0.00464065 -0.0969659    0.16414   -9.80715 
             23.7004 -0.213643   1.01118  -26.9282    1.53268  -0.704744 -0.0778489 0 0 0   -0.011 -0.02329  0.04412 -0.00765495  0.00407858  0.00149171    0.0103165 -0.000486625  0.000605778   0.025919   0.115974 0.00424291 -0.0978305   0.162373   -9.80717 
             23.8004 -0.172906   1.27061  -27.1155    1.52945  -0.707473 -0.0811432 0 0 0   -0.011 -0.02329  0.04412  -0.0127141  -0.0025145 -0.00613236    0.0102821 -0.000685665  0.000747927  0.0252711   0.116592 0.00458533 -0.0985337   0.162736   -9.80715 
             23.9003 -0.246425   1.16081  -27.1376    1.52485  -0.708364 -0.0829639 0 0 0   -0.011 -0.02329  0.04412   -0.0223833 -0.000289207  -0.00875289    0.0103362 -0.000598956   0.00076537  0.0250098   0.117265 0.00471046 -0.0989104   0.163283   -9.80714 
             24.0005 -0.256914   1.21126  -27.0102    1.52667  -0.707426 -0.0830495 0 0 0   -0.011 -0.02329  0.04412  -0.0139379  0.00429547 -0.00743794    0.0103444 -0.000635413  0.000670331   0.025286   0.116417 0.00462309 -0.0984782   0.162569   -9.80716 
             24.1004 -0.287801   1.32649  -27.1071    1.5244 -0.707853 -0.085706 0 0 0   -0.011 -0.02329  0.04412 -0.0139684 0.00454718 -0.0114536   0.0103635 -0.00072273 0.000743583  0.0250948   0.116672 0.00481053 -0.0986933   0.162733   -9.80715 
             24.2004 -0.25668   1.3693 -27.0573    1.52275  -0.707279 -0.0865852 0 0 0   -0.011 -0.02329  0.04412 -0.0131117 0.00559889 -0.0109334    0.0103375 -0.000755135  0.000705267 0.0250977   0.11674 0.0047853 -0.0987076   0.162801   -9.80715 
             24.3004 -0.290783   1.30944  -26.9532   1.52411 -0.705569  -0.08661 0 0 0   -0.011 -0.02329  0.04412 -0.00658158   0.0108108  -0.0088443     0.010365 -0.000707355  0.000626718  0.0253486   0.116193 0.00467592 -0.0983661   0.162365   -9.80716 
             24.4006 -0.332137   1.15436  -27.1565    1.52733  -0.710287 -0.0867725 0 0 0   -0.011 -0.02329  0.04412 -0.000500259   0.00248463  -0.00747096    0.0103918 -0.000589169  0.000782726  0.0241164   0.115367 0.00453407 -0.0993517   0.161301   -9.80717 
             24.5017 -0.160352   1.19085  -27.1003    1.52448   -0.71059 -0.0834002 0 0 0   -0.011 -0.02329  0.04412  -0.00874181 -4.68713e-06  0.000879505    0.0102618 -0.000615487  0.000739228 0.0238639  0.115848 0.0041214 -0.0997278   0.161744   -9.80716 
             24.6019 -0.0215391    1.30849   -27.1508    1.52525  -0.708289 -0.0840927 0 0 0   -0.011 -0.02329  0.04412 -0.00530964  0.00279791 -0.00110711   0.0101565 -0.00070174  0.00077535   0.024482    0.11553 0.00421906 -0.0990741   0.161587   -9.80717 
             24.7003 -0.395126   1.05159  -27.0511    1.52755  -0.709407 -0.0811238 0 0 0   -0.011 -0.02329  0.04412 -0.00147103  0.00768153  0.00554423    0.0104406 -0.000504555  0.000700783   0.024014   0.114881 0.00386818 -0.0994027   0.160909   -9.80718 
             24.8004 -0.312249   1.34981  -26.9941    1.52638  -0.707638 -0.0819847 0 0 0   -0.011 -0.02329  0.04412 -0.000445015    0.0107757   0.00244203    0.0103774 -0.000729392  0.000656416  0.0242423   0.115171 0.00402488 -0.099238  0.161218  -9.80717 
             24.9004 -0.290655   1.32451  -26.9617    1.52385  -0.704163 -0.0840897 0 0 0   -0.011 -0.02329  0.04412 -0.00468189   0.0183036 -0.00255161    0.0103629 -0.000707744  0.000632489  0.0247107   0.115694 0.00428942 -0.0988902   0.161789   -9.80717 
             25.0003 -0.41626 0.936632 -27.0832    1.53012  -0.706908 -0.0816654 0 0 0   -0.011 -0.02329  0.04412 0.00426206  0.0165761 0.00307767    0.0104561 -0.000415332  0.000727379  0.0237211   0.114233 0.00395075 -0.099525  0.160217  -9.80719 
             25.1003 -0.244347   1.29419  -27.0643    1.53001  -0.705466 -0.0839485 0 0 0   -0.011 -0.02329  0.04412   0.0058729   0.0156865 -0.00248334     0.010325 -0.000687585  0.000713995  0.0237623   0.114434 0.00420995 -0.0995079   0.160381   -9.80718 
              25.201 -0.175426   1.28836  -27.0928    1.53275  -0.707461 -0.0818876 0 0 0   -0.011 -0.02329  0.04412 0.00982839 0.00758657 0.00202048    0.0102722 -0.000684086  0.000735942  0.0230267   0.113979 0.00394444 -0.100115  0.159804  -9.80719 
             25.3004 -0.407422   1.20895  -27.1763    1.53179  -0.709363 -0.0820642 0 0 0   -0.011 -0.02329  0.04412 0.00645121 0.00747648 0.00123673    0.0104428 -0.000623823  0.000799448  0.0223221   0.114368 0.00395549 -0.100854  0.159986  -9.80718 
             25.4003 -0.17194  1.36073 -27.0798    1.53079  -0.707977 -0.0803969 0 0 0   -0.011 -0.02329  0.04412 0.00393761 0.00662747 0.00401956    0.0102668 -0.000735704  0.000724993  0.0224435   0.114673 0.00381796 -0.100821   0.16032  -9.80717 
             25.5003 -0.155731   1.31087  -27.1424    1.52888  -0.706012 -0.0788981 0 0 0   -0.011 -0.02329  0.04412 -0.00125882  0.00949618  0.00594906    0.0102524 -0.000696579  0.000772925  0.0226287   0.115087 0.00372242 -0.100748  0.160766  -9.80716 
             25.6007 -0.259241   1.33928  -27.0528    1.52811   -0.70674 -0.0804234 0 0 0   -0.011 -0.02329  0.04412 -0.000755821   0.00854649   0.00128386      0.01033 -0.000717288  0.000705659 0.0222647  0.115251  0.003917 -0.101105    0.1608  -9.80716 
             25.7003 -0.12181  1.22035 -27.1765     1.5299  -0.710251 -0.0782817 0 0 0   -0.011 -0.02329  0.04412 2.00497e-05 -0.00126631   0.0052165    0.0102229 -0.000628883   0.00079851  0.0214049   0.114822 0.00368329 -0.101829  0.160211  -9.80716 
             25.8003 -0.102661   1.27494  -27.0231    1.52801  -0.708837 -0.0769323 0 0 0   -0.011 -0.02329  0.04412 -0.00436755  0.00129545  0.00697503    0.0102109 -0.000667131  0.000683277  0.0216644   0.115166 0.00361711 -0.101671  0.160606  -9.80716 
             25.9004 -0.306962   1.27115  -27.0709    1.5282 -0.710248 -0.080515 0 0 0   -0.011 -0.02329  0.04412  -0.0015773   0.0023263 -0.00207106    0.0103588 -0.000663868  0.000718933  0.0213761   0.115119 0.00402174 -0.101889  0.160437  -9.80716 
             26.0003 -0.436386   1.06758  -27.0824     1.5317  -0.711042 -0.0796805 0 0 0   -0.011 -0.02329  0.04412   0.0043726  0.00743288 0.000148215     0.010451 -0.000512732  0.000726482  0.0211288   0.114369 0.00389339 -0.101963  0.159692  -9.80717 
             26.1004 -0.156073   1.32368  -26.9694    1.52529  -0.707331 -0.0839407 0 0 0   -0.011 -0.02329  0.04412 -0.00872402   0.0122204 -0.00915378    0.0102441 -0.000701716  0.000640842  0.0217247    0.11572 0.00436453 -0.101669  0.161041  -9.80715 
             26.2003 0.0287041   1.25034  -27.0912    1.52791  -0.704033 -0.0818134 0 0 0   -0.011 -0.02329  0.04412 -0.00410142   0.0141095 -0.00317092    0.0101062 -0.000645944  0.000728666  0.0222202   0.114972 0.00407842 -0.10107 0.160513 -9.80717 
             26.3003 -0.493241   1.05721  -27.0069    1.52866  -0.707251 -0.0839919 0 0 0   -0.011 -0.02329  0.04412 -0.00266201   0.0146285 -0.00690524    0.0104924 -0.000502611  0.000666005  0.0211748   0.114783 0.00420234 -0.10198 0.160047 -9.80716 
             26.4003 -0.169081    1.2936  -27.0378   1.52879 -0.706388 -0.087449 0 0 0   -0.011 -0.02329  0.04412  0.0292261 0.00908486 -0.0157312    0.0102519 -0.000676608  0.000687749  0.0212136   0.114781 0.00447902 -0.101917  0.160018  -9.80717 
             26.5003 -0.184994   1.19096  -27.0142    1.53342  -0.705431 -0.0861078 0 0 0   -0.011 -0.02329  0.04412  0.0127612 0.00611218 -0.0109867    0.0102796 -0.000681556  0.000683187  0.0212825   0.114261 0.00424221 -0.101757  0.159588  -9.80717 
             26.6003 -0.41499  1.35722 -27.0089    1.53493  -0.705228 -0.0868672 0 0 0   -0.011 -0.02329  0.04412  -0.0520629   0.0741904 -0.00728414    0.0104366 -0.000688386  0.000684825  0.0206645    0.11379 0.00421938 -0.102219  0.158991  -9.80718 
             26.7006 -0.296298   1.56781  -27.0407    1.51399  -0.694995 -0.0831755 0 0 0   -0.011 -0.02329  0.04412 -0.433822   0.22397  0.034434    0.0102054 -0.000721081  0.000699598  0.0200153   0.114047 0.00382987 -0.102914  0.159107  -9.80717 
             26.8028 -0.901609    4.0239  -27.5988    1.45471  -0.660768 -0.0741916 0 0 0   -0.011 -0.02329  0.04412 -0.803714  0.386805  0.033559    0.0101543 -0.000666791   0.00084083  0.0208029   0.113564 0.00339679 -0.102117  0.158927  -9.80718 
             26.9003 -1.20769  4.14811 -28.4092    1.36154   -0.61705 -0.0619143 0 0 0   -0.011 -0.02329  0.04412 -0.986621  0.487699 0.0446679    0.0103143 -0.000297441   0.00085142  0.0204108   0.114078 0.00241551 -0.102676  0.159376  -9.80717 
             27.0003 -0.820526   4.14271  -29.5408    1.25851  -0.565079 -0.0553903 0 0 0   -0.011 -0.02329  0.04412  -1.04808  0.542143 0.0536581    0.0101741 -0.000266867  0.000879784  0.0202534   0.114139 0.00229871 -0.102843  0.159395  -9.80717 
             27.1002 -1.00965  3.90025  -30.558    1.15855  -0.511966 -0.0541278 0 0 0   -0.011 -0.02329  0.04412  -1.01552  0.597262 0.0471453    0.0102857 -0.000346468  0.000901039  0.0196386   0.113322 0.00266368 -0.103235  0.158512  -9.80718 
             27.2003  -1.0107  3.68341 -31.7374   1.05102 -0.457127 -0.055298 0 0 0   -0.011 -0.02329  0.04412  -1.01655  0.573648 0.0416419    0.0102398 -0.000278906   0.00101312  0.0184434   0.114387 0.00327756 -0.104514  0.159354  -9.80715 
             27.3002 -1.25183  3.59004 -32.7575    0.95073  -0.404915 -0.0538854 0 0 0   -0.011 -0.02329  0.04412  -1.00889  0.588795 0.0398341    0.0102795 -0.000265613  0.000982473  0.0168296   0.113898 0.00342211 -0.105979  0.158672  -9.80714 
             27.4003 -1.38553  3.36223 -33.5098   0.845571  -0.350251 -0.0508683 0 0 0   -0.011 -0.02329  0.04412 -0.993577  0.582757 0.0267491    0.0104154 -0.000184951  0.000852815  0.0157401   0.115004 0.00349035 -0.107134  0.159634  -9.80712 
             27.5011 -0.921005   3.69311  -34.3172  0.756745 -0.289503 -0.049667 0 0 0   -0.011 -0.02329  0.04412 -0.956613  0.587942  0.034907    0.0102583 -0.000352655  0.000809783  0.0161265    0.11311 0.00370431 -0.10663 0.157853 -9.80715 
             27.6002 -1.71715  3.23892 -34.9761  0.655057 -0.232918 -0.049171 0 0 0   -0.011 -0.02329  0.04412 -0.970388  0.602039 0.0249544    0.0104485 -0.000112354  0.000710395  0.0149598    0.11442 0.00396134 -0.107798  0.159123  -9.80712 
             27.7003 -1.57991  3.67093 -36.0435   0.568662   -0.17309 -0.0466977 0 0 0   -0.011 -0.02329  0.04412 -0.942403  0.595065 0.0377058    0.0104665 -0.000306818  0.000866891  0.0151971   0.111682 0.00386945 -0.107551  0.156446  -9.80716 
             27.8007 -1.58719  3.39936 -36.7849   0.488284  -0.116294 -0.0391068 0 0 0   -0.011 -0.02329  0.04412 -0.857265  0.577411 0.0373059    0.0103718 -0.000231623  0.000883067  0.0153321   0.108363 0.00332119 -0.107489  0.153146  -9.80722 
             27.9003 -1.54787  3.26822 -37.4549   0.425294 -0.0628334 -0.0403245 0 0 0   -0.011 -0.02329  0.04412 -0.643298  0.504101 0.0176582    0.0104321 -0.000325142  0.000811402  0.0164127   0.104249 0.00357174 -0.106568  0.149124  -9.80729 
             28.0004 -0.580381   2.66773  -38.0095   0.366367 -0.0150425  -0.040494 0 0 0   -0.011 -0.02329  0.04412  -0.47416  0.373429 0.0132418     0.010276 -0.000367007  0.000932846  0.0168693   0.105009 0.00379212 -0.106074  0.149866  -9.80728 
             28.1003 -0.707774   1.89429  -37.9879   0.338704  0.0042972 -0.0418719 0 0 0   -0.011 -0.02329  0.04412  -0.167064   0.142701 0.00249573   0.0103302 -8.6296e-05 0.000762625  0.0146545   0.102218 0.00387045 -0.108425   0.14729  -9.80729 
             28.2002 -0.377178   1.24929  -38.0178   0.329937  0.0111371 -0.0460191 0 0 0   -0.011 -0.02329  0.04412  -0.0372176   0.0380484 -0.00990351     0.010266 -0.000222888  0.000753504  0.0137932    0.10174 0.00420257 -0.109295  0.146912  -9.80729 
             28.3009 -0.709767   1.70489  -37.8854   0.330905 0.00623223  -0.047875 0 0 0   -0.011 -0.02329  0.04412   0.0100996 -0.00444662  -0.0116537    0.0103893 -0.000416367  0.000635542  0.0115077   0.100508 0.00418444 -0.111639   0.14589  -9.80728 
             28.4004 -0.660925   1.54627  -37.7568   0.331463 0.00299979 -0.0509437 0 0 0   -0.011 -0.02329  0.04412 -0.0203061   0.005842 -0.0116531    0.0103131 -0.000192264  0.000566664  0.0101084  0.0994925 0.00428602 -0.113097  0.145017  -9.80728 
             28.5006 -0.963656   1.76315  -37.9377     0.338312 -0.000298911   -0.0491594 0 0 0   -0.011 -0.02329  0.04412  -0.0269784   0.0236421 -0.00699322    0.0104844 -0.000324801   0.00066925 0.00940505  0.0954537 0.00386935 -0.114183   0.14112  -9.80732 
             28.6002 -0.734203   1.74798  -38.1122   0.341729 0.00308751 -0.0499781 0 0 0   -0.011 -0.02329  0.04412  -0.0281049   0.0317308 -0.00676046    0.0103278 -0.000305145  0.000799686  0.0106499  0.0931523 0.00386101 -0.113189  0.138762  -9.80737 
             28.7003 -0.690292   1.67175  -37.9592   0.341108 0.00103266 -0.0498894 0 0 0   -0.011 -0.02329  0.04412  -0.0266139   0.0204932 -0.00566682    0.0102981 -0.000264728   0.00069466 0.00887413  0.0916186  0.0036864 -0.115076  0.137407  -9.80736 
             28.8008 -0.714489   1.60469  -38.0493   0.345469 0.00133186 -0.0491132 0 0 0   -0.011 -0.02329  0.04412  -0.0138488   0.0174006 -0.00280964   0.0103084  -0.0002227 0.000753532 0.00905767  0.0890629 0.00350823 -0.115149   0.13489   -9.8074 
             28.9001 -0.788977   1.64212  -37.9896   0.355112 0.00323526 -0.0473528 0 0 0   -0.011 -0.02329  0.04412 0.00392183  0.0219153 0.00118363    0.0103652 -0.000248437  0.000711016  0.0103721  0.0854575 0.00328417 -0.114219  0.131256  -9.80746 
             29.0002 -0.830032   1.75788   -38.187   0.352514 0.00526837 -0.0483228 0 0 0   -0.011 -0.02329  0.04412  -0.00857985    0.0286965 -0.000971647    0.0103905 -0.000328476  0.000844791 0.00985047  0.0862908 0.00338321 -0.114646   0.13211  -9.80744 
             29.1004 -0.583204   1.73559  -38.1863   0.345633 0.00379055 -0.0491876 0 0 0   -0.011 -0.02329  0.04412 -0.0296617  0.0206764 -0.0023565    0.0102167 -0.000312368  0.000842656 0.00763117  0.0874558  0.0034101 -0.116701  0.133422   -9.8074 
             29.2005 -0.660149   1.76408  -38.0886   0.345395 0.00696447 -0.0446734 0 0 0   -0.011 -0.02329  0.04412 -0.0283195  0.0240901 0.00710841    0.0102737 -0.000332443  0.000774636 0.00828115   0.086674   0.003002 -0.116154  0.132621  -9.80742 
             29.3003 -0.481493   1.73527  -38.0762   0.336081 0.00708967 -0.0440297 0 0 0   -0.011 -0.02329  0.04412 -0.0511526  0.0194152 0.00676694   0.0101501 -0.00031197 0.000765846 0.00679269  0.0882629 0.00299998 -0.117458  0.134292  -9.80738 
             29.4003 -0.511408   1.55671  -37.7652   0.333855 0.00354373 -0.0406493 0 0 0   -0.011 -0.02329  0.04412 -0.0559007  0.0099765  0.0124086    0.0101778 -0.000185604  0.000549232 0.00508999   0.086409 0.00266417 -0.119304  0.132617  -9.80738 
             29.5003 -0.702782   1.77102  -38.0036   0.330729 0.00181911 -0.0425058 0 0 0   -0.011 -0.02329  0.04412 -0.0541723 0.00831013  0.0062391    0.0103079 -0.000338599  0.000716071 0.00432718   0.085308 0.00287722 -0.12014 0.131587 -9.80738 
             29.6003 -0.530046    1.7956  -38.0706   0.325024 0.00073315 -0.0420386 0 0 0   -0.011 -0.02329  0.04412 -0.0621217 0.00397741 0.00574974    0.0101888 -0.000355711  0.000761297 0.00370191  0.0850372 0.00286708 -0.120774  0.131368  -9.80738 
             29.7003 -0.744763   1.65399   -37.911    0.325818 -0.00180323  -0.0452532 0 0 0   -0.011 -0.02329  0.04412  -0.0537752  0.00492588 -0.00151014   0.0103427 -0.00025606 0.000648822 0.00331629  0.0823572 0.00310053 -0.121378  0.128762   -9.8074 
             29.8003 -0.688598   1.73671  -37.9881   0.322974 -0.0018785 -0.0497332 0 0 0   -0.011 -0.02329  0.04412 -0.0543582 0.00773977 -0.0102561   0.0103014 -0.00031577 0.000702187 0.00341986  0.0814202 0.00344789 -0.121343  0.127823  -9.80742 
             29.9002 -0.610967   1.56514  -37.8841    0.320221 -0.00113046  -0.0514598 0 0 0   -0.011 -0.02329  0.04412 -0.0583978  0.0120152 -0.0118333    0.0102499 -0.000197435  0.000633118 0.00368862  0.0803558  0.0034891 -0.121172   0.12676  -9.80743 
             30.0003 -0.666512   1.54037  -37.8837     0.320743 -0.000863774   -0.0534747 0 0 0   -0.011 -0.02329  0.04412 -0.0531593  0.0157556 -0.0136569    0.0102892 -0.000180096  0.000634068 0.00399792  0.0781841  0.0035201 -0.121056  0.124611  -9.80746 
             30.1005 -0.625565   1.65294  -37.9604      0.32093 -0.000736657   -0.0509638 0 0 0   -0.011 -0.02329  0.04412    -0.04863   0.0137785 -0.00617268     0.010258 -0.000260042  0.000684665 0.00409706  0.0763473 0.00316198 -0.121133  0.122819  -9.80748 
             30.2002 -0.633107   1.71031  -37.8382    0.326085 -0.00131631  -0.0490504 0 0 0   -0.011 -0.02329  0.04412 -0.0333377  0.0110199  -0.001587    0.0102645 -0.000299032  0.000600908 0.00448142  0.0731213  0.0028898 -0.121043  0.119645  -9.80752 
             30.3002 -0.818292   1.75746   -37.885    0.332219 9.35786e-05  -0.0475447 0 0 0   -0.011 -0.02329  0.04412  -0.016227  0.0168604 0.00151457    0.0103916 -0.000331911  0.000631912 0.00544937  0.0703497 0.00271684 -0.120339  0.116873  -9.80757 
             30.4002 -0.687414   1.55105  -38.0239     0.331657 -0.000501744   -0.0518871 0 0 0   -0.011 -0.02329  0.04412  -0.0231706   0.0184699 -0.00714422    0.0102999 -0.000193031  0.000727243 0.00478139  0.0695383 0.00305473 -0.121041  0.116111  -9.80757 
             30.5007 -0.581283   1.78537   -38.175    0.339739 0.000162484  -0.0510859 0 0 0   -0.011 -0.02329  0.04412 -0.00579693   0.0153071 -0.00456317    0.0102244 -0.000356218  0.000829172 0.00552412  0.0664136 0.00288498 -0.120581   0.11301  -9.80761 
             30.6001 -0.706546    1.6509  -38.0196   0.337217 0.00250214 -0.0476063 0 0 0   -0.011 -0.02329  0.04412 -0.0159646  0.0216688  0.0032958    0.0103144 -0.000261901  0.000721014  0.0054565  0.0668869 0.00255648 -0.120624   0.11349   -9.8076 
             30.7003 -0.636162    1.6768  -38.0261   0.342671 0.00131517 -0.0477731 0 0 0   -0.011 -0.02329  0.04412 -0.00760697   0.0169084  0.00201648    0.0102652 -0.000280937  0.000723277    0.00508  0.0643955 0.00253049 -0.121195  0.111079  -9.80762 
             30.8017 -0.651136    1.8966  -38.2233    0.342795 0.000643089  -0.0475218 0 0 0   -0.011 -0.02329  0.04412 -0.00798434   0.0122386  0.00198065    0.0102709 -0.000433038  0.000852609  0.0044291  0.0639224 0.00249925 -0.121869  0.110661  -9.80762 
             30.9001 -0.713522   1.60254  -38.0847    0.34022 0.00223443 -0.0488078 0 0 0   -0.011 -0.02329  0.04412   -0.0190952    0.0202032 -0.000676581    0.0103159 -0.000230445  0.000759192 0.00425831  0.0642277  0.0026169 -0.122005  0.110967  -9.80761 
             31.0003 -0.607061   1.56367  -37.9343   0.339267 0.00214149 -0.0457058 0 0 0   -0.011 -0.02329  0.04412 -0.0252373  0.0174196 0.00582945    0.0102441 -0.000204208  0.000656897 0.00368073  0.0635696 0.00232112 -0.122636  0.110373  -9.80761 
             31.1013 -0.76165  1.70573 -37.9082   0.334909 0.00224145   -0.04625 0 0 0   -0.011 -0.02329  0.04412 -0.0322806  0.0190328 0.00359246    0.0103506 -0.000301376  0.000638452 0.00288672  0.0638591 0.00239647 -0.123381  0.110706   -9.8076 
             31.2003 -0.734245   1.81676  -37.9976    0.33693  0.0016251 -0.0471666 0 0 0   -0.011 -0.02329  0.04412  -0.0243858   0.0162225 0.000906545    0.0103283 -0.000378172   0.00069964 0.00260761  0.0621073 0.00245702 -0.123791  0.109011  -9.80761 
             31.3018 -0.676709    1.6175  -37.9356    0.342451 0.000149594  -0.0432048 0 0 0   -0.011 -0.02329  0.04412 -0.0152925  0.0124479 0.00861691    0.0102919 -0.000240843  0.000657249   0.002367  0.0594225 0.00206237 -0.12426 0.106416 -9.80764 
             31.4002 -0.699687   1.76926  -38.0009   0.336047 0.00218593 -0.0443852 0 0 0   -0.011 -0.02329  0.04412 -0.0290814  0.0178089 0.00453728    0.0103052 -0.000345542  0.000701037 0.00213149  0.0607975 0.00225996 -0.124371  0.107768  -9.80762 
             31.5002 -0.557401   1.84494  -37.9519   0.336099 0.00233579  -0.044092 0 0 0   -0.011 -0.02329  0.04412 -0.0280411  0.0138425 0.00397241     0.010211 -0.000397549  0.000667326 0.00198899  0.0597619 0.00224864 -0.124591  0.106766  -9.80763 
             31.6001 -0.550998   1.48528  -37.7797   0.338731 0.00359938 -0.0474086 0 0 0   -0.011 -0.02329  0.04412  -0.0281093   0.0200876 -0.00333281    0.0102099 -0.000151221  0.000552391   0.002427  0.0580016 0.00251991 -0.124287   0.10501  -9.80765 
             31.7002 -0.575516   1.56215  -37.9812    0.331819 0.000958828  -0.0517637 0 0 0   -0.011 -0.02329  0.04412 -0.0447899  0.0139323 -0.0110416    0.0102224 -0.000206791  0.000690847 0.000602155   0.0585246  0.00280733 -0.126005  0.105624  -9.80762 
             31.8002 -0.38676   1.7745 -37.8666   0.327896 0.00196425 -0.0471325 0 0 0   -0.011 -0.02329  0.04412   -0.0502979   0.00858607 -6.43389e-05    0.0100962 -0.000351845   0.00061232 0.000673313   0.0583023  0.00233912 -0.125979  0.105418  -9.80762 
             31.9001 -0.713834   1.60963  -37.7628    0.329109 -0.00329799  -0.0486663 0 0 0   -0.011 -0.02329  0.04412  -0.0428043  0.00217077 -0.00265885    0.0103174 -0.000240842  0.000545784 -0.000768253    0.0559276   0.00235502 -0.127555  0.103184  -9.80763 
             32.0002 -0.875875   1.86825  -37.8881    0.331426 -0.00194734  -0.0510597 0 0 0   -0.011 -0.02329  0.04412  -0.0283373  0.00927222 -0.00694582    0.0104184 -0.000405088  0.000624416 0.000109169   0.0543836  0.00252402 -0.126805   0.10162  -9.80765 
             32.1006 -0.623441    1.8013  -38.0608    0.336222 -0.00156575  -0.0487063 0 0 0   -0.011 -0.02329  0.04412 -0.0180928 0.00737461 -0.0011276    0.0102472 -0.000363535  0.000738629 0.000698095   0.0522809  0.00224824   -0.1264 0.0995441  -9.80768 
             32.2003 -0.561195   1.69774  -37.8924   0.337187  -0.001687 -0.0483896 0 0 0   -0.011 -0.02329  0.04412   -0.0193419   0.00719389 -0.000176647    0.0102085 -0.000294506  0.000626428 0.000701429    0.051368  0.00219161 -0.126465 0.0986551  -9.80769 
             32.3002 -0.872046   1.67494  -37.8022    0.346105 -0.00401557  -0.0515607 0 0 0   -0.011 -0.02329  0.04412 0.000780101   0.0086965 -0.00636075    0.0104209 -0.000282188  0.000565263 0.000582701   0.0483147  0.00236294 -0.126785 0.0956772  -9.80771 
             32.4003 -0.523463   1.79942   -38.052    0.351165 4.58026e-05  -0.0463024 0 0 0   -0.011 -0.02329  0.04412 0.00496122  0.0120768 0.00509429    0.0101822 -0.000366199  0.000731826 0.00206472  0.0473208 0.00191752 -0.125441 0.0946408  -9.80774 
             32.5003 -0.601842    1.8423  -38.1106   0.347988 0.00359074 -0.0429703 0 0 0   -0.011 -0.02329  0.04412 -0.00605516   0.0182241   0.0107999    0.0102305 -0.000392929  0.000767724 0.00240403  0.0484149 0.00172587 -0.125048 0.0956951  -9.80774 
             32.6002 -0.608747   1.53267  -37.9337   0.343352 0.00440793 -0.0457234 0 0 0   -0.011 -0.02329  0.04412 -0.0238737  0.0224773 0.00348103   0.0102353 -0.00018414 0.000650752 0.00171537   0.049108 0.00202353  -0.12565 0.0963996  -9.80772 
             32.7002 -0.585662   1.74687  -37.9274   0.340706 0.00557791 -0.0445277 0 0 0   -0.011 -0.02329  0.04412 -0.0287459  0.0204777 0.00500914    0.0102192 -0.000328948  0.000643852 0.00141544  0.0490623 0.00194845 -0.125949 0.0963738  -9.80772 
             32.8002 -0.672572   1.89774   -38.039   0.346263 0.00529235 -0.0410061 0 0 0   -0.011 -0.02329  0.04412 -0.0124114  0.0149263   0.010947    0.0102753 -0.000431133   0.00071706 0.00142694  0.0468074 0.00165349 -0.126112 0.0941849  -9.80774 
             32.9003 -0.521972   1.41294   -37.848    0.34595 0.00113534 -0.0436517 0 0 0   -0.011 -0.02329  0.04412 -0.0233983 0.00817362 0.00400353    0.0101837 -0.000118816  0.000599079 -0.00012425   0.0457784  0.00187446 -0.127673 0.0932603  -9.80773 
             32.9987 -0.543193   1.84693  -38.0434   0.337338 0.00212868 -0.0436699 0 0 0   -0.011 -0.02329  0.04412  -0.038417 0.00759787 0.00276663    0.0101929 -0.000397002  0.000720021 -0.000542766    0.0473868   0.00194174 -0.127966 0.0948476  -9.80771 
             33.1001 -0.506641   1.88226  -38.0046    0.337699 0.000996273  -0.0397679 0 0 0   -0.011 -0.02329  0.04412  -0.0336397 0.000616767  0.00995701    0.0101698 -0.000420538  0.000693878 -0.000677687    0.0461591   0.00161858 -0.128199 0.0936689  -9.80771 
             33.2002 -0.681452   1.54364  -37.8403    0.340092 -0.00255635  -0.0454388 0 0 0   -0.011 -0.02329  0.04412  -0.0296001 0.000929177 -0.00312577    0.0102891 -0.000194546  0.000586899 -0.00133672   0.0442976  0.00207403 -0.128933 0.0918771  -9.80772 
             33.3008 -0.783845   1.80376  -37.8481   0.334855 -0.0020872 -0.0450937 0 0 0   -0.011 -0.02329  0.04412  -0.0350336  0.00418238 -0.00199071    0.0103563 -0.000366026   0.00059115 -0.00145801   0.0449124  0.00203553 -0.129013 0.0924831  -9.80772 
             33.4003 -0.523066   1.67789  -38.2653     0.338055 -9.18168e-05   -0.0468263 0 0 0   -0.011 -0.02329  0.04412  -0.0295666  0.00839848 -0.00537704    0.0101727 -0.000285117  0.000869623 -0.000408051    0.0433509   0.00215451 -0.128089 0.0909065  -9.80774 
             33.5002 -0.645678   1.51752       -38    0.335258 -0.00459424   -0.048979 0 0 0   -0.011 -0.02329  0.04412  -0.0364082  0.00190704 -0.00829408     0.010257 -0.000178463  0.000697274 -0.00194161   0.0427049  0.00221094 -0.129612 0.0903523  -9.80773 
             33.6002 -0.809302   1.58467  -37.9078    0.333937 -0.00293491  -0.0503232 0 0 0   -0.011 -0.02329  0.04412  -0.0354556   0.0115892 -0.00938515   0.0103652 -0.00022372 0.000636492 -0.00146635   0.0422389  0.00225352 -0.129179  0.089874  -9.80774 
             33.7002 -0.625083   1.72442  -37.9222    0.335095 -0.00436348  -0.0526143 0 0 0   -0.011 -0.02329  0.04412 -0.0305312 0.00619712 -0.0123064    0.0102425 -0.000318178  0.000645582 -0.00173618   0.0408888  0.00232552 -0.129521 0.0885715  -9.80774 
             33.8002 -0.76888  1.66355 -38.0327    0.334965 -0.00236726  -0.0512634 0 0 0   -0.011 -0.02329  0.04412   -0.028194   0.0137949 -0.00745278    0.0103332 -0.000280535  0.000717842 -0.00124338   0.0402539  0.00211855 -0.129096 0.0879371  -9.80776 
             33.9004 -0.752186   1.62714  -37.7827   0.335581  0.0014642 -0.0516302 0 0 0   -0.011 -0.02329  0.04412  -0.0261658   0.0239618 -0.00703596   0.0103272 -0.00025443 0.000553231 -0.000369481    0.0395693   0.00209718 -0.128294 0.0872304  -9.80777 
             34.0001 -0.61634  1.80022 -37.8929   0.340481 0.00111263 -0.0483672 0 0 0   -0.011 -0.02329  0.04412  -0.0141829   0.0157032 0.000673281    0.0102353 -0.000371791  0.000623569 -0.000466124    0.0376171   0.00174401 -0.128528 0.0853487  -9.80779 
             34.1002 -0.659719   1.69446  -37.9707   0.332333 0.00170848 -0.0441001 0 0 0   -0.011 -0.02329  0.04412 -0.0331287   0.015411 0.00915981    0.0102602 -0.000302461     0.000677 -0.0012876  0.0389566 0.00141561 -0.129262 0.0866986  -9.80777 
             34.2001 -0.641901   1.56335  -37.9122      0.3335 0.000474308  -0.0453304 0 0 0   -0.011 -0.02329  0.04412 -0.0309155  0.0137098 0.00515347    0.0102512 -0.000216341  0.000639853 -0.00172813   0.0376022  0.00153535 -0.129761 0.0853981  -9.80777 
             34.3002 -0.628802   1.75316  -37.8832     0.334064 -0.000420147   -0.0444568 0 0 0   -0.011 -0.02329  0.04412 -0.0262813 0.00909484 0.00575639    0.0102442 -0.000342119  0.000619357 -0.00203757   0.0365999  0.00148017 -0.130121 0.0844395  -9.80777 
             34.4003 -0.560969   1.91479  -37.9805     0.3372 0.00335161 -0.0394304 0 0 0   -0.011 -0.02329  0.04412 -0.0164799  0.0122603   0.014166   0.0101967 -0.00044914 0.000682413 -0.000813889    0.0355644   0.00114927 -0.129017  0.083392   -9.8078 
             34.5003 -0.740692   1.86622  -37.9925   0.333089 0.00517044 -0.0365424 0 0 0   -0.011 -0.02329  0.04412 -0.0222219   0.016588  0.0174082    0.0103161 -0.000417485  0.000692655 -0.000934479    0.0361207    0.0010386 -0.129109 0.0839406  -9.80779 
             34.6001 -0.723646   2.00572  -37.9842   0.336667 0.00288379 -0.0399436 0 0 0   -0.011 -0.02329  0.04412 -0.00967271  0.00880315   0.0070686     0.010304 -0.000507785  0.000686167 -0.00151125   0.0345678  0.00139105 -0.129731  0.082447   -9.8078 
             34.7018 -0.634805   1.90983  -38.1085   0.340057 0.00406233 -0.0369253 0 0 0   -0.011 -0.02329  0.04412 -0.00345411  0.00888506   0.0115412    0.0102436 -0.000446118  0.000768461 -0.0011028  0.0335771  0.0012004 -0.129403 0.0814736  -9.80781 
             34.8001 -0.591383   1.92189  -38.1122   0.342086 0.00365484 -0.0368434 0 0 0   -0.011 -0.02329  0.04412 -0.000584479   0.00579731   0.00913448   0.0102141 -0.00045446 0.000769246 -0.00123527   0.0329328  0.00126486 -0.129562 0.0808526  -9.80781 
             34.9001 -0.605166    1.8427  -37.9919   0.343061 0.00463162  -0.039172 0 0 0   -0.011 -0.02329  0.04412 -0.00200288  0.00900664  0.00271084    0.0102247 -0.000402111  0.000691809 -0.00107481   0.0326708  0.00151268 -0.129405  0.080587  -9.80782 
             35.0001 -0.52629  1.81575 -37.8944   0.342271 0.00360742 -0.0384606 0 0 0   -0.011 -0.02329  0.04412 -0.00757863  0.00402335  0.00340895    0.0101748 -0.000384842   0.00063046 -0.00156078   0.0325755  0.00146119 -0.129883 0.0805158  -9.80781 
             35.1001 -0.737621   1.90524   -38.051   0.345777 0.00245181 -0.0410331 0 0 0   -0.011 -0.02329  0.04412 0.00170297 0.00416985 -0.0024458    0.0103085 -0.000444444  0.000732305 -0.00172504   0.0315656  0.00165537 -0.130083 0.0795406  -9.80781 
             35.2001 -0.496642   1.68357  -37.8672   0.341123 0.00206511  -0.043184 0 0 0   -0.011 -0.02329  0.04412  -0.0163353  0.00349976 -0.00617214    0.0101541 -0.000297072  0.000613387 -0.00222167     0.03238  0.00180508 -0.130508 0.0803476   -9.8078 
             35.3001 -0.390887   1.68643  -38.0078   0.341184 0.00160112 -0.0415182 0 0 0   -0.011 -0.02329  0.04412   -0.0196888 -0.000196878  -0.00175827    0.0100818 -0.000301379  0.000704484 -0.00223856   0.0318666  0.00161773 -0.130564 0.0798537  -9.80781 
             35.4002 -0.49329  1.72272 -37.8961     0.331113 -0.000247974   -0.0425366 0 0 0   -0.011 -0.02329  0.04412  -0.0412613 -0.00298807 -0.00327336    0.0101495 -0.000325961  0.000630859 -0.00325841   0.0334019  0.00168655 -0.131464 0.0813789  -9.80778 
             35.5001 -0.502199   1.54486  -37.8719    0.328237 -0.00150215  -0.0467712 0 0 0   -0.011 -0.02329  0.04412   -0.0472672 -0.000709842   -0.0108727    0.0101548 -0.000209677  0.000615952 -0.00343916   0.0329289  0.00196763 -0.131641 0.0809222  -9.80778 
             35.6002 -0.711593   1.59016  -38.1096    0.32829 0.00055107 -0.0508704 0 0 0   -0.011 -0.02329  0.04412 -0.0414766  0.0104953 -0.0170329    0.0102874 -0.000240676  0.000770295 -0.0026907  0.0320527 0.00220141 -0.130946 0.0800416   -9.8078 
             35.7002 -0.697649   1.84677  -37.8486   0.326752 0.00143378 -0.0501292 0 0 0   -0.011 -0.02329  0.04412 -0.0365835  0.0100459 -0.0125447    0.0102821 -0.000406588  0.000597937 -0.00253172   0.0315086  0.00201099 -0.130833 0.0795143  -9.80781 
             35.8002 -0.563205   1.60185  -37.8736   0.331927 -0.0012688 -0.0517006 0 0 0   -0.011 -0.02329  0.04412 -0.0263822 0.00401899  -0.013123    0.0101931 -0.000247425  0.000615786 -0.00283585   0.0292777  0.00197364 -0.131234 0.0773666  -9.80782 
             35.9001 -0.904195   1.68267   -37.917    0.330212 -0.00598385  -0.0571293 0 0 0   -0.011 -0.02329  0.04412 -0.0248396 0.00100787 -0.0209885    0.0104099 -0.000299193  0.000641861 -0.00413922    0.028745   0.0022328 -0.132495 0.0768857   -9.8078 
              36.001 -0.938817   1.69359  -37.8175    0.333327 -0.00354943  -0.0541574 0 0 0   -0.011 -0.02329  0.04412 -0.0141308  0.0108999 -0.0115804    0.0104341 -0.000304846  0.000576299 -0.00329905    0.027718  0.00184767  -0.13176 0.0758779  -9.80782 
             36.1001 -0.726888   1.69247   -37.782    0.336963 -0.00269753  -0.0521104 0 0 0   -0.011 -0.02329  0.04412 -0.00799961   0.0113542 -0.00557782    0.0102987 -0.000303149  0.000554988 -0.00300606   0.0266085   0.0015926 -0.131543 0.0748038  -9.80783 
             36.2016 -0.768677   1.63409  -37.7743    0.340482 -0.00363018  -0.0520175 0 0 0   -0.011 -0.02329  0.04412 -0.00280569   0.0109945 -0.00437859    0.0103261 -0.000265686  0.000551113 -0.00327624   0.0255375  0.00150965 -0.131854 0.0737783  -9.80784 
             36.3011 -0.75719  1.86888 -37.9599     0.343702 -0.000423104   -0.0451564 0 0 0   -0.011 -0.02329  0.04412 0.00471485  0.0145565 0.00942637    0.0103147 -0.000418584  0.000668948  -0.0025587   0.0250233 0.000972519 -0.131219 0.0732776  -9.80785 
              36.401 -0.892211   1.86092  -37.8422     0.343831 -0.000239671   -0.0448037 0 0 0   -0.011 -0.02329  0.04412 0.00470504  0.0165179 0.00861056    0.0104033 -0.000412914  0.000593792 -0.00294992   0.0249941  0.00100149 -0.131594 0.0732586  -9.80784 
             36.5001 -0.471384   1.56026  -37.8959     0.338698 -0.000905427   -0.0458578 0 0 0   -0.011 -0.02329  0.04412 -0.0179827  0.0124427 0.00490387    0.0101357 -0.000223261  0.000629394 -0.00374394   0.0257635  0.00114123 -0.132319 0.0740181  -9.80783 
             36.6002 -0.604119   1.58654   -37.943   0.339029 0.00428341 -0.0416395 0 0 0   -0.011 -0.02329  0.04412 -0.0188783  0.0239389  0.0124982    0.0102211 -0.000241757  0.000659188 -0.00274127   0.0255552 0.000884373 -0.131378 0.0737984  -9.80784 
             36.7002 -0.695601   1.91844   -37.879   0.340362 0.00479078 -0.0403504 0 0 0   -0.011 -0.02329  0.04412 -0.0111892  0.0195188  0.0123496    0.0102816 -0.000455692  0.000615752 -0.00296766    0.024875 0.000863291 -0.131623  0.073148  -9.80784 
             36.8001 -0.446175   1.56003  -37.9602   0.337597 0.00303156 -0.0415447 0 0 0   -0.011 -0.02329  0.04412 -0.0254915  0.0131669 0.00787955    0.0101221 -0.000230386  0.000670274 -0.00387911   0.0247748  0.00101183 -0.132494 0.0730697  -9.80783 
             36.9001 -0.705796   1.80079  -37.8858   0.336065 0.00418598 -0.0445539 0 0 0   -0.011 -0.02329  0.04412  -0.0236205   0.0164444 0.000228982    0.0102899 -0.000385718  0.000621354  -0.003909  0.0246158 0.00129264 -0.13251  0.07291 -9.80783 
                  37 -0.693008   1.91051  -37.8549   0.329683 0.00344265 -0.0469133 0 0 0   -0.011 -0.02329  0.04412  -0.0327742   0.0121042 -0.00423224    0.0102817 -0.000455131  0.000600411 -0.00467749   0.0252466  0.00146202 -0.133214  0.073532  -9.80782 
                37.1 -0.4725 1.58689 -37.691   0.335344 0.00203817 -0.0452168 0 0 0   -0.011 -0.02329  0.04412  -0.0238832  0.00688027 2.66388e-05    0.0101477 -0.000251845  0.000498404 -0.00469883   0.0232217  0.00125889 -0.133322 0.0715857  -9.80783 
             37.2001 -0.740999   1.82166   -37.943   0.339148 0.00244203  -0.043793 0 0 0   -0.011 -0.02329  0.04412 -0.0106809 0.00835895 0.00256979    0.0103122 -0.000403746  0.000657714 -0.0044519  0.0220944  0.0011368 -0.133132 0.0704971  -9.80784 
             37.3001 -0.585537   1.91943  -38.0135   0.338066 0.00435484 -0.0420676 0 0 0   -0.011 -0.02329  0.04412 -0.0130754  0.0085973 0.00516319    0.0102129 -0.000464479  0.000700792 -0.00414874   0.0221622  0.00104239 -0.132846 0.0705585  -9.80785 
             37.4001 -0.330262   1.47359  -37.9215    0.344219 0.000329155  -0.0454797 0 0 0   -0.011 -0.02329  0.04412   -0.0111412 -0.000639355  -0.00240472    0.0100515 -0.000179479  0.000641584 -0.00475892   0.0202732  0.00127152 -0.133476 0.0687459  -9.80785 
                37.5 -0.655803   1.87673  -38.0569    0.343311 -0.00329861  -0.0445283 0 0 0   -0.011 -0.02329  0.04412  -0.00893229  -0.00852248 -0.000217407   0.0102569 -0.00043852 0.000725983 -0.00556553   0.0201152  0.00115279 -0.134263 0.0686118  -9.80784 
              37.601 -0.656714   1.92994  -38.1615    0.34689 -0.0024649 -0.0424475 0 0 0   -0.011 -0.02329  0.04412 -0.000543497  -0.00569965   0.00372498    0.0102545 -0.000473418   0.00079212 -0.00493115   0.0193955  0.00100238  -0.13369 0.0679108  -9.80785 
             37.7001 -0.619346   1.64538  -38.0439      0.34063 -0.000738374   -0.0441398 0 0 0   -0.011 -0.02329  0.04412   -0.019813  0.00366636 -9.3248e-05    0.0102314 -0.000290129  0.000717674 -0.00482603   0.0205765  0.00117896 -0.133537 0.0690408  -9.80785 
              37.801 -0.521804   1.86101  -38.1763   0.341103 0.00101215 -0.0444374 0 0 0   -0.011 -0.02329  0.04412  -0.0156629  0.00486295 -0.00406063    0.0101658 -0.000427706  0.000799854 -0.00432352   0.0202346  0.00121115 -0.133064 0.0687011  -9.80786 
             37.9002 -0.545436   1.83912  -38.1056    0.341282 -0.00129153   -0.043624 0 0 0   -0.011 -0.02329  0.04412   0.00726885   -0.0199125 -0.000758494    0.0101613 -0.000439729  0.000761083 -0.00461804   0.0200952  0.00111999 -0.133358 0.0685752  -9.80785 
             38.0002 -0.783395    1.6623  -38.1934    0.338708 -0.00417708  -0.0427662 0 0 0   -0.011 -0.02329  0.04412  -0.00706485   -0.0269567 -0.000215566    0.0100994 -0.000391791  0.000670712 -0.00477271   0.0205924  0.00106809 -0.133494 0.0690576  -9.80785 
             38.1001 -1.24296  1.80703 -38.4059    0.343716 -0.00722341   -0.046527 0 0 0   -0.011 -0.02329  0.04412   0.0170146   -0.047749 -0.00292421    0.0103068 -0.000409322  0.000624158 -0.00454887   0.0195423  0.00133413 -0.133294  0.068038  -9.80786 
             38.2001 -1.10873   1.8926  -38.867    0.35015  -0.016917 -0.0470383 0 0 0   -0.011 -0.02329  0.04412   0.0770861   -0.122169 -0.00393292    0.0102019 -0.000478656  0.000782665 -0.00498088   0.0190276  0.00130008 -0.133729 0.0675542  -9.80786 
                38.3 -1.45199  1.68088 -39.2559   0.369964 -0.0330839 -0.0444575 0 0 0   -0.011 -0.02329  0.04412    0.13369  -0.170809 0.00355116     0.010334 -0.000443512   0.00072581 -0.00472681   0.0171356  0.00102748 -0.133573 0.0657339  -9.80787 
                38.4  -1.2991  1.52476 -39.9818   0.385753 -0.0520022 -0.0478502 0 0 0   -0.011 -0.02329  0.04412    0.149559   -0.189497 -0.00618629    0.0101773 -0.000273146  0.000644464 -0.00488673   0.0165904  0.00127317 -0.133734 0.0652119  -9.80787 
             38.5001  -1.7362  1.83827 -41.3642   0.406259  -0.072776 -0.0472597 0 0 0   -0.011 -0.02329  0.04412    0.15971  -0.208788 0.00136031    0.0103489 -0.000507047  0.000821755 -0.00481918   0.0155801  0.00116418 -0.133724 0.0642401  -9.80788 
             38.6002 -1.87003  1.62072 -42.3781   0.428234 -0.0934537 -0.0461042 0 0 0   -0.011 -0.02329  0.04412    0.145835   -0.181645 0.000234152    0.0102945 -0.000387572  0.000755194 -0.00448859   0.0143272  0.00104473 -0.133487 0.0630202  -9.80789 
             38.7001 -1.66966  1.47436 -43.2939   0.446342  -0.108438 -0.0469957 0 0 0   -0.011 -0.02329  0.04412   0.124377  -0.158426 0.00241922    0.0100598 -0.000204999  0.000648038 -0.00373304   0.0134649  0.00105806 -0.132825 0.0621372   -9.8079 
                38.8 -2.17366  1.59486 -44.2264   0.457656  -0.118735 -0.0453479 0 0 0   -0.011 -0.02329  0.04412   0.171515  -0.168455 0.00548706    0.0102542 -0.000343601  0.000676047 -0.00245279    0.014312 0.000989362 -0.131511 0.0628306  -9.80792 
             38.9014  -2.3953  1.25096 -45.4398   0.476058  -0.142324 -0.0453427 0 0 0   -0.011 -0.02329  0.04412    0.18959  -0.270769 -0.0067136    0.0102813 -0.000329172  0.000811742 -0.00305729   0.0142024  0.00102308 -0.132106 0.0627937  -9.80791 
             39.0001 -2.80875  1.16414 -46.5681   0.496164  -0.172068 -0.0456069 0 0 0   -0.011 -0.02329  0.04412   0.162512  -0.270186 0.00556036     0.010273 -0.000325098  0.000693956 -0.00331612   0.0137037  0.00099865 -0.132421 0.0623498  -9.80791 
             39.1001  -2.4687  1.44487 -48.3377   0.505724  -0.196544 -0.0455826 0 0 0   -0.011 -0.02329  0.04412   0.121746  -0.196885 0.00207761    0.0101366 -0.000393178  0.000826968 -0.00438011   0.0146483 0.000981729 -0.133304 0.0634189  -9.80789 
             39.2001 -2.57499  1.43504 -49.6289   0.522634  -0.218493 -0.0445641 0 0 0   -0.011 -0.02329  0.04412    0.112358   -0.220002 -0.00340727     0.010164 -0.000420353  0.000810823 -0.00440774   0.0127249 0.000827962  -0.13365 0.0615834   -9.8079 
             39.3001 -2.47967    1.487 -50.7795   0.536332  -0.238165 -0.0417285 0 0 0   -0.011 -0.02329  0.04412   0.126166  -0.206332 0.00265607    0.0101145 -0.000471796  0.000825345 -0.00368526   0.0127472 0.000661872 -0.132948 0.0614694  -9.80791 
             39.4001 -2.40413   1.4861 -51.8713  0.546704 -0.261216 -0.038586 0 0 0   -0.011 -0.02329  0.04412  0.110826 -0.232579 0.0119423    0.0100212 -0.000441756  0.000799959 -0.00434115   0.0130765 0.000469525 -0.133505 0.0619157   -9.8079 
             39.5001 -2.69947  1.32741 -52.9315   0.550646   -0.28446 -0.0415627 0 0 0   -0.011 -0.02329  0.04412  0.0915314  -0.249078 0.00411984    0.0101232 -0.000339261  0.000748603 -0.00507589   0.0149645 0.000799882 -0.133808 0.0638698  -9.80788 
                39.6 -2.60933  1.39899 -54.1131   0.562739  -0.308473 -0.0409821 0 0 0   -0.011 -0.02329  0.04412  0.0915046  -0.257039 0.00199246    0.0100678 -0.000432506  0.000698217 -0.00389339   0.0142867 0.000793254 -0.132837  0.062958   -9.8079 
                39.7 -2.79913  1.19202 -55.4038   0.568197  -0.336447 -0.0451392 0 0 0   -0.011 -0.02329  0.04412    0.0683316    -0.259872 -0.000509435    0.0101959 -0.000285842  0.000727482 -0.00538339   0.0147646  0.00112089 -0.134146 0.0637691  -9.80788 
                39.8 -2.84526  1.38803 -56.5836  0.578478 -0.362317 -0.047704 0 0 0   -0.011 -0.02329  0.04412 0.0934164 -0.315594 -0.002326    0.0101631 -0.000345952  0.000715213 -0.00384173   0.0142866  0.00128708 -0.132809 0.0629374   -9.8079 
             39.9001 -2.67345  1.34878 -58.0232   0.590268  -0.396443 -0.0446541 0 0 0   -0.011 -0.02329  0.04412  0.108378  -0.37089 -0.011081    0.0100793 -0.000386763  0.000701773 -0.00346437   0.0140356 0.000973244  -0.13251 0.0625982  -9.80791 
             40.0004 -3.06166  1.27735 -59.6828   0.603738  -0.440339 -0.0536555 0 0 0   -0.011 -0.02329  0.04412   0.136468  -0.451921 -0.0210959    0.0102484 -0.000323575  0.000714018 -0.00471319   0.0121554  0.00158384 -0.134202 0.0611694  -9.80789 
                40.1 -2.70722 0.970182 -61.7072   0.619939  -0.490446 -0.0488338 0 0 0   -0.011 -0.02329  0.04412    0.163137   -0.530493 -0.00534171  0.00998514 -0.00029349 0.000773919 -0.00373338   0.0116328  0.00112813 -0.133414 0.0604018  -9.80791 
             40.2002  -2.6354 0.984838 -62.8846  0.637575 -0.545846 -0.051115 0 0 0   -0.011 -0.02329  0.04412   0.164072  -0.656586 -0.0127587     0.010067 -0.000305967  0.000613259 -0.00218614   0.0117137  0.00124922 -0.131943 0.0600445  -9.80793 
                40.3 -2.64841 0.719262 -64.5026   0.670063  -0.611623 -0.0565129 0 0 0   -0.011 -0.02329  0.04412   0.306773  -0.698025 -0.0362752    0.0101984 -0.000291052  0.000640081 0.00141084 0.00911891 0.00153982 -0.129332 0.0565801  -9.80798 
                40.4 -2.18429 0.649403 -65.2813   0.704167  -0.685822 -0.0567559 0 0 0   -0.011 -0.02329  0.04412   0.288895   -0.70371 -0.0387167   0.0101247 -0.00029168 0.000644838 0.00114906 0.00650735 0.00120816 -0.130348  0.054213  -9.80798 
             40.5002 -2.86565 0.812696 -66.0402   0.734844  -0.760433 -0.0591002 0 0 0   -0.011 -0.02329  0.04412   0.205431  -0.692441 -0.0317474    0.0101451 -0.000246717  0.000659182 0.00100236 0.00197975 0.00101556 -0.131859 0.0500329  -9.80799 
             40.6014 -2.96936 0.914991 -67.6334   0.759767  -0.827449 -0.0531788 0 0 0   -0.011 -0.02329  0.04412      0.1919   -0.646405 -0.00775085    0.0100486 -0.000262514  0.000742335   0.00265082 -0.000321638  0.000312461 -0.131027 0.0473732  -9.80801 
                40.7 -2.92344 0.954501 -68.9736   0.775774  -0.889037 -0.0569525 0 0 0   -0.011 -0.02329  0.04412   0.158529  -0.640303 -0.0238338    0.0100853 -0.000399365  0.000673753  0.00360115  0.00165091 0.000625722 -0.129529  0.048915  -9.80802 
             40.8001 -2.96175 0.710178 -70.2306    0.78941  -0.949837 -0.0582771 0 0 0   -0.011 -0.02329  0.04412   0.122216  -0.587481 -0.0273799    0.0100868 -0.000261785  0.000618797  0.00404658  0.00300621 0.000622217 -0.128682 0.0500312  -9.80803 
             40.9001 -3.02197 0.828679 -71.8189   0.792416   -1.00541 -0.0594176 0 0 0   -0.011 -0.02329  0.04412  0.0267646  -0.509937 -0.0115464     0.010027 -0.000193838  0.000700763  0.00178561  0.00419823 0.000531654 -0.130385 0.0518642    -9.808 
             40.9999 -3.55901 0.964314 -73.7823  0.793929  -1.05385 -0.059612 0 0 0   -0.011 -0.02329  0.04412  0.00528562   -0.515908 -0.00255744    0.0102462 -0.000246452  0.000687885 0.00153561 0.00448924 0.00040172 -0.130519 0.0522126  -9.80799 
             41.1001 -3.42124  0.33594 -75.6978   0.796864   -1.10891 -0.0585808 0 0 0   -0.011 -0.02329  0.04412  0.0349291  -0.540939 -0.0192813   0.0101925 -5.2931e-05 0.000658985 0.000979968  0.00335056  0.00026331  -0.13141 0.0513417  -9.80799 
             41.2013 -3.14114 0.482213 -77.2088    0.80361   -1.16666 -0.0609078 0 0 0   -0.011 -0.02329  0.04412 0.00508399  -0.578179  -0.006643    0.0101584 -6.99485e-05  0.000690004  0.00148665  0.00123014 0.000341666 -0.131664 0.0492177  -9.80799 
             41.3014 -3.39884 0.479143 -78.6945   0.807462   -1.22858 -0.0583805 0 0 0   -0.011 -0.02329  0.04412  0.0330297  -0.597391 0.00778019    0.0102637 -6.24552e-05  0.000716099  0.00141899 -0.00106981 3.50575e-05 -0.132513 0.0471169  -9.80799 
             41.4001 -3.06385 0.474658 -80.1536  0.816105  -1.29438 -0.054979 0 0 0   -0.011 -0.02329  0.04412 -0.00607305   -0.684036   0.0020655    0.0101382 -7.10247e-05  0.000703884  0.00297686 -0.00499362  -0.0002607 -0.132446  0.042966  -9.80801 
                41.5 -2.95835 0.210149 -81.8367   0.813579   -1.36369 -0.0574199 0 0 0   -0.011 -0.02329  0.04412   0.0388781   -0.746457 -0.00236877    0.0101475 -2.51785e-05  0.000748469  0.00213267 -0.00215531 0.000105875 -0.132223 0.0458736    -9.808 
                41.6 -2.78299 0.280916 -82.6722   0.820664   -1.43866 -0.0594192 0 0 0   -0.011 -0.02329  0.04412  0.0499825   -0.72811 -0.0184975     0.010282 -0.000129413  0.000812823  0.00352861 -0.00266369 0.000219321 -0.131131 0.0449152  -9.80802 
             41.7002 -2.89962 0.673056 -83.1312   0.822304   -1.50394 -0.0620979 0 0 0   -0.011 -0.02329  0.04412  -0.0221067   -0.664668 -0.00485941    0.0101753 -0.000139345  0.000582374  0.00552203 -0.00110023 0.000431699 -0.128752  0.045634  -9.80805 
             41.8001 -3.36873  0.71346 -84.5992   0.821778   -1.57225 -0.0645016 0 0 0   -0.011 -0.02329  0.04412  -0.0485527   -0.696973 -0.00829383    0.0101905 -6.80546e-05   0.00066989  0.00597096 -0.00405299 0.000501776 -0.129418 0.0427774  -9.80805 
             41.9002 -2.96078 0.434551 -86.0832   0.825926   -1.64615 -0.0609216 0 0 0   -0.011 -0.02329  0.04412  0.0365471  -0.737881 0.00241738    0.0102115 -0.000109707  0.000709726  0.00754377 -0.00664544 0.000108789 -0.128936 0.0398329  -9.80807 
             42.0002 -3.26338 0.492998 -86.6786   0.833622   -1.72277 -0.0671057 0 0 0   -0.011 -0.02329  0.04412  -0.018665  -0.854425 -0.0102242    0.0104287 -0.000117647  0.000625742   0.0107038 -0.00842996 0.000593904 -0.126729 0.0370562  -9.80811 
             42.1001 -2.55096 0.208827 -87.3836   0.835824   -1.81421 -0.0651928 0 0 0   -0.011 -0.02329  0.04412  0.0779568  -0.952105 -0.0238388   0.0101007 -0.00011259 0.000590756   0.0110329 -0.00928129 0.000382542 -0.126746 0.0361563  -9.80811 
             42.2007  -1.33094 -0.207323   -87.145   0.842407   -1.91478 -0.0655076 0 0 0   -0.011 -0.02329  0.04412     0.10534   -0.948191 -0.00984418    0.0101128 -4.47733e-05   0.00056137  0.00824112 -0.00995923 0.000238525 -0.129528 0.0365762  -9.80808 
             42.3001 -2.23735 0.447419 -86.6671   0.849472   -2.00699 -0.0742511 0 0 0   -0.011 -0.02329  0.04412 -0.00113539   -0.901932  -0.0215759    0.0103722 -0.000199029  0.000546933  0.00915526  -0.0104341 0.000784413 -0.128879 0.0358114  -9.80809 
             42.4001  -2.3781 0.701273 -87.1157   0.846766   -2.09364 -0.0677846 0 0 0   -0.011 -0.02329  0.04412  -0.0236595   -0.896824 -0.00507681    0.0101463 -0.000184624  0.000524295  0.00848932  -0.0088926 0.000151799 -0.128903 0.0374539  -9.80808 
             42.5002 -2.09251 0.752515 -87.7318  0.849803  -2.18831 -0.069779 0 0 0   -0.011 -0.02329  0.04412  0.0505639  -0.955272 -0.0120356    0.0102135 -0.000232666  0.000619626  0.00887683  -0.0100001 0.000351692 -0.128969 0.0363051  -9.80808 
                42.6 -1.91269 0.648114 -87.4229   0.860744   -2.28349 -0.0757776 0 0 0   -0.011 -0.02329  0.04412  0.0714087  -0.990244 -0.0124659    0.0104046 -0.000162684  0.000543031   0.0114422  -0.0104257 0.000777231 -0.126809 0.0349582  -9.80812 
             42.7002 -2.02822 0.456126 -86.8953  0.871495   -2.3869 -0.072688 0 0 0   -0.011 -0.02329  0.04412   0.069885  -0.998811 -0.0236033    0.0103345 -7.78279e-05  0.000491406   0.0110728  -0.0139513 0.000313567 -0.128477 0.0318962  -9.80811 
             42.8001 -1.70934 0.453548 -86.6659   0.888514   -2.48633 -0.0711883 0 0 0   -0.011 -0.02329  0.04412     0.14089   -0.904173 -0.00791753    0.0102094 -0.000224382   0.00057678   0.0138932  -0.0165778 0.000166305 -0.126921  0.028456  -9.80814 
             42.9014 -2.08639 0.754809 -86.1054   0.905497    -2.5699 -0.0743285 0 0 0   -0.011 -0.02329  0.04412  0.0195451  -0.719038 -0.0107574    0.0102785 -0.000217702  0.000527781   0.0156984  -0.0198582 0.000202754 -0.126521 0.0248039  -9.80815 
                  43 -3.48176  1.47656 -87.5343   0.900527   -2.63528 -0.0715337 0 0 0   -0.011 -0.02329  0.04412 -0.0309253   -0.66211 0.00701285    0.0102219 -0.000283999  0.000680414     0.014305   -0.0185668 -2.81786e-05 -0.127301 0.0264949  -9.80814 
             43.1001 -2.52612 0.804673 -88.7259   0.897708   -2.70411 -0.0641125 0 0 0   -0.011 -0.02329  0.04412 0.0171215  -0.70236 0.0168281    0.0100381 -0.000110347  0.000620007    0.0127419   -0.0180938 -0.000500621 -0.128543 0.0275027  -9.80812 
             43.2015 -2.35413 0.633024 -89.3415   0.904137   -2.77663 -0.0632086 0 0 0   -0.011 -0.02329  0.04412 -0.0162726   -0.82719  0.0252947    0.0100648 -0.000141856  0.000590598    0.0155346   -0.0188382 -0.000423997 -0.126299  0.025789  -9.80815 
             43.3001 -2.16115 0.179765 -89.9333  0.898735  -2.86637 -0.062429 0 0 0   -0.011 -0.02329  0.04412 0.0396456 -0.930477  0.014509    0.0100602 -0.000144574   0.00059818   0.0123937  -0.0176161 -0.00030563 -0.128675 0.0280693  -9.80812 
                43.4   -1.76864 -0.0634928   -89.2457    0.89863   -2.95759 -0.0639784 0 0 0   -0.011 -0.02329  0.04412 0.00956589  -0.975692 0.00723786    0.0101023 -0.000110611  0.000402653    0.0128433   -0.0151418 -4.11965e-06 -0.127337 0.0301469  -9.80813 
                43.5 -1.46227 0.192617 -88.9173   0.898744   -3.05183 -0.0632152 0 0 0   -0.011 -0.02329  0.04412 0.0433091 -0.987062 0.0107871  0.00999328 -0.00025897 0.000432654   0.0130361   -0.013035 2.53154e-05 -0.126369 0.0319823  -9.80813 
                43.6  -1.71544 0.0614568   -88.566   0.900977   -3.15071 -0.0659409 0 0 0   -0.011 -0.02329  0.04412 0.0169416   -0.9726  -0.01348   0.0101173 -0.00016934 0.000424952   0.0127399  -0.0135414 0.000268362 -0.126824 0.0316372  -9.80813 
                43.7 -1.59859 0.223764 -88.0087   0.901012   -3.24807 -0.0743968 0 0 0   -0.011 -0.02329  0.04412   0.033529  -0.974049 -0.0136249    0.0101214 -0.000299093  0.000365545   0.0120474   -0.012449 0.000911209 -0.127028 0.0328877  -9.80812 
             43.8002 -1.55418  0.22471 -87.3873   0.897229   -3.35009 -0.0770663 0 0 0   -0.011 -0.02329  0.04412 0.00522344  -0.968644 -0.0212198    0.0100838 -0.000310979  0.000261088  0.00898587  -0.0129808 0.000892431 -0.129986 0.0335552  -9.80808 
             43.9002 -1.66163 0.421626 -87.1607   0.889596   -3.44559 -0.0840286 0 0 0   -0.011 -0.02329  0.04412 -0.0113269  -0.926725 -0.0195518    0.0101894 -0.000371978  0.000298182 0.00608686  -0.011786 0.00121994 -0.132143   0.03572  -9.80804 
                  44 -1.81094 0.603284 -87.4647   0.892004   -3.53127 -0.0912648 0 0 0   -0.011 -0.02329  0.04412  -0.017149  -0.799461 -0.0388945    0.0101732 -0.000443053  0.000488983 0.00843254  -0.011423  0.0016274 -0.129889 0.0351717  -9.80808 
             44.1007 -2.03038 0.860263 -87.5847   0.888979   -3.60043 -0.0983328 0 0 0   -0.011 -0.02329  0.04412 -0.0267943  -0.671375 -0.0212676    0.0102256 -0.000438917  0.000583574  0.00905142 -0.00992313  0.00187323 -0.128769 0.0362994  -9.80809 
                44.2 -2.12319  1.10015 -87.3533  0.88548 -3.65736 -0.11145 0 0 0   -0.011 -0.02329  0.04412 -0.0383902  -0.493829 -0.0643915    0.0102868 -0.000550441  0.000518973  0.00999577 -0.00817276  0.00261953 -0.127256 0.0375312   -9.8081 
             44.3026 -2.08098  1.36059 -87.2089  0.883693  -3.68485 -0.114758 0 0 0   -0.011 -0.02329  0.04412 -0.0432976   -0.15595  -0.050222    0.0102733 -0.000492489  0.000501561    0.011956 -0.00712926  0.00240849 -0.125108 0.0377562  -9.80813 
             44.4002 -1.81305  2.09626  -87.331  0.877913  -3.68636 -0.117699 0 0 0   -0.011 -0.02329  0.04412 -0.0600538    0.01521 -0.0379931     0.010217 -0.000623576  0.000611973   0.0130863 -0.00505291  0.00240773 -0.123324 0.0392232  -9.80815 
              44.501 -2.13995  1.94381 -87.3026  0.87586 -3.68093 -0.11675 0 0 0   -0.011 -0.02329  0.04412 -0.0406668  0.0364428 -0.0193975    0.0104205 -0.000582049  0.000617168   0.0141068 -0.00525839  0.00207483 -0.122487 0.0386626  -9.80816 
                44.6 -2.03629  1.60172 -87.2593   0.87493  -3.67499 -0.120833 0 0 0   -0.011 -0.02329  0.04412 -0.0262518  0.0169597 -0.0304592   0.0104134 -0.00054662 0.000578697   0.0156915 -0.00467355  0.00223165 -0.120841 0.0386143  -9.80818 
             44.7014 -1.90433  1.70137 -87.3163  0.877144  -3.67415 -0.120274 0 0 0   -0.011 -0.02329  0.04412 -0.0134956 -0.0161202 -0.0235273    0.0103268 -0.000603329  0.000603454   0.0171664 -0.00517514  0.00198341 -0.119702 0.0376193   -9.8082 
                44.8 -2.07057  1.66347 -87.3297  0.878117  -3.67372 -0.121612 0 0 0   -0.011 -0.02329  0.04412 -0.00124587  -0.0261449  -0.0208494    0.0104249 -0.000573101  0.000609501   0.0182915 -0.00461027  0.00194516 -0.118483 0.0377209  -9.80821 
             44.9001 -1.98361  1.84632 -87.3416 0.880967 -3.67451  -0.1198 0 0 0   -0.011 -0.02329  0.04412 0.00918083 -0.0281575 -0.0119879    0.0103721 -0.000679623  0.000619139    0.019484 -0.00439763  0.00167072  -0.11734 0.0374758  -9.80823 
             44.9999 -1.78399  1.88652 -87.2441  0.883353   -3.6766 -0.121427 0 0 0   -0.011 -0.02329  0.04412  0.0118241 -0.0320882 -0.0130394    0.0102548 -0.000700076  0.000564867  0.0201056  -0.004417 0.00169749 -0.116786 0.0372331  -9.80823 
                45.1  -2.0356  1.69191 -87.3014  0.884231  -3.67819 -0.119458 0 0 0   -0.011 -0.02329  0.04412   0.0189396  -0.0326931 -0.00672834    0.0104024 -0.000587258  0.000604283  0.0202291 -0.0037411 0.00147678 -0.116437  0.037796  -9.80824 
             45.2001 -2.10544  1.78931 -87.3454  0.883824  -3.67871 -0.115018 0 0 0   -0.011 -0.02329  0.04412  0.0218215 -0.0371562 0.00334029    0.0104407 -0.000645707  0.000627256    0.020308 -0.00223556  0.00114011 -0.115831 0.0391234  -9.80824 
             45.2999 -2.10458  1.50668 -87.1728      0.88  -3.68157 -0.114107 0 0 0   -0.011 -0.02329  0.04412  0.0157114 -0.0381676 0.00372624    0.0104418 -0.000473594  0.000531422    0.0190485 -0.000912063   0.00112135 -0.116486 0.0407758  -9.80822 
             45.4011 -1.93965  1.54695 -87.3171  0.878045  -3.68152 -0.115038 0 0 0   -0.011 -0.02329  0.04412   0.0104818  -0.0340111 0.000858398    0.0103403 -0.000498349  0.000618847    0.019127 0.000796201  0.00125841 -0.115792 0.0422958  -9.80823 
             45.4999 -2.24664  1.51545 -87.2659  0.876677  -3.68172 -0.113217 0 0 0   -0.011 -0.02329  0.04412   0.016119 -0.0301246 0.00411487   0.0105252 -0.00047831  0.00058973  0.0190874 0.00224642 0.00117669 -0.115306 0.0436201  -9.80823 
                45.6 -2.15383  1.50285 -87.2328  0.876475  -3.68142 -0.110712 0 0 0   -0.011 -0.02329  0.04412  0.0183524 -0.0266659 0.00842639    0.0104687 -0.000470255  0.000571078  0.0193546 0.00353636 0.00106103 -0.114604 0.0446883  -9.80823 
                45.7 -1.94942  1.54363 -87.2474  0.876588  -3.68116 -0.112437 0 0 0   -0.011 -0.02329  0.04412  0.0157437 -0.0255377 0.00313159    0.0103482 -0.000494371  0.000580413  0.0196582 0.00464122 0.00127415 -0.113925 0.0455823  -9.80823 
             45.8002 -2.26831  1.40875 -87.4384 0.873933 -3.68156 -0.11098 0 0 0   -0.011 -0.02329  0.04412  0.0174792 -0.0214229 0.00494036     0.010533 -0.000415331  0.000698589  0.0190016 0.00601315 0.00122315 -0.114024 0.0470573  -9.80822 
             45.9001 -1.94038  1.66786 -87.4652   0.87751  -3.67849 -0.108727 0 0 0   -0.011 -0.02329  0.04412  0.0218624 -0.0171345 0.00897884    0.0103353 -0.000569967  0.000707508  0.0205618 0.00719437 0.00113473 -0.112198 0.0475644  -9.80824 
             46.0015 -1.93435  1.74753 -87.2415 0.879083  -3.6764 -0.10734 0 0 0   -0.011 -0.02329  0.04412  0.0232362 -0.0162011 0.00973258    0.0103337 -0.000611586  0.000571203  0.0212197 0.00840619 0.00113508 -0.111172 0.0484241  -9.80825 
              46.101 -2.30551   1.7044 -87.3017 0.880969 -3.67671 -0.10921 0 0 0   -0.011 -0.02329  0.04412  0.0330957 -0.0198656 0.00337624    0.0105563 -0.000585336  0.000608739  0.0212526  0.0090149 0.00135959 -0.110917 0.0489663  -9.80825 
             46.2009 -2.22211  1.73285 -87.2737  0.881096  -3.67745 -0.107911 0 0 0   -0.011 -0.02329  0.04412  0.0333694 -0.0238458  0.0056085    0.0105045 -0.000601675   0.00059172  0.0208684 0.00996661 0.00130753 -0.110924 0.0499621  -9.80825 
             46.3001 -1.94767  1.67372 -87.1951  0.880833  -3.67779 -0.110988 0 0 0   -0.011 -0.02329  0.04412   0.0260284  -0.0259938 -0.00176538    0.0103419 -0.000564133  0.000545556  0.0206469  0.0110497 0.00158499 -0.110728 0.0510244  -9.80824 
             46.4014 -2.07803   1.7544 -87.2661  0.881793   -3.6781 -0.110953 0 0 0   -0.011 -0.02329  0.04412   0.0287294   -0.028427 -0.00165413    0.0104155 -0.000610973  0.000586222  0.0207437  0.0120184 0.00159269 -0.110295 0.0518649  -9.80824 
                46.5 -2.15394  1.61655 -87.3326 0.882181 -3.67835  -0.1108 0 0 0   -0.011 -0.02329  0.04412  0.0300784 -0.0262811 -0.0012424    0.0104581 -0.000529114  0.000629163  0.0206635  0.0131028 0.00159831 -0.109981 0.0528725  -9.80824 
                46.6 -1.90457  1.67352 -87.3331  0.885355  -3.67779 -0.111695 0 0 0   -0.011 -0.02329  0.04412   0.0306296  -0.0256783 -0.00305131    0.0103081 -0.000561291  0.000627641  0.0213731  0.0138944 0.00167549 -0.109061 0.0533373  -9.80825 
                46.7  -2.0067  1.75822 -87.4532  0.885482  -3.67735 -0.109462 0 0 0   -0.011 -0.02329  0.04412  0.0294087 -0.0257758 0.00191406   0.0103651  -0.0006112 0.000696039  0.0213599  0.0151951 0.00152329 -0.108616 0.0545128  -9.80825 
                46.8 -2.03618  1.70658 -87.3988  0.885665  -3.67572 -0.108472 0 0 0   -0.011 -0.02329  0.04412  0.0277881 -0.0215304 0.00332768    0.0103823 -0.000578748  0.000663756  0.0215672  0.0166603 0.00150593 -0.107912 0.0557613  -9.80825 
             46.9001 -1.83345  1.80219 -87.3529  0.880466  -3.67449 -0.110391 0 0 0   -0.011 -0.02329  0.04412  0.00961282  -0.0224446 -0.00160551    0.0102609 -0.000632446   0.00063365 0.0207886 0.0186423 0.0017048 -0.107905 0.0578273  -9.80824 
             47.0001 -1.93493   1.7354  -87.363  0.878951  -3.67381 -0.112855 0 0 0   -0.011 -0.02329  0.04412  0.00669418  -0.0224522 -0.00662093    0.0103214 -0.000591013  0.000640501  0.0208222  0.0197373 0.00190314 -0.107483 0.0588067  -9.80823 
             47.1006 -2.05546  1.76078 -87.3644  0.879644  -3.67428 -0.113871 0 0 0   -0.011 -0.02329  0.04412   0.0114978  -0.0256209 -0.00791131    0.0103919 -0.000603462  0.000640731  0.0211234   0.020272 0.00194523 -0.107023 0.0591836  -9.80824 
             47.2002 -2.12013  1.42377 -87.4769   0.86976  -3.67583 -0.109441 0 0 0   -0.011 -0.02329  0.04412 -0.00499665  -0.0212265  0.00202446    0.0104279 -0.000405579  0.000715328  0.0191719  0.0220561 0.00159674 -0.108157 0.0614696  -9.80821 
             47.3001 -2.07782  1.73155 -87.1907  0.867833  -3.67482 -0.108835 0 0 0   -0.011 -0.02329  0.04412 -0.0043074 -0.0221596 0.00282993    0.0104068 -0.000584205  0.000538424  0.0195238  0.0230978 0.00159234 -0.107476  0.062285  -9.80821 
             47.4001 -2.25962  1.63078 -87.3416  0.865833  -3.67583 -0.112358 0 0 0   -0.011 -0.02329  0.04412  4.0836e-05  -0.0238189 -0.00576504    0.0105114 -0.000526254  0.000629954   0.019356  0.0236585 0.00187977 -0.107421 0.0628539  -9.80821 
             47.5011 -2.10705  1.65124 -87.3625  0.867877   -3.6797 -0.109217 0 0 0   -0.011 -0.02329  0.04412 0.00850565 -0.0323588 0.00176186    0.0104189 -0.000538551  0.000642111  0.0195129  0.0231769 0.00159988 -0.107457 0.0623603  -9.80821 
             47.6001   -2.175  1.51382 -87.3009  0.874242  -3.67875 -0.106912 0 0 0   -0.011 -0.02329  0.04412  0.0263632 -0.0242497 0.00601112    0.0104609 -0.000453278  0.000609737   0.021071  0.0233888 0.00147424  -0.10599 0.0620067  -9.80823 
                47.7 -2.31344  1.55712 -87.2841  0.875374  -3.67851 -0.110544 0 0 0   -0.011 -0.02329  0.04412   0.0308771  -0.0227571 -0.00293891   0.0105405   -0.000477 0.000599011  0.0211842  0.0242365 0.00179889 -0.105585 0.0627369  -9.80823 
             47.8001 -2.01146  1.72519 -87.2226   0.87293  -3.67545 -0.110756 0 0 0   -0.011 -0.02329  0.04412  0.0201142 -0.0176568 -0.0026707     0.010361 -0.000574558  0.000560281  0.0212071   0.026128 0.00183324 -0.104908 0.0644325  -9.80823 
             47.9001 -1.96586  1.69864 -87.3223  0.878347  -3.67465 -0.109776 0 0 0   -0.011 -0.02329  0.04412    0.0296541   -0.0171484 -0.000498354    0.0103309 -0.000559577  0.000621299  0.0222041  0.0262829 0.00175652 -0.103963  0.064226  -9.80824 
             48.0001  -2.0551  1.72617 -87.2654  0.879808  -3.67697 -0.107384 0 0 0   -0.011 -0.02329  0.04412  0.0317107 -0.0244579  0.0041476    0.0103845 -0.000573785  0.000588061 0.0218464 0.0264828 0.0015821 -0.104219 0.0645257  -9.80823 
                48.1 -1.94263  1.73616 -87.3641 0.882472 -3.67555 -0.10529 0 0 0   -0.011 -0.02329  0.04412  0.0321777  -0.021432 0.00754159    0.0103153 -0.000580945  0.000646725  0.0224133  0.0273871 0.00148665 -0.103403 0.0651426  -9.80824 
             48.2006 -2.16037  1.64017 -87.1979  0.881156  -3.67895 -0.107283 0 0 0   -0.011 -0.02329  0.04412  0.0290879 -0.0292043  0.0011539    0.0104448 -0.000519002  0.000549339  0.0214048  0.0277853 0.00168705 -0.104163 0.0658505  -9.80823 
             48.3006 -1.88588  1.71738 -87.3359  0.880472  -3.68019 -0.107273 0 0 0   -0.011 -0.02329  0.04412   0.0203397  -0.0323267 0.000753934    0.0102804 -0.000566007  0.000629026  0.0211991  0.0285986 0.00170602 -0.104068 0.0666527  -9.80822 
             48.4006 -2.03616  1.49623 -87.3371  0.881268  -3.68218 -0.107634 0 0 0   -0.011 -0.02329  0.04412   0.0221349  -0.0306683 -0.00053939    0.0103701 -0.000433507  0.000634496  0.0211032  0.0290062 0.00175107 -0.104014 0.0670526  -9.80822 
             48.5013 -2.27312  1.58036 -87.4182 0.879504 -3.68077 -0.11087 0 0 0   -0.011 -0.02329  0.04412   0.0218408  -0.0247988 -0.00762678    0.0105085 -0.000486308  0.000681746  0.0210601   0.030445 0.00201752 -0.103554 0.0683656  -9.80822 
             48.6008 -1.86402  1.73732  -87.148  0.882073  -3.67948 -0.107143 0 0 0   -0.011 -0.02329  0.04412  0.0212312 -0.0225384 0.00205535    0.0102709 -0.000573065  0.000520457  0.0218197  0.0311578 0.00171507 -0.102641 0.0687423  -9.80822 
             48.7001  -2.0752   1.5151 -87.4114  0.879894  -3.67918 -0.107975 0 0 0   -0.011 -0.02329  0.04412    0.0174553   -0.0178784 -0.000588556    0.0103906 -0.000445983  0.000682562  0.0214237  0.0321815 0.00181813 -0.102644 0.0697981  -9.80821 
             48.8006 -2.01952  1.55247 -87.3887  0.875123  -3.67837 -0.112076 0 0 0   -0.011 -0.02329  0.04412  0.00534783  -0.0159625 -0.00938343    0.0103571 -0.000468132  0.000668205  0.0208054   0.033459 0.00213296 -0.102756 0.0711603   -9.8082 
             48.9006 -1.85851  1.77745 -87.2667  0.876891  -3.67699 -0.109241 0 0 0   -0.011 -0.02329  0.04412   0.0080545  -0.0160122 -0.00138849    0.0102638 -0.000597038  0.000591624  0.0215413  0.0339491 0.00187565  -0.10194 0.0713471  -9.80821 
                  49 -1.98072  1.69718 -87.4369 0.874904 -3.67532 -0.11127 0 0 0   -0.011 -0.02329  0.04412  0.00506658  -0.0132302 -0.00577139    0.0103326 -0.000551998  0.000695279 0.0215633 0.0349179 0.0020374 -0.101589  0.072212  -9.80821 
             49.0999 -1.77951  1.78737 -87.4911  0.874452  -3.67598 -0.112472 0 0 0   -0.011 -0.02329  0.04412 0.000623697   -0.019198 -0.00704989    0.0102109 -0.000606161  0.000726325  0.0216292  0.0351894 0.00208424 -0.101438 0.0724343  -9.80821 
                49.2 -1.9587   1.668 -87.291  0.878133  -3.67707 -0.111664 0 0 0   -0.011 -0.02329  0.04412   0.0118719  -0.0203631 -0.00427957     0.010318 -0.000532759   0.00061215  0.0222536  0.0349695 0.00198135 -0.100957 0.0720258  -9.80822 
             49.3001 -2.13946  1.55851 -87.3583  0.880331  -3.67862 -0.111297 0 0 0   -0.011 -0.02329  0.04412   0.0204859  -0.0210829 -0.00259475    0.0104205 -0.000470419  0.000652549  0.0223978  0.0349966 0.00193208 -0.10082 0.072001 -9.80822 
                49.4 -1.91966  1.56203 -87.3084  0.875062  -3.67808 -0.112309 0 0 0   -0.011 -0.02329  0.04412  0.00476083  -0.0185815 -0.00433036    0.0102907 -0.000470324  0.000623241   0.021752   0.036288 0.00200723 -0.100963 0.0733757  -9.80821 
             49.5008  -1.9016  1.89352 -87.3383  0.876111  -3.67745 -0.109486 0 0 0   -0.011 -0.02329  0.04412 0.00791607 -0.0220779 0.00213255    0.0102795 -0.000665764   0.00063345  0.0222691  0.0368033 0.00178974 -0.100337 0.0736617  -9.80821 
             49.5999 -2.00734  1.71912 -87.2761 0.879695 -3.67742 -0.11025 0 0 0   -0.011 -0.02329  0.04412   0.0168802  -0.0208946 -5.8419e-05    0.0103424 -0.000561532  0.000599071  0.0229463  0.0368996 0.00187282 -0.0996985  0.0735244   -9.80822 
             49.6999 -1.94675   1.7328  -87.272  0.880722  -3.67547 -0.108902 0 0 0   -0.011 -0.02329  0.04412  0.0172555 -0.0162561 0.00272304     0.010306 -0.000567713  0.000596838  0.0234349  0.0377097 0.00180147 -0.0989969  0.0740871   -9.80822 
             49.8001 -1.89643  1.70059 -87.2072 0.879208   -3.678 -0.10928 0 0 0   -0.011 -0.02329  0.04412   0.0111593  -0.0232608 0.000965319     0.010277 -0.000546413  0.000559431   0.022892   0.037951 0.00184629   -0.0994 0.0744832  -9.80821 
                49.9 -1.85189  1.71389 -87.2869  0.880039  -3.67861 -0.110615 0 0 0   -0.011 -0.02329  0.04412  0.0101369 -0.0248254 -0.0022543    0.010249 -0.00055508 0.000605937  0.0231295  0.0383003 0.00195806 -0.0990704  0.0747197   -9.80822 
             50.0001 -1.99267  1.63717 -87.2562  0.878946   -3.6792 -0.109997 0 0 0   -0.011 -0.02329  0.04412   0.00936211   -0.0233175 -0.000927578    0.0103315 -0.000509401  0.000589481  0.0230611  0.0388946 0.00191477 -0.098938 0.0752735  -9.80821 
             50.1006 -1.99787  1.51818 -87.2626  0.877028  -3.67979 -0.109545 0 0 0   -0.011 -0.02329  0.04412    0.0055693   -0.0198542 -2.02376e-06    0.0103339 -0.000439934  0.000595812  0.0228815  0.0394959 0.00189089 -0.0989022    0.07587   -9.80821 
             50.2006 -1.87182   1.7546 -87.3219   0.87924   -3.6786 -0.110838 0 0 0   -0.011 -0.02329  0.04412  0.00812847  -0.0196988 -0.00272519    0.0102606 -0.000575513  0.000625165  0.0236169   0.039894 0.00199511 -0.0981151  0.0759882   -9.80821 
             50.3005 -1.96182  1.62853 -87.3386  0.879271  -3.67805 -0.113319 0 0 0   -0.011 -0.02329  0.04412  0.00854106   -0.016593 -0.00766994    0.0103131 -0.000499712  0.000636092  0.0238136  0.0403915 0.00216831 -0.0977739  0.0763722   -9.80822 
             50.4007 -1.91868  1.63689 -87.2946  0.878843  -3.67894 -0.115703 0 0 0   -0.011 -0.02329  0.04412 0.00608975 -0.0191429 -0.0113652    0.0102881 -0.000503515    0.0006103 0.0237745 0.0406737 0.0022871 -0.0977141  0.0766391   -9.80821 
             50.5006 -1.84819  1.76448 -87.2977   0.87822  -3.67991 -0.113878 0 0 0   -0.011 -0.02329  0.04412  0.00368378  -0.0224947 -0.00526174    0.0102473 -0.000576114  0.000610783  0.0238035  0.0410214 0.00208451 -0.0975817  0.0769372   -9.80821 
                50.6 -1.79249  1.63864 -87.3948  0.876998   -3.6767 -0.113881 0 0 0   -0.011 -0.02329  0.04412 -0.00112046  -0.0120776 -0.00423917    0.0102134 -0.000503778  0.000672427  0.0243054   0.042015 0.00207851 -0.096816  0.077663  -9.80821 
             50.6999 -1.97172  1.65439 -87.3221  0.874993  -3.67709 -0.116833 0 0 0   -0.011 -0.02329  0.04412 -0.00254111  -0.0142881 -0.00971634    0.0103216 -0.000510608  0.000629728  0.0241484  0.0423895 0.00226322 -0.0968304   0.078051   -9.80821 
             50.8006 -1.97718  1.55666 -87.3947  0.875569  -3.67835 -0.115622 0 0 0   -0.011 -0.02329  0.04412  0.00144578    -0.01475 -0.00566038    0.0103223 -0.000453485   0.00067369  0.0242653  0.0423554 0.00211014 -0.0967415  0.0779806   -9.80821 
             50.9006 -1.81569  1.73919 -87.3333  0.874109  -3.67572 -0.113204 0 0 0   -0.011 -0.02329  0.04412 -0.00349984  -0.0105517 0.000763992    0.0102277 -0.000560813  0.000633685  0.0246593  0.0432047 0.00192034 -0.096126 0.0786095  -9.80821 
             51.0006 -1.83568  1.88242 -87.3936  0.875996  -3.67144 -0.113527 0 0 0   -0.011 -0.02329  0.04412  0.000997958  -0.00566992 -0.000222421    0.0102377 -0.000645914   0.00066667  0.0256734   0.043858 0.00197301 -0.0950165  0.0788696   -9.80822 
             51.1002 -1.85301  1.71344 -87.3034  0.877028  -3.67304 -0.113192 0 0 0   -0.011 -0.02329  0.04412  0.00296334  -0.0116382 0.000274212    0.0102501 -0.000543208  0.000617812  0.0256724  0.0436285 0.00194447 -0.0950908  0.0786647   -9.80822 
             51.1999 -1.81606  1.68876  -87.382  0.876588   -3.6764 -0.115317 0 0 0   -0.011 -0.02329  0.04412 2.29746e-06  -0.0215098 -0.00436433   0.0102273 -0.00052879 0.000664846  0.0253478  0.0433982 0.00208546 -0.0954476  0.0785647   -9.80822 
                51.3 -1.71137  1.84501 -87.3186  0.877902  -3.67513 -0.117402 0 0 0   -0.011 -0.02329  0.04412 -0.000679758    -0.021417  -0.00767524    0.0101662 -0.000619485  0.000625116  0.0260347  0.0438157 0.00221384 -0.0947034  0.0787216   -9.80823 
                51.4 -2.01959  1.85825 -87.2521  0.876121   -3.6763 -0.110564 0 0 0   -0.011 -0.02329  0.04412 0.00233221 -0.0237574 0.00780547    0.0103494 -0.000624898  0.000587169  0.0258891  0.0442813 0.00169763 -0.0947011  0.0791742   -9.80822 
             51.4999 -1.87538  1.75521 -87.2621   0.87242  -3.67551 -0.109321 0 0 0   -0.011 -0.02329  0.04412 -0.00657621  -0.0203709  0.00869637   0.0102672 -0.00056455  0.00059441  0.0258232  0.0451495 0.00168456 -0.0944884  0.0799678   -9.80822 
                51.6 -2.05237  1.72701 -87.3587  0.873738   -3.6768 -0.109055 0 0 0   -0.011 -0.02329  0.04412 0.00160466 -0.0230022 0.00728412     0.010367 -0.000549009  0.000653536  0.0261335  0.0451316 0.00173295 -0.0942177  0.0798555   -9.80822 
             51.7006 -2.11763  1.70517 -87.3413  0.874206  -3.67687 -0.103831 0 0 0   -0.011 -0.02329  0.04412 0.00758735 -0.0204207  0.0163649    0.0104041 -0.000535254  0.000644422  0.0264154  0.0455032 0.00142976 -0.0938617  0.0800932   -9.80822 
             51.8005 -2.02913   1.6157 -87.2858  0.874126   -3.6798 -0.102131 0 0 0   -0.011 -0.02329  0.04412 0.00779143 -0.0248758  0.0163173   0.0103527 -0.00048258 0.000613426  0.0262122  0.0454767 0.00142148 -0.0940499  0.0801327   -9.80822 
             51.9002 -1.95009  1.69679 -87.2732  0.872678  -3.67833 -0.106545 0 0 0   -0.011 -0.02329  0.04412 0.00253108  -0.021408 0.00358286    0.0103058 -0.000527976   0.00060561  0.0264498  0.0462611 0.00186744 -0.0935857  0.0807649   -9.80822 
             51.9999 -1.88048  1.74706 -87.2715  0.870729  -3.67696 -0.111274 0 0 0   -0.011 -0.02329  0.04412 -0.00381286  -0.0191919 -0.00699848    0.0102646 -0.000556596  0.000603286  0.0266445  0.0469715 0.00224012 -0.0931854  0.0813431   -9.80822 
             52.1002 -1.79926  1.82375 -87.3179  0.873157  -3.67655 -0.113278 0 0 0   -0.011 -0.02329  0.04412  0.00021709  -0.0206452 -0.00981721    0.0102155 -0.000600747  0.000628891   0.027313  0.0470529 0.00233634 -0.0925667  0.0812116   -9.80823 
                52.2 -1.93571  1.76777 -87.3222   0.87195  -3.67569 -0.114132 0 0 0   -0.011 -0.02329  0.04412 -0.000214885   -0.0184508  -0.00988296    0.0102946 -0.000566918  0.000632378  0.0274955  0.0476201 0.00234537 -0.0922326  0.0816596   -9.80823 
             52.3005 -1.99269  1.83503 -87.2339  0.873135  -3.67665 -0.116894 0 0 0   -0.011 -0.02329  0.04412 0.00450241 -0.0230864 -0.0138873     0.010329 -0.000604656  0.000578615  0.0277578  0.0476847 0.00247297 -0.0919778  0.0816392   -9.80823 
                52.4 -1.70706  1.77668 -87.3402  0.872168   -3.6769 -0.116195 0 0 0   -0.011 -0.02329  0.04412 -0.00253558  -0.0228169 -0.00927182    0.0101602 -0.000570395  0.000640663  0.0279093  0.0480924 0.00233481 -0.0917244  0.0819524   -9.80823 
             52.5001 -1.87783  1.65787 -87.3741  0.879059  -3.67723 -0.115468 0 0 0   -0.011 -0.02329  0.04412   0.0144061  -0.0202685 -0.00610431    0.0102579 -0.000500872  0.000660918  0.0289513  0.0477018 0.00222373 -0.090925 0.0812875  -9.80824 
                52.6 -1.87059  1.77233 -87.3327   0.87865  -3.67677 -0.116911 0 0 0   -0.011 -0.02329  0.04412   0.0105214  -0.0203359 -0.00796997    0.0102543 -0.000565516  0.000635148  0.0290616  0.0482559 0.00229329 -0.0906595  0.0817469   -9.80824 
             52.7001 -2.00331  1.75783 -87.3565  0.876678  -3.67503 -0.111735 0 0 0   -0.011 -0.02329  0.04412 0.00887695 -0.0144841  0.0039897    0.0103318 -0.000558299   0.00064924  0.0291099  0.0491154 0.00190201 -0.0903707  0.0824873   -9.80824 
                52.8 -1.88224  1.74984 -87.2814  0.874415  -3.67254 -0.112104 0 0 0   -0.011 -0.02329  0.04412  0.00172787 -0.00998205  0.00227687    0.0102618 -0.000553719  0.000605143  0.0292314   0.049934 0.00197402 -0.0900175  0.0831774   -9.80823 
             52.9001 -1.84314  1.81004 -87.2679  0.877363  -3.67212 -0.108842 0 0 0   -0.011 -0.02329  0.04412 0.00807421 -0.0120221  0.0086183     0.010238 -0.000587313  0.000595351  0.0297426  0.0499157 0.00176572 -0.0895782  0.0830043   -9.80824 
             53.0001 -1.88198  1.78537  -87.213  0.875312  -3.67347 -0.110784 0 0 0   -0.011 -0.02329  0.04412 0.00258263 -0.0179152 0.00229482     0.010262 -0.000570757  0.000564717  0.0294174  0.0501786 0.00196566 -0.0897815  0.0833377   -9.80824 
             53.1006 -1.83463  1.65787  -87.295  0.877993  -3.67563 -0.111967 0 0 0   -0.011 -0.02329  0.04412   0.00673152   -0.0215669 -0.000941532    0.0102321 -0.000498581  0.000613601  0.0296574  0.0498945 0.00206081 -0.0896511  0.0830166   -9.80824 
                53.2 -2.03667  1.83767 -87.3515  0.881865  -3.67155 -0.110171 0 0 0   -0.011 -0.02329  0.04412   0.018482 -0.0128492 0.00298188   0.0103468 -0.00060181 0.000642223  0.0306855  0.0504877 0.00195732 -0.0885752  0.0832352   -9.80825 
                53.3 -1.92082  1.79847 -87.2699 0.879259  -3.6754 -0.10947 0 0 0   -0.011 -0.02329  0.04412 0.00943053 -0.0238593 0.00359661    0.0102802 -0.000576983  0.000595137  0.0299589   0.050594 0.00192201 -0.0891845  0.0835429   -9.80824 
             53.4005  -1.9778  1.62678 -87.3154  0.878758  -3.67806 -0.110389 0 0 0   -0.011 -0.02329  0.04412  0.00860276  -0.0262761 0.000380837    0.0103127 -0.000476413  0.000622795  0.0297424  0.0506899 0.00201261 -0.0893446  0.0836929   -9.80824 
             53.5001 -1.84699  1.94729 -87.2413  0.876959  -3.67512 -0.109462 0 0 0   -0.011 -0.02329  0.04412 0.00197156  -0.022086 0.00250416    0.0102378 -0.000659487  0.000572775  0.0301526  0.0516905 0.00197364 -0.0886955  0.0844561   -9.80824 
             53.6002 -1.96091  1.73414 -87.3218  0.877325  -3.67295 -0.108357 0 0 0   -0.011 -0.02329  0.04412 0.00500784 -0.0140468 0.00417538    0.0103034 -0.000535415  0.000624197  0.0306066  0.0522254 0.00193692 -0.0881434  0.0847953   -9.80824 
             53.7001 -1.83397   1.7092 -87.4039  0.877931  -3.67497 -0.108862 0 0 0   -0.011 -0.02329  0.04412 0.00409009 -0.0196212 0.00198955    0.0102278 -0.000521489  0.000672691  0.0305894  0.0521409 0.00199783 -0.0881811  0.0847269   -9.80824 
             53.8001 -1.98231  1.66721 -87.2969    0.8765  -3.67344 -0.109442 0 0 0   -0.011 -0.02329  0.04412  0.00329989  -0.0138145 6.92093e-05     0.010316 -0.000493409  0.000610805   0.030743  0.0527599 0.00207114 -0.0878674  0.0852299   -9.80824 
             53.9008 -2.01652  1.72835 -87.2828  0.874492  -3.67469 -0.111684 0 0 0   -0.011 -0.02329  0.04412 0.000922826  -0.0180717 -0.00516613    0.0103352 -0.000527188  0.000601126 0.0305111 0.0530122 0.0022312 -0.087995 0.0855222  -9.80823 
                  54 -1.96681  1.81697 -87.3732  0.876368  -3.67748 -0.112286 0 0 0   -0.011 -0.02329  0.04412  0.00637116  -0.0263563 -0.00588239    0.0103043 -0.000580469  0.000651317  0.0306348  0.0527807 0.00222906 -0.0879522  0.0852826   -9.80823 
                54.1 -2.02347  1.64906 -87.3629   0.87891  -3.67752 -0.113731 0 0 0   -0.011 -0.02329  0.04412   0.0132076  -0.0216728 -0.00774254    0.0103367 -0.000482735  0.000648953 0.0310838 0.0529215  0.002299 -0.087517 0.0852794  -9.80824 
             54.2001 -2.06136  1.76092 -87.2759  0.879654  -3.67736 -0.109349 0 0 0   -0.011 -0.02329  0.04412  0.0169312 -0.0194748 0.00259721    0.0103618 -0.000544785  0.000597996  0.0312728  0.0533287 0.00195724 -0.0872453  0.0855775   -9.80824 
             54.3005 -1.91121  1.53351 -87.3682  0.881344  -3.67704 -0.106955 0 0 0   -0.011 -0.02329  0.04412  0.0170393 -0.0128534 0.00707372    0.0102727 -0.000416824  0.000656261  0.0315028  0.0535635 0.00182101 -0.0869814  0.0857161   -9.80824 
             54.4007 -1.87594  1.64949 -87.4472  0.883507  -3.67702 -0.108336 0 0 0   -0.011 -0.02329  0.04412  0.0177303 -0.0133773 0.00262697    0.0102508 -0.000485976  0.000700189  0.0317237  0.0536891 0.00196726 -0.0867496  0.0857668   -9.80824 
             54.5005  -2.0053  1.72167 -87.3016  0.879266  -3.67577 -0.108757 0 0 0   -0.011 -0.02329  0.04412  0.00831972  -0.0114182 0.000957927    0.0103272 -0.000525525  0.000613431  0.0313779  0.0545497 0.00203256 -0.0868115  0.0866221   -9.80823 
             54.6005 -1.99538  1.63726 -87.3355 0.879758 -3.67748  -0.1076 0 0 0   -0.011 -0.02329  0.04412  0.0098715 -0.0143522 0.00274815    0.0103207 -0.000476384  0.000636066   0.031279  0.0545272 0.00195757 -0.0869059  0.0866288   -9.80823 
             54.7005 -1.84634  1.71038 -87.2933  0.878702  -3.67693 -0.109407 0 0 0   -0.011 -0.02329  0.04412  0.00386567  -0.0140248 -0.00160346    0.0102351 -0.000517064  0.000611971  0.0313354  0.0549253 0.00210661 -0.0867436  0.0869653   -9.80823 
             54.8005  -2.1059  1.55354 -87.2265  0.877693  -3.67581 -0.108424 0 0 0   -0.011 -0.02329  0.04412  0.00670779 -0.00724985 0.000700835    0.0103855 -0.000424631  0.000577178  0.0313865  0.0553606 0.00204573 -0.086581 0.0873319  -9.80823 
             54.9001 -1.91476  1.77339 -87.3441  0.873407  -3.67417 -0.108025 0 0 0   -0.011 -0.02329  0.04412 -0.00401258  -0.0069486  0.00150657    0.0102724 -0.000553762  0.000639912 0.0312079 0.0560801 0.0020306 -0.086541 0.0880124  -9.80822 
                  55 -1.95632  1.50102 -87.3553 0.875019 -3.67596 -0.10762 0 0 0   -0.011 -0.02329  0.04412  0.00178588 -0.00788323  0.00183157    0.0102938 -0.000394003  0.000650891  0.0312553  0.0557685 0.00201061 -0.0865846  0.0877257   -9.80823 
             55.1005 -2.04899   1.6035  -87.325  0.875725  -3.67644 -0.108994 0 0 0   -0.011 -0.02329  0.04412  0.00600786 -0.00936813  -0.0016585    0.0103477 -0.000452542  0.000630622  0.0313365  0.0557935 0.00211764 -0.0865048  0.0877272   -9.80823 
             55.2001 -1.99733  1.63464 -87.1965  0.872498  -3.67667 -0.107003 0 0 0   -0.011 -0.02329  0.04412    0.001116 -0.00713995  0.00246352    0.0103197 -0.000467156  0.000557695  0.0310486  0.0562194 0.00197523 -0.0866443  0.0881766   -9.80822 
             55.2999 -1.88756  1.60145 -87.3724   0.87487  -3.67623 -0.111037 0 0 0   -0.011 -0.02329  0.04412 -0.00199665    0.014776     0.01438    0.0102571 -0.000448266   0.00065735  0.0313941   0.056103 0.00227563 -0.0863682  0.0879858   -9.80823 
             55.3998 -2.02834  1.71886 -87.3708  0.874638  -3.66655 -0.109049 0 0 0   -0.011 -0.02329  0.04412 -0.000345236     0.172672    0.0150842    0.0103237 -0.000494044  0.000662742  0.0316328  0.0564601 0.00217681 -0.0860675  0.0882318   -9.80823 
                55.5 -2.06741     1.95  -87.334   0.87548   -3.6328 -0.106193 0 0 0   -0.011 -0.02329  0.04412 -0.0147562   0.571391  0.0287136    0.0103091 -0.000523846  0.000626479 0.0319297 0.0565402 0.0021141 -0.0857894  0.0882207   -9.80823 
             55.6005 -2.32074  3.82333 -87.5403 0.871436 -3.55481 -0.10583 0 0 0   -0.011 -0.02329  0.04412 -0.0577133   0.956302 0.00895658    0.0103104 -0.000497035  0.000573484  0.0321211  0.0565701 0.00231997 -0.0856106  0.0881993   -9.80823 
             55.7005 -2.53375  4.18517 -88.5117  0.869351  -3.44917 -0.105227 0 0 0   -0.011 -0.02329  0.04412 -0.0356159    1.10551 0.00530861     0.010362 -0.000423613  0.000585195  0.0326595  0.0565968 0.00242425 -0.0851332  0.0880805   -9.80824 
             55.7997 -2.36207  3.86088 -89.2918  0.861609  -3.33714 -0.101676 0 0 0   -0.011 -0.02329  0.04412 -0.0218405    1.16562  0.0155919    0.0102991 -0.000380265  0.000495729  0.0319802   0.056527 0.00218214 -0.0857488   0.088195   -9.80823 
             55.9005 -2.25926  3.61344  -90.248  0.858673  -3.22057 -0.102817 0 0 0   -0.011 -0.02329  0.04412 -0.0118968    1.15433  0.0195439    0.0103023 -0.000427012   0.00049125  0.0317941  0.0567339 0.00239098 -0.0858466  0.0884353   -9.80823 
             56.0001 -2.48935   3.3421 -91.1849  0.859162  -3.10601 -0.103058 0 0 0   -0.011 -0.02329  0.04412 -0.011657   1.09292 0.0212131    0.0103342 -0.000379092  0.000490985 0.0318618 0.0566284  0.002522 -0.0858106  0.0883317   -9.80823 
             56.1005 -2.27463  2.78833 -92.3316  0.863562  -3.00055 -0.103479 0 0 0   -0.011 -0.02329  0.04412  -0.013907   0.973763 0.00283117    0.0103826 -0.000335793  0.000497453  0.0326688   0.056476 0.00259396 -0.0851517   0.087972   -9.80824 
             56.2005 -2.28849  2.43954 -93.8921   0.86565  -2.90753 -0.102459 0 0 0   -0.011 -0.02329  0.04412  0.0286536   0.894518 0.00639203   0.0103991 -0.00036216 0.000362516  0.0326276  0.0565076 0.00258469 -0.0851787  0.0880108   -9.80824 
             56.3005 -2.40719  2.31894 -95.6496   0.872825   -2.81969 -0.0997798 0 0 0   -0.011 -0.02329  0.04412 0.0621391  0.831943 0.0158376    0.0103408 -0.000340965  0.000426878  0.0330874  0.0565564 0.00245962 -0.0847737   0.087904   -9.80824 
             56.4012 -2.35089  2.18974 -97.5493   0.886857   -2.73941 -0.0928355 0 0 0   -0.011 -0.02329  0.04412  0.104095  0.817095 0.0280342    0.0103005 -0.000244142  0.000540869 0.0335887 0.0557471 0.0020422 -0.0846156  0.0870327   -9.80825 
             56.5021 -2.19841  2.16727 -99.3545   0.904242   -2.66155 -0.0853117 0 0 0   -0.011 -0.02329  0.04412  0.138895  0.796442 0.0433957    0.0102591 -0.000268589  0.000581728  0.0340071  0.0549383 0.00171237 -0.0845369  0.0861932   -9.80826 
             56.6006 -2.16159   2.0779 -100.848   0.916259   -2.58051 -0.0803908 0 0 0   -0.011 -0.02329  0.04412  0.154023  0.806351 0.0450343    0.0102156 -0.000166088  0.000511155  0.0336397  0.0551574 0.00161803 -0.0847771  0.0865031   -9.80825 
                56.7 -1.86207  2.00224 -102.499   0.926941   -2.50538 -0.0709414 0 0 0   -0.011 -0.02329  0.04412  0.150149  0.807434 0.0489046    0.0100476 -0.000158453  0.000528889  0.0326006  0.0547951 0.00121235 -0.0858012  0.0865694   -9.80824 
             56.8005 -1.87898  2.31453 -103.973   0.941832   -2.42488 -0.0674641 0 0 0   -0.011 -0.02329  0.04412  0.152828  0.731568 0.0332845     0.010006 -0.000264617  0.000455951  0.0327002   0.055165 0.00133968 -0.085573 0.0868418  -9.80824 
             56.9006 -1.69638  2.14804 -105.515   0.952078    -2.3513 -0.0655533 0 0 0   -0.011 -0.02329  0.04412 0.0822895  0.652288 0.0511719    0.0100352 -0.000120068  0.000419218  0.0326779  0.0560841 0.00157881 -0.0852207  0.0876125   -9.80824 
                  57  -2.2362  1.98822 -108.024   0.955844   -2.29586 -0.0668594 0 0 0   -0.011 -0.02329  0.04412  0.080901  0.528278 0.0235039    0.0101264 -0.000142229  0.000511547  0.0315412  0.0557344 0.00190268 -0.0862972  0.0878017   -9.80823 
             57.1005 -1.97515  1.84817 -110.339   0.95071  -2.26073 -0.075883 0 0 0   -0.011 -0.02329  0.04412   0.0297214    0.404428 -0.00699594   0.0101674 -3.7342e-05 0.000507152  0.0285199  0.0548458 0.00266695 -0.0891374  0.0883784    -9.8082 
             57.2006 -2.09244  1.89701 -112.516   0.956945   -2.22898 -0.0769722 0 0 0   -0.011 -0.02329  0.04412 0.0638456  0.349995 0.0016419    0.0101247 -4.86865e-05  0.000449723  0.0283517  0.0537447 0.00267932 -0.0897587  0.0875669    -9.8082 
             57.3005 -2.12156  2.00626 -114.729   0.966269   -2.20507 -0.0747651 0 0 0   -0.011 -0.02329  0.04412    0.060334    0.300782 -0.00352614    0.0101289 -9.43088e-05  0.000500906  0.0281322  0.0519692 0.00248214 -0.0907496  0.0862464    -9.8082 
             57.4004  -2.2334  1.98935 -116.509   0.967911   -2.17096 -0.0771998 0 0 0   -0.011 -0.02329  0.04412  0.0801433   0.370443 -0.0144417   0.0101866 -0.00011231 0.000481585  0.0274751  0.0526813 0.00267872 -0.0909373  0.0871193   -9.80819 
             57.5006 -2.12549  1.98734 -118.617  0.977099  -2.13404 -0.075468 0 0 0   -0.011 -0.02329  0.04412   0.115682   0.456857 0.00439136    0.0101038 -3.51745e-05  0.000435938  0.0270785  0.0517099 0.00240906 -0.0917299  0.0865446   -9.80819 
             57.6007 -1.97317  2.25986 -121.291   0.992217   -2.08896 -0.0696818 0 0 0   -0.011 -0.02329  0.04412 0.134408 0.438205 0.017999   0.00999312 -6.12328e-05  0.000568229  0.0273239  0.0510917 0.00199596 -0.0918561   0.085939   -9.80819 
             57.7004  -1.7855  1.76339 -123.478   1.01165  -2.04709 -0.064309 0 0 0   -0.011 -0.02329  0.04412  0.127305  0.410526 0.0106883    0.010003 3.64776e-05 0.000492676  0.0284978  0.0508811 0.00174506 -0.0910515  0.0851837   -9.80821 
             57.8006 -2.06361  1.71959   -125.9    1.01979   -2.01082 -0.0694742 0 0 0   -0.011 -0.02329  0.04412   0.160602   0.426291 0.00498071   0.0100663 4.02373e-05 0.000489406 0.0272773  0.050402 0.0022718 -0.0922269  0.0854511   -9.80819 
             57.9005 -2.03224  1.97484  -128.63    1.04247   -1.97072 -0.0715167 0 0 0   -0.011 -0.02329  0.04412  0.221345  0.485407 0.0119089   0.0100574 2.46684e-05 0.000538389  0.0276529  0.0486959 0.00239397 -0.0928318  0.0839661    -9.8082 
             58.0004 -2.00748  1.97873 -131.362    1.07135   -1.92696 -0.0672795 0 0 0   -0.011 -0.02329  0.04412    0.298579    0.504112 0.000503431   0.0100525 8.81757e-06 0.000558113  0.0281153  0.0471683 0.00201887 -0.0933146  0.0825716   -9.80821 
             58.1004 -2.11082  1.69725  -134.25    1.10296   -1.87863 -0.0696634 0 0 0   -0.011 -0.02329  0.04412   0.325636   0.501051 -0.0110192   0.0101103 6.99492e-05  0.00055728  0.028133  0.046824 0.0022347 -0.0934814  0.0823078   -9.80821 
             58.2005 -2.22391  1.89237 -137.097    1.13507   -1.83305 -0.0733266 0 0 0   -0.011 -0.02329  0.04412   0.375223   0.542866 -0.0136542    0.0101547 -3.70417e-05   0.00061264   0.027485   0.045522 0.00240198 -0.0946882  0.0817133    -9.8082 
             58.3004 -1.96659  1.85864 -140.104    1.18991   -1.77414 -0.0765839 0 0 0   -0.011 -0.02329  0.04412   0.559351   0.554656 -0.0298724   0.0101287 6.22968e-05  0.00058087     0.0296  0.0457733 0.00250472 -0.0929712  0.0806975   -9.80823 
             58.4006 -1.94742   1.7909 -142.988    1.24381   -1.72207 -0.0794962 0 0 0   -0.011 -0.02329  0.04412    0.58689   0.577775 -0.0177024   0.0102168 0.000115632 0.000574976  0.0285754  0.0449033 0.00248213 -0.094229 0.0806629  -9.80822 
             58.5005 -1.93786  2.03506 -145.407   1.29984   -1.6688 -0.078473 0 0 0   -0.011 -0.02329  0.04412    0.63593   0.558808 -0.0102268    0.0101778 -9.07349e-06  0.000528875   0.027233  0.0440681 0.00224848 -0.0957058  0.0808562    -9.8082 
             58.6012 -1.91935  1.73282 -147.964   1.36167  -1.61327 -0.077837 0 0 0   -0.011 -0.02329  0.04412    0.641704    0.553988 -0.00080745   0.0101223 0.000122368 0.000545914  0.0267064   0.043916 0.00208614 -0.0961816  0.0810628   -9.80819 
             58.7005 -1.91365  1.73655 -150.505     1.4229   -1.56372 -0.0782793 0 0 0   -0.011 -0.02329  0.04412   0.669106    0.52709 0.00496354   0.0102484 8.70314e-05 0.000534308  0.0255332  0.0430247 0.00200152 -0.0975608  0.0811533   -9.80818 
             58.8005 -1.89408      1.7 -152.793    1.48226   -1.52016 -0.0819061 0 0 0   -0.011 -0.02329  0.04412   0.668414   0.468993 -0.0225047   0.0102328 0.000119019 0.000529076  0.0238396  0.0416441 0.00217666 -0.0995948  0.0812422   -9.80816 
             58.8998  -1.769 1.92997 -155.35    1.54274   -1.48692 -0.0773836 0 0 0   -0.011 -0.02329  0.04412   0.662765   0.406954 0.00140032   0.0101914 5.94366e-05 0.000580503  0.0222766  0.0388355 0.00162766 -0.102453 0.0802972  -9.80814 
             59.0005 -1.71936  1.88939  -157.59    1.61561   -1.45018 -0.0762335 0 0 0   -0.011 -0.02329  0.04412   0.778276   0.434375 0.00830293   0.0101289 9.78098e-05 0.000498551  0.0230819   0.037734 0.00150956 -0.102593 0.0790461  -9.80814 
             59.1004 -1.93867  1.73544 -160.276    1.69427   -1.40233 -0.0835741 0 0 0   -0.011 -0.02329  0.04412    0.914376    0.371269 -0.00454775   0.0102439  0.00023942 0.000488031 0.0213652 0.0388732 0.0020114 -0.103027 0.0808987  -9.80813 
             59.2006 -1.30503  1.84965 -161.684    1.79872   -1.36636 -0.0834314 0 0 0   -0.011 -0.02329  0.04412   0.982666   0.404934 0.00182591   0.0101017 0.000194547 0.000345431  0.0238565  0.0389004 0.00195373 -0.101319   0.07932  -9.80816 
             59.3016 -1.54443   1.6856 -162.567    1.90097   -1.32837 -0.0864641 0 0 0   -0.011 -0.02329  0.04412     1.04611    0.372756 -0.00598058   0.0101356 0.000269793 0.000291505  0.0242551  0.0386656 0.00209961 -0.101197 0.0789069  -9.80816 
             59.4016 -1.63587  1.52535 -163.857    2.00485   -1.29615 -0.0935009 0 0 0   -0.011 -0.02329  0.04412    1.06369   0.391402 -0.0395404   0.0101989 0.000309232 0.000407487  0.0242889    0.03752 0.00245745 -0.101904 0.0781341  -9.80816 
             59.5004 -1.74811  1.52018 -164.712    2.104 -1.25864 -0.09444 0 0 0   -0.011 -0.02329  0.04412    1.04975   0.348564 -0.0122785   0.0102443 0.000253691 0.000304895  0.0226987  0.0370965 0.00226227 -0.103247 0.0789028  -9.80814 
             59.6006 -1.59002  1.21885 -165.428   2.19912  -1.22594 -0.102257 0 0 0   -0.011 -0.02329  0.04412     1.0321   0.347092 -0.0276551   0.0102896 0.000333454  0.00021867  0.0204492  0.0363324 0.00253705 -0.105225 0.0798905  -9.80811 
             59.7004 -1.88954  1.02373 -166.424   2.29645  -1.20088 -0.108724 0 0 0   -0.011 -0.02329  0.04412    1.02463   0.268645 -0.0432049    0.010403 0.000381365 0.000288691  0.0189633  0.0344255 0.00265502 -0.107456 0.0796494  -9.80809 
             59.8018 -1.79085 0.971301 -167.339   2.39807  -1.17811 -0.108842 0 0 0   -0.011 -0.02329  0.04412    1.03485   0.300334 -0.0551587   0.0102894 0.000309306 0.000315438  0.0188813  0.0330124 0.00229842 -0.108459  0.078803  -9.80808 
             59.9006 -1.87867 0.854936 -168.146   2.49893  -1.15417 -0.106185 0 0 0   -0.011 -0.02329  0.04412    1.03464   0.238938 -0.0361685   0.0103656 0.000325775 0.000283051 0.0184602  0.032098 0.0018712 -0.109357 0.0785035  -9.80808 
             60.0007 -1.43544 0.913624   -168.8   2.59382  -1.13086 -0.107266 0 0 0   -0.011 -0.02329  0.04412   1.01583  0.254231 -0.021323     0.01021 0.000286982 0.000207478  0.0168511  0.0314166 0.00169209 -0.110862 0.0791457  -9.80805 
             60.1005  -1.3875 0.980514 -169.807   2.69272  -1.11683 -0.103713 0 0 0   -0.011 -0.02329  0.04412    1.00489   0.210211 -0.0127634   0.0101714 0.000266012 0.000290937  0.0165301  0.0294517 0.00126803 -0.112395 0.0781214  -9.80804 
             60.2005 -1.70432   0.9359 -170.755   2.79402  -1.09774 -0.105049 0 0 0   -0.011 -0.02329  0.04412   0.944195   0.205105 -0.0283959   0.0102564 0.000271223 0.000346925  0.0167289  0.0289982 0.00121961 -0.112572  0.077703  -9.80805 
             60.3004 -1.66958 0.259385  -171.74   2.88408  -1.08343 -0.112533 0 0 0   -0.011 -0.02329  0.04412   0.814616   0.136017 -0.0262341   0.0103602 0.000388016  0.00042667  0.0173794   0.028543 0.00164466 -0.112445 0.0769795  -9.80805 
             60.4004   -1.05374 -0.0164491   -172.199   2.95793   -1.0727 -0.116758 0 0 0   -0.011 -0.02329  0.04412  0.641704 0.0956841 -0.017352   0.0103092 0.000383799 0.000329888  0.0168239  0.0282959 0.00170062 -0.112965 0.0771987  -9.80805 
             60.5006  -1.47237 -0.465895   -172.82   2.98738  -1.06469 -0.125154 0 0 0   -0.011 -0.02329  0.04412    0.234722   0.0422727 -0.00229794   0.0104446 0.000438774 0.000371428  0.0135996  0.0271128 0.00219938 -0.115806 0.0786345    -9.808 
             60.6004 -0.662738  -1.57123  -172.841   2.98372  -1.06064 -0.125277 0 0 0   -0.011 -0.02329  0.04412  0.0029291   0.017571 -0.0180094   0.0102132 0.000480335 0.000268372  0.0105422  0.0262979 0.00202554 -0.118306 0.0801952  -9.80796 
             60.7005  -1.2847 -1.20307 -172.932   2.97662  -1.05864 -0.128199 0 0 0   -0.011 -0.02329  0.04412 -0.0158112  0.0191421 -0.0175805   0.0104587   0.0003884 0.000291654 0.00944591  0.0260088 0.00212335 -0.119194 0.0807583  -9.80794 
             60.8004 -1.18909  -1.0488 -172.915   2.96762  -1.05527 -0.132621 0 0 0   -0.011 -0.02329  0.04412 -0.00673732   0.0227874  -0.0198681    0.010397 0.000430066 0.000288472 0.00778691  0.0256348 0.00227141 -0.120494 0.0816512  -9.80792 
             60.9005 -1.33491 -1.11111 -172.971   2.96996  -1.05691 -0.135256 0 0 0   -0.011 -0.02329  0.04412  0.030045 0.0159056  -0.02199   0.0104831 0.000464156 0.000329355 0.00818967  0.0251561 0.00229052 -0.120563 0.0810837  -9.80792 
             61.0008 -1.36103 -1.27848 -172.803   2.96952  -1.05445 -0.139895 0 0 0   -0.011 -0.02329  0.04412  0.0465311  0.0179055 -0.0286041   0.0105012 0.000556343 0.000243097 0.00724794  0.0249064 0.00241271 -0.121323 0.0815682  -9.80791 
             61.1007 -1.30971 -1.20787 -172.754  2.96771 -1.05436 -0.13941 0 0 0   -0.011 -0.02329  0.04412  0.0416537  0.0133395 -0.0232236   0.0104692 0.000508054 0.000215273 0.00607943   0.024189  0.0021685 -0.122546 0.0819196  -9.80789 
             61.2005 -1.19521 -1.08932  -172.93   2.97419  -1.05768 -0.133193 0 0 0   -0.011 -0.02329  0.04412    0.050729  0.00556533 -0.00694113   0.0104037 0.000436404 0.000313642 0.00661645  0.0237045 0.00161874 -0.122541 0.0812598   -9.8079 
             61.3005 -1.35206 -1.26675 -172.872  2.97727 -1.05857 -0.13761 0 0 0   -0.011 -0.02329  0.04412   0.0617528 0.000397809   -0.014918   0.0104916 0.000536406 0.000283638 0.00617804  0.0233299 0.00184297 -0.123068 0.0813263  -9.80789 
             61.3997 -1.35729 -1.19113 -172.861     2.978  -1.05857 -0.135837 0 0 0   -0.011 -0.02329  0.04412   0.0630984 -0.00165719 -0.00882769   0.0104938  0.00049297 0.000279324  0.0051432  0.0229403 0.00162772 -0.123982 0.0817857  -9.80788 
             61.5004 -1.33759 -1.08367 -172.893   2.98058  -1.05603 -0.130826 0 0 0   -0.011 -0.02329  0.04412  0.0649989 0.00151452 0.00210509   0.0104825 0.000429417 0.000298714 0.00434259    0.02307  0.0012582   -0.1244 0.0824041  -9.80786 
             61.6004 -1.31325 -1.14881 -172.811   2.97807  -1.05481 -0.133347 0 0 0   -0.011 -0.02329  0.04412   0.0576168  0.00213945 -0.00374157   0.0104668 0.000464929 0.000253938 0.00270956  0.0225733 0.00141215 -0.125757 0.0831982  -9.80784 
             61.7005 -1.35168  -1.2524 -172.799   2.97546  -1.05243 -0.136718 0 0 0   -0.011 -0.02329  0.04412  0.0539612 0.00407017 -0.0102981   0.0104861 0.000522316 0.000248885 0.00112563  0.0222811 0.00158685 -0.126946 0.0840829  -9.80782 
             61.8015 -1.25085 -1.11484 -172.838    2.9803  -1.05495 -0.133651 0 0 0   -0.011 -0.02329  0.04412    0.0615455 -0.000749961  -0.00296738   0.0104297 0.000441303 0.000271271 0.00108912  0.0218558 0.00132258 -0.127256 0.0838472  -9.80782 
             61.9006  -1.2335 -1.06506 -172.844   2.97848  -1.05829 -0.130673 0 0 0   -0.011 -0.02329  0.04412   0.0522272 -0.00693357  0.00262502   0.0104188 0.000409916 0.000275819 -0.000123234    0.0209425    0.0011017 -0.128629 0.0841002   -9.8078 
             62.0006 -1.34518 -1.18307 -172.914  2.97333 -1.05664 -0.12808 0 0 0   -0.011 -0.02329  0.04412   0.0416092 -0.00574375  0.00620997   0.0104816 0.000473759 0.000317277 -0.00195514   0.0206158 0.000945659 -0.129996 0.0851245  -9.80777 
             62.1006  -1.3571 -1.12417 -172.985   2.97701  -1.06365 -0.126415 0 0 0   -0.011 -0.02329  0.04412  0.0498447 -0.0197563 0.00779253   0.0104882 0.000437906 0.000358067 -0.00187449   0.0197516 0.000863559 -0.130523 0.0845429  -9.80777 
             62.2004 -1.30573 -1.07256 -172.975   2.97731  -1.06581 -0.125085 0 0 0   -0.011 -0.02329  0.04412  0.0487771 -0.0215125 0.00812764   0.0104577 0.000407139 0.000353267 -0.00265097   0.0194282 0.000821957 -0.131224 0.0848627  -9.80776 
             62.3006 -1.30961  -1.1466 -172.866   2.97329  -1.06277 -0.125568 0 0 0   -0.011 -0.02329  0.04412  0.0411427 -0.0139472 0.00497507   0.0104569 0.000447283 0.000294057 -0.00428379   0.0195377 0.000905848 -0.132172 0.0860159  -9.80773 
              62.401 -1.42887 -1.13719 -173.179   2.98049  -1.07077 -0.128313 0 0 0   -0.011 -0.02329  0.04412   0.0584482  -0.0298482 -0.00178219   0.0105249 0.000435611 0.000469193 -0.00371269   0.0188957  0.00109963  -0.13224 0.0852448  -9.80774 
             62.5007  -1.2859 -1.06024 -173.089   2.98302  -1.06971 -0.130619 0 0 0   -0.011 -0.02329  0.04412   0.0604061  -0.0225066 -0.00663952   0.0104412  0.00039011 0.000417897 -0.00438458   0.0191692  0.00124541 -0.132478 0.0858572  -9.80773 
             62.6001  -1.4458 -1.17617 -172.977   2.98102  -1.06543 -0.131897 0 0 0   -0.011 -0.02329  0.04412   0.0555261  -0.0155772 -0.00895002   0.0105289 0.000455744 0.000356269 -0.00591221   0.0195162  0.00128744 -0.133201 0.0870807  -9.80771 
             62.7002 -1.51615 -1.08568 -173.105   2.98811  -1.06993 -0.130608 0 0 0   -0.011 -0.02329  0.04412   0.0674238  -0.0259741 -0.00523678   0.0105684 0.000400168 0.000428138 -0.00566387   0.0192656  0.00114173 -0.133213  0.086764  -9.80771 
             62.8001 -1.45452 -1.07497 -173.044   2.98802  -1.06972 -0.125412 0 0 0   -0.011 -0.02329  0.04412  0.0605622  -0.025114 0.00584311   0.0105329 0.000393936 0.000393981 -0.00682737   0.0192031 0.000767533 -0.133983 0.0874948  -9.80769 
                62.9 -1.36154 -1.06706 -173.025   2.98598  -1.07298 -0.124551 0 0 0   -0.011 -0.02329  0.04412  0.0512949 -0.0286549 0.00614153   0.0104782 0.000388267 0.000382253 -0.00803458   0.0186313 0.000733251 -0.135112 0.0879439  -9.80768 
             63.0001 -1.38142 -1.06336 -173.118    2.9843  -1.07188 -0.124965 0 0 0   -0.011 -0.02329  0.04412  0.0456154 -0.0248395 0.00359452   0.0104884  0.00038376 0.000435289 -0.00921186   0.0187114 0.000797523 -0.135791 0.0887682  -9.80766 
             63.1001 -1.13959 -1.03386 -173.031  2.98343 -1.07317 -0.12348 0 0 0   -0.011 -0.02329  0.04412  0.0409275 -0.0199672 0.00554007   0.0103519 0.000365951 0.000388086   -0.010052   0.0184841 0.000720452 -0.136464  0.089183  -9.80765 
             63.2006 -1.39812 -1.07197 -173.111  2.98308 -1.07566  -0.1243 0 0 0   -0.011 -0.02329  0.04412   0.040605 -0.0259568 0.00231694   0.0104977 0.000385691 0.000433542  -0.0107535   0.0182062 0.000798566 -0.137081 0.0894751  -9.80763 
             63.3006 -1.39525 -1.05158 -173.045    2.9809  -1.07488 -0.125025 0 0 0   -0.011 -0.02329  0.04412    0.0357549   -0.0231532 -0.000183441   0.0104963 0.000373916 0.000396622  -0.0117657   0.0182487 0.000861938 -0.137681 0.0901647  -9.80762 
             63.4005 -1.38958 -1.08666 -173.057    2.9784  -1.06961 -0.124305 0 0 0   -0.011 -0.02329  0.04412  0.0321927 -0.0125406 0.00059567    0.010492 0.000390819 0.000404419  -0.0128846   0.0187895 0.000826864 -0.138022 0.0912249   -9.8076 
             63.5006 -1.37163 -1.10871 -173.012   2.97472  -1.07102 -0.123341 0 0 0   -0.011 -0.02329  0.04412  0.0261255 -0.0151843 0.00205085   0.0104804 0.000402412 0.000379627   -0.013872   0.0183946 0.000759032 -0.138893 0.0916312  -9.80759 
             63.6006 -1.34949 -1.18383 -173.002   2.97527  -1.06513 -0.125833 0 0 0   -0.011 -0.02329  0.04412   0.0334845 -0.00312581 -0.00385729   0.0104662 0.000442765 0.000376111  -0.0144533   0.0190948 0.000949655 -0.138795  0.092434  -9.80758 
             63.7003 -1.40914 -1.02931 -172.921   2.97761  -1.06597 -0.126694 0 0 0   -0.011 -0.02329  0.04412   0.0380295 -0.00773286 -0.00521609   0.0104975 0.000352989 0.000329366  -0.0146081   0.0189914 0.000980444 -0.138958 0.0924723  -9.80758 
             63.8005 -1.30586 -1.08823 -173.046    2.9777  -1.06614 -0.126037 0 0 0   -0.011 -0.02329  0.04412    0.038372 -0.00731093 -0.00313808    0.010439 0.000381439 0.000402811    -0.01517   0.0188356 0.000900112 -0.139408 0.0927434  -9.80757 
             63.9005 -1.47648 -1.12923 -173.095   2.97835  -1.06688 -0.124486 0 0 0   -0.011 -0.02329  0.04412   0.0407027   -0.012541 0.000109898   0.0105364 0.000401825 0.000433259  -0.0156635   0.0186909 0.000775594 -0.139808 0.0929762  -9.80756 
             64.0005 -1.40707 -1.07031 -173.095   2.98026  -1.06886 -0.125014 0 0 0   -0.011 -0.02329  0.04412   0.0437645  -0.0162878 -0.00136371   0.0104971 0.000367951 0.000432799  -0.0159618   0.0184893 0.000807229 -0.140123 0.0930477  -9.80756 
             64.1014 -1.27378 -1.08207 -173.031   2.98045  -1.06868 -0.126813 0 0 0   -0.011 -0.02329  0.04412   0.0431348  -0.0125418 -0.00475677   0.0104196 0.000373952 0.000396978   -0.016588   0.0184369 0.000915887 -0.140542  0.093421  -9.80755 
             64.2006 -1.30909 -1.09212 -173.049   2.97819  -1.06591 -0.125941 0 0 0   -0.011 -0.02329  0.04412   0.0376238 -0.00691429 -0.00245118   0.0104381 0.000377266 0.000408527  -0.0175754   0.0185424 0.000832802 -0.141085 0.0941219  -9.80753 
             64.3004 -1.34568 -1.05328 -172.967   2.97554  -1.06729 -0.126421 0 0 0   -0.011 -0.02329  0.04412  0.0311545 -0.0106146  -0.003165   0.0104576 0.000352911 0.000364805  -0.0183951   0.0181585 0.000841154 -0.141837 0.0944187  -9.80752 
             64.4004 -1.12335 -1.09506 -172.887    2.9753  -1.06133 -0.130474 0 0 0   -0.011 -0.02329  0.04412  0.0330117 0.00577058 -0.0109717   0.0103307 0.000374233  0.00032185  -0.019037  0.0186687 0.00109161 -0.141903 0.0951387  -9.80751 
             64.5005 -1.50776 -1.14988 -173.008   2.97411  -1.06438 -0.130993 0 0 0   -0.011 -0.02329  0.04412   0.0324533 -0.00752967  -0.0101249   0.0105496 0.000400598 0.000393523 -0.0195733  0.0181312 0.00104262 -0.142578 0.0951594   -9.8075 
             64.5999  -1.3171 -1.08037 -172.814   2.96989   -1.0582 -0.133484 0 0 0   -0.011 -0.02329  0.04412  0.0244628 0.00472723 -0.0131592   0.0104387 0.000360864 0.000284721  -0.020666  0.0184558 0.00114979 -0.143042 0.0960548  -9.80749 
             64.7005 -1.21134 -1.01851 -172.924   2.97714  -1.06223 -0.127976 0 0 0   -0.011 -0.02329  0.04412   0.0392152 -0.00207715 0.000698028   0.0103809 0.000322494 0.000347125  -0.0199954   0.0182001 0.000704459 -0.142797 0.0954728   -9.8075 
             64.8006 -1.49232 -1.10045 -172.988   2.97188  -1.06776 -0.125989 0 0 0   -0.011 -0.02329  0.04412   0.027557   -0.01775 0.00415178   0.0105405  0.00036395 0.000385745  -0.0210179    0.017284 0.000560343 -0.144011 0.0955746  -9.80748 
             64.9004 -1.42652 -1.04323 -172.981   2.97255  -1.06468 -0.128031 0 0 0   -0.011 -0.02329  0.04412   0.0307491  -0.0110607 -0.00117572   0.0105014 0.000329442 0.000382279  -0.0214293   0.0176761 0.000728203 -0.144013 0.0960718  -9.80747 
             65.0005 -1.33735 -1.00032  -173.06   2.97208  -1.06854 -0.125476 0 0 0   -0.011 -0.02329  0.04412 0.0282208 -0.016936 0.0038456   0.0104505 0.000301263 0.000427481  -0.0217934   0.0172382 0.000547185 -0.144516 0.0960405  -9.80747 
              65.102 -1.36061 -1.05659 -173.037   2.97279    -1.071 -0.124369 0 0 0   -0.011 -0.02329  0.04412  0.0307294 -0.0202597 0.00511783   0.0104621 0.000331195 0.000416896  -0.0220615   0.0170672 0.000496541 -0.144789  0.096108  -9.80746 
             65.2003  -1.4404 -1.04279 -172.908    2.9697   -1.0717 -0.123283 0 0 0   -0.011 -0.02329  0.04412  0.0241865 -0.0217811  0.0058944   0.0105042 0.000323149 0.000344896   -0.022846   0.0169518 0.000460987 -0.145344 0.0965353  -9.80745 
             65.3004   -1.373 -1.12776 -172.901   2.96824  -1.06748 -0.126042 0 0 0   -0.011 -0.02329  0.04412   0.0250554  -0.0109488 -0.00130948    0.010463 0.000369486 0.000344008 -0.0235179  0.0174004 0.00069087  -0.14547 0.0972281  -9.80744 
             65.4005 -1.30989 -1.11944  -172.85   2.96647  -1.06019 -0.127645 0 0 0   -0.011 -0.02329  0.04412   0.0239244  0.00403983 -0.00473754   0.0104243 0.000363347  0.00031658   -0.024262   0.0180214 0.000805583 -0.145533 0.0980687  -9.80743 
             65.5005 -1.54278 -1.16601 -173.006  2.96928 -1.06064 -0.13331 0 0 0   -0.011 -0.02329  0.04412  0.0345351  -0.002779 -0.0156443   0.0105568 0.000386159  0.00040656 -0.0242772  0.0179861 0.00113723 -0.145562 0.0980567  -9.80743 
             65.6005 -1.15823 -1.05333 -172.917   2.96818  -1.06209 -0.128444 0 0 0   -0.011 -0.02329  0.04412    0.0286082 -0.000736423  -0.00290066   0.0103398 0.000321743  0.00035837  -0.0247527   0.0176348 0.000716223 -0.146076 0.0981457  -9.80742 
             65.7006 -1.18849   -1.149 -172.894  2.97296 -1.06276 -0.12707 0 0 0   -0.011 -0.02329  0.04412    0.0407342 -0.000476497  7.14221e-07    0.010356 0.000374137 0.000348534   -0.024576    0.017635 0.000605545 -0.145969 0.0980352  -9.80742 
             65.8004 -1.38448 -1.08339 -172.896   2.96968  -1.06074 -0.127723 0 0 0   -0.011 -0.02329  0.04412    0.0317397 -0.000267705  -0.00193557   0.0104665  0.00033582 0.000350736  -0.0254766   0.0175559 0.000647096 -0.146568 0.0985509  -9.80741 
             65.9003  -1.2644 -1.17171 -172.829   2.97104  -1.05769 -0.131641 0 0 0   -0.011 -0.02329  0.04412   0.0369484  0.00693737 -0.00956405   0.0103967 0.000382684 0.000316009  -0.025804  0.0177285 0.00088717 -0.146658 0.0988577  -9.80741 
             66.0006 -1.22415 -1.08679 -172.936   2.98045  -1.06103 -0.125798 0 0 0   -0.011 -0.02329  0.04412   0.0535488 0.000667931  0.00366894   0.0103746 0.000332525 0.000375377  -0.0251083   0.0175812 0.000446277 -0.146329 0.0983376  -9.80742 
             66.1017 -1.36607 -1.11282  -173.01    2.9724  -1.06588 -0.128665 0 0 0   -0.011 -0.02329  0.04412   0.0317282  -0.0113105 -0.00304025   0.0104536 0.000342548 0.000417488   -0.026498   0.0165829 0.000627961 -0.147793 0.0986054  -9.80739 
             66.2003 -1.43077 -1.14426 -172.961   2.96782  -1.06067 -0.133738 0 0 0   -0.011 -0.02329  0.04412   0.0239106 -0.00324224  -0.0128702    0.010489 0.000359074 0.000392613    -0.02754   0.0168561 0.000934769 -0.148255  0.099413  -9.80738 
             66.3005 -1.40018 -1.05477 -173.039   2.97298  -1.06404 -0.126447 0 0 0   -0.011 -0.02329  0.04412  0.0331565 -0.0110549 0.00386505   0.0104704 0.000305429 0.000434064  -0.0271932   0.0166965 0.000386619 -0.148147 0.0991047  -9.80738 
             66.4014 -1.33632 -1.09155 -172.913   2.97357  -1.06393 -0.125195 0 0 0   -0.011 -0.02329  0.04412   0.0335984 -0.00969165  0.00504911   0.0104343 0.000324111 0.000366779   -0.027547   0.0166826 0.000332116 -0.148371 0.0993148  -9.80737 
             66.5021 -1.38998 -1.06984 -172.812   2.97556  -1.05598 -0.123606 0 0 0   -0.011 -0.02329  0.04412  0.0374726 0.00401966 0.00669361   0.0104614 0.000311842 0.000311296  -0.0279292   0.0174519 0.000282095 -0.14813 0.100007 -9.80737 
             66.6005 -1.49174 -1.00769 -173.134   2.98031  -1.06486 -0.121884 0 0 0   -0.011 -0.02329  0.04412  0.0433714 -0.0169679 0.00835119   0.0105225 0.000269613  0.00049186  -0.0276621   0.0166774 0.000195721 -0.148445 0.0993836  -9.80737 
             66.7014  -1.3091 -1.19184 -172.917   2.97552  -1.05738 -0.129788 0 0 0   -0.011 -0.02329  0.04412   0.0352346 0.000321401 -0.00963831   0.0104152  0.00037453 0.000370889  -0.0288582    0.017094 0.000767291 -0.148908  0.100363  -9.80736 
             66.8005 -1.46467  -1.1752 -172.854   2.97736  -1.05771 -0.135556 0 0 0   -0.011 -0.02329  0.04412   0.0408957 -0.00431608  -0.0197179   0.0105011 0.000363926 0.000335248 -0.0290844  0.0170026 0.00106923 -0.149098  0.100447  -9.80735 
             66.9005 -1.46116 -1.14795  -172.99   2.98268  -1.06078 -0.137353 0 0 0   -0.011 -0.02329  0.04412  0.0503229 -0.0118832  -0.019875   0.0104993  0.00034426 0.000410865 -0.0289467  0.0168201 0.00105276 -0.149127  0.100255  -9.80735 
             67.0014 -1.18977 -1.14033 -172.877   2.98159  -1.06011 -0.133566 0 0 0   -0.011 -0.02329  0.04412   0.0422341 -0.00571376 -0.00911006   0.0103468 0.000339637 0.000348617  -0.0296252   0.0167168 0.000697196 -0.149602  0.100607  -9.80734 
             67.1014  -1.3928 -1.18277 -172.921   2.97871  -1.05971 -0.134756 0 0 0   -0.011 -0.02329  0.04412   0.0345664 -0.00789764  -0.0100744   0.0104605 0.000361011 0.000374664  -0.0304308   0.0165563 0.000710137 -0.150185  0.101002  -9.80733 
             67.2005 -1.39458 -1.16775 -172.945   2.98022  -1.06069 -0.137794 0 0 0   -0.011 -0.02329  0.04412  0.0378522 -0.0102604 -0.0142026    0.010461 0.000350092 0.000388477  -0.0306646   0.0164595 0.000832629 -0.150384  0.101086  -9.80733 
             67.3004 -1.14408 -1.23399   -172.9   2.98428  -1.06176 -0.133578 0 0 0   -0.011 -0.02329  0.04412   0.0449237 -0.00649277 -0.00372939   0.0103218 0.000385292 0.000364556  -0.0306663   0.0164231 0.000486414 -0.150409  0.101066  -9.80733 
             67.4014 -1.31798 -1.25238 -172.885   2.98045  -1.05825 -0.136772 0 0 0   -0.011 -0.02329  0.04412   0.0368597 -0.00145613 -0.00945618    0.010419  0.00039281 0.000357242 -0.0316339  0.0164797 0.00066226 -0.150956  0.101683  -9.80731 
             67.5005 -1.42125 -1.20611 -172.912   2.98208  -1.05603 -0.135006 0 0 0   -0.011 -0.02329  0.04412    0.0397244 -0.000748803  -0.00449056   0.0104757 0.000363836  0.00037275  -0.0319226   0.0166286 0.000499257 -0.151041  0.101944  -9.80731 
             67.6006  -1.4496 -1.19268 -172.945   2.97964  -1.05836 -0.131626 0 0 0   -0.011 -0.02329  0.04412    0.032418 -0.00817293    0.002544   0.0104915 0.000352489 0.000391281   -0.03254  0.0162218 0.00026126 -0.151658  0.102076   -9.8073 
             67.7005  -1.4231 -1.29637 -172.819   2.98006  -1.05372 -0.137683 0 0 0   -0.011 -0.02329  0.04412     0.037656 -0.000444223  -0.00972527   0.0104747 0.000409598 0.000321565  -0.0329863   0.0165508 0.000650526 -0.151725  0.102536  -9.80729 
             67.8014 -1.46742 -1.27076 -172.892   2.97989  -1.05568 -0.139236 0 0 0   -0.011 -0.02329  0.04412   0.0395305  -0.0147186 -0.00847974   0.0104999 0.000390639 0.000364921  -0.0333688   0.0162697 0.000685188 -0.152122  0.102599  -9.80728 
             67.9014 -1.39109 -1.10444 -172.754   2.98179  -1.05522 -0.134856 0 0 0   -0.011 -0.02329  0.04412 0.0621419 0.0121149 0.0113656   0.0104244 0.000346651 0.000287974   -0.033885   0.0162366 0.000334309 -0.152453  0.102888  -9.80728 
             68.0014 -1.74076 -1.09124 -173.011   2.97973  -1.05346 -0.134676 0 0 0   -0.011 -0.02329  0.04412  -0.0471312 -0.00122029 -0.00815484   0.0104451 0.000320189 0.000333285  -0.0343755   0.0162684 0.000376368 -0.152727  0.103198  -9.80727 
             68.1004 -1.87016 -1.23511 -172.963   2.95174  -1.04932 -0.135032 0 0 0   -0.011 -0.02329  0.04412 -0.376561 -0.021114 0.0109395   0.0104792 0.000330448  0.00030388  -0.0354907   0.0162897 0.000443113 -0.15338 0.103872 -9.80725 
             68.2014 -1.67845  -1.7395 -173.471  2.90364   -1.059 -0.13144 0 0 0   -0.011 -0.02329  0.04412  -0.573423 0.00130192  0.0302241    0.010342 0.000406581 0.000389742  -0.0354488    0.015558 0.000331139 -0.153789  0.103418  -9.80725 
             68.3014 -2.01679 -1.84487 -174.455   2.83873  -1.05663 -0.126649 0 0 0   -0.011 -0.02329  0.04412  -0.684986 0.00272074  0.0240773   0.0103801 0.000347079 0.000357605   -0.035625   0.0156154 0.000166679 -0.153861  0.103556  -9.80725 
             68.4005 -2.04052 -1.78399 -176.044   2.77586  -1.06388 -0.121489 0 0 0   -0.011 -0.02329  0.04412 -0.690953 0.0171404 0.0247975   0.0105325 0.000320163 0.000475798  -0.0348965   0.0152489 -5.0903e-05 -0.153646  0.102911  -9.80726 
             68.5004 -1.97055 -1.66166 -177.463  2.70553 -1.06825 -0.11858 0 0 0   -0.011 -0.02329  0.04412 -0.680693 0.0141691  0.029056   0.0103927 0.000303457 0.000485178   -0.0350012    0.0147061 -3.48479e-05 -0.154027  0.102659  -9.80725 
             68.6004 -2.03023 -1.40494 -178.627   2.62307  -1.05414 -0.110909 0 0 0   -0.011 -0.02329  0.04412  -0.69081 0.0570775 0.0386267   0.0103412 0.000226436 0.000341284   -0.0366538    0.0150968 -0.000360789 -0.154771  0.103866  -9.80723 
             68.6998 -2.01002  -1.5039  179.975   2.55171   -1.0415 -0.113628 0 0 0   -0.011 -0.02329  0.04412 -0.681596 0.0810482 0.0227368   0.0103406 0.000291919 0.000336133  -0.0369817   0.0154177 3.78446e-05 -0.154769  0.104249  -9.80722 
             68.8004   -1.854 -1.43666  178.311   2.48759   -1.0362 -0.116866 0 0 0   -0.011 -0.02329  0.04412 -0.601164 0.0727006 0.0217531   0.0103288 0.000266279 0.000448333  -0.0367762   0.0152244 0.000380909 -0.154764  0.104018  -9.80723 
              68.902 -2.13312 -1.34827   176.93   2.43302  -1.02936 -0.117915 0 0 0   -0.011 -0.02329  0.04412   -0.50054   0.122884 0.00634308   0.0103317 0.000331061 0.000388104  -0.0365945   0.0149457 0.000515416 -0.154827  0.103752  -9.80723 
             69.0004 -2.37923 -1.05375  174.576   2.39414  -1.02659 -0.116344 0 0 0   -0.011 -0.02329  0.04412  -0.494039   0.123311 0.00581047   0.0102951 0.000310954 0.000593582   -0.035532   0.0145353 0.000422515 -0.154478  0.102868  -9.80724 
             69.1003 -2.21652 -1.25547  172.716   2.33787  -1.01414 -0.112692 0 0 0   -0.011 -0.02329  0.04412 -0.544475  0.113469 0.0124163   0.0102267 0.000258545 0.000497995  -0.0358494   0.0143603 0.000256099 -0.154764  0.102972  -9.80724 
             69.2015  -2.1446 -1.28536  171.233   2.27886  -1.00049 -0.114717 0 0 0   -0.011 -0.02329  0.04412 -0.625117  0.150939 0.0038538   0.0103558 0.000339682 0.000521543  -0.0360886   0.0143655 0.000447652 -0.15489 0.103129 -9.80723 
             69.3005 -2.14862 -1.42175  169.654   2.20188 -0.983739 -0.109425 0 0 0   -0.011 -0.02329  0.04412  -0.74439  0.170028 0.0185229   0.0102518 0.000276532 0.000509123  -0.0368772   0.0138351 0.000173579 -0.155651   0.10336  -9.80722 
             69.4004 -1.91006  -1.4727  168.641   2.11953  -0.97088 -0.110571 0 0 0   -0.011 -0.02329  0.04412  -0.746884   0.167302 -0.0071169   0.0103709 0.000277194 0.000646527  -0.0372759   0.0132349 0.000323089 -0.156242  0.103318  -9.80721 
             69.5023 -1.72063 -1.03676   168.05   2.04605 -0.948035 -0.108444 0 0 0   -0.011 -0.02329  0.04412 -0.681572   0.21741 0.0152252   0.0101888 0.000263516 0.000572629  -0.0376664   0.0133764 0.000193734 -0.156354  0.103645  -9.80721 
             69.6014  -2.16388 -0.957001   166.625   1.97744 -0.919237 -0.106807 0 0 0   -0.011 -0.02329  0.04412  -0.679067   0.277904 0.00386794   0.0102667 0.000292496 0.000570593   -0.038207   0.0137684 0.000150842 -0.156372  0.104196   -9.8072 
             69.7014  -2.04705 -0.913607   165.169   1.90033 -0.890502 -0.101481 0 0 0   -0.011 -0.02329  0.04412  -0.744049   0.242145 0.00936448   0.0102054 0.000210614 0.000541027      -0.0388    0.0135815 -5.88272e-05 -0.156794  0.104504  -9.80719 
             69.8014  -1.64119 -0.882803   164.406   1.82614 -0.866826 -0.105058 0 0 0   -0.011 -0.02329  0.04412  -0.779099   0.300804 0.00809471   0.0101277 0.000245759   0.0004911  -0.0384442   0.0133643 0.000215354 -0.15676 0.104164 -9.80719 
             69.9004  -1.77542 -0.468796   163.796    1.75008  -0.840765 -0.0933861 0 0 0   -0.011 -0.02329  0.04412 -0.793505  0.316935  0.032567   0.0101312 8.30994e-06 0.000466711   -0.0379023    0.0131238 -0.000542433 -0.156678  0.103677   -9.8072 
             70.0014  -1.75357 -0.870597   163.238    1.66402  -0.810453 -0.0901275 0 0 0   -0.011 -0.02329  0.04412  -0.74141   0.28732 0.0269444   0.0102013 0.000227664 0.000449719   -0.0385581    0.0126463 -0.000601352 -0.157311  0.103909  -9.80719 
             70.1003  -2.19956 -0.522794   162.133    1.59654  -0.786321 -0.0804829 0 0 0   -0.011 -0.02329  0.04412 -0.629609   0.32054  0.052621    0.010252 0.000100587 0.000607933   -0.038069   0.0120619 -0.00109359 -0.157492  0.103308  -9.80719 
             70.2002   -2.15933 -0.0949464    160.859    1.53721  -0.760015 -0.0711207 0 0 0   -0.011 -0.02329  0.04412 -0.638024   0.33785  0.051426     0.010146 -6.94821e-05  0.000508365 -0.0374783  0.0117373 -0.0014144 -0.157451  0.102754   -9.8072 
             70.3014  -2.17511 -0.316509   159.374    1.46862  -0.728939 -0.0654584 0 0 0   -0.011 -0.02329  0.04412 -0.745256  0.321086 0.0500746    0.0103016 -1.97375e-05  0.000512443  -0.0373998   0.0116357 -0.00136559 -0.157484  0.102655   -9.8072 
             70.4004 -1.92572 -1.04528    158.9    1.37926  -0.697492 -0.0683799 0 0 0   -0.011 -0.02329  0.04412 -0.807526  0.378937  0.050736   0.0102763 0.000206472 0.000526121   -0.0382262    0.0105337 -0.000845482 -0.158595  0.102759  -9.80718 
             70.5004  -1.63226 -0.873854   158.656    1.30294  -0.663896 -0.0742412 0 0 0   -0.011 -0.02329  0.04412 -0.82593 0.350769 0.023641   0.0101652 9.02735e-05 0.000430333   -0.0375279    0.0105594 -0.000234217 -0.158254  0.102284  -9.80719 
             70.6004 -1.51833 -1.04835  158.441    1.22035  -0.624669 -0.0768353 0 0 0   -0.011 -0.02329  0.04412   -0.79331   0.402349 0.00697482   0.0100931 0.000157037 0.000303495   -0.037653   0.0106938 0.000103679 -0.158207   0.10243  -9.80719 
             70.7004  -1.94231 -0.808719   157.966    1.14159  -0.590308 -0.0688699 0 0 0   -0.011 -0.02329  0.04412 -0.791877  0.362013 0.0369658    0.010258 7.10072e-05 0.000332788  -0.0371622     0.01034 -0.00034169 -0.158254  0.101935  -9.80719 
             70.8017  -1.69311 -0.628613   157.253    1.06549   -0.55908 -0.0644761 0 0 0   -0.011 -0.02329  0.04412 -0.835329  0.442313 0.0345434    0.010185 3.76692e-05 0.000446922   -0.0363579    0.0098724 -0.000482478 -0.158241  0.101175   -9.8072 
             70.9014 -1.68358  -1.2036  157.015   0.982971  -0.523751 -0.0668454 0 0 0   -0.011 -0.02329  0.04412 -0.899832  0.395083 0.0140414   0.0102611 0.000178224 0.000388703   -0.0355608   0.00954683 -6.75859e-05 -0.158122  0.100481  -9.80721 
             71.0004 -0.727269  -0.89523   157.204   0.898007  -0.498393 -0.0638053 0 0 0   -0.011 -0.02329  0.04412 -0.875405  0.339866 0.0260123   0.0100941 -0.00011293 0.000423801  -0.0342251  0.00883439 -0.00017067 -0.158064 0.0992474  -9.80722 
             71.1029 -1.32501 -1.22422  157.546   0.814368  -0.463503 -0.0649531 0 0 0   -0.011 -0.02329  0.04412 -0.795728  0.407516  0.016303   0.0102258 0.000154905 0.000402071 -0.0341704 0.00850912 1.1318e-05 -0.158264 0.0990786  -9.80722 
             71.1999 -1.35476 -1.07743  157.072   0.738429    -0.4266 -0.0579411 0 0 0   -0.011 -0.02329  0.04412 -0.809495  0.403075 0.0160808   0.0102106 0.000142509 0.000494194   -0.0339323   0.00868548 -0.000379295 -0.158052 0.0989795  -9.80723 
             71.3004  -1.13228 -0.803993    156.94  0.652264  -0.39096 -0.050267 0 0 0   -0.011 -0.02329  0.04412 -0.858776  0.408862 0.0322068   0.0101358 -0.00017079 0.000392872   -0.0336784   0.00808442 -0.000648276 -0.158369 0.0985602  -9.80723 
             71.4004 -0.526011  -1.28077   157.252   0.561974  -0.354577 -0.0476681 0 0 0   -0.011 -0.02329  0.04412 -0.878513  0.307942  0.044422   0.0101746 5.26256e-05 0.000351467   -0.0336857   0.00780815 -0.000590088 -0.158563 0.0984556  -9.80722 
             71.5022 -0.917165  -1.15507   157.791   0.479785  -0.319017 -0.0471041 0 0 0   -0.011 -0.02329  0.04412 -0.603402  0.376011 0.0271298   0.0102322 0.000140404 0.000293227 -0.0344141 0.00774602 -0.0005162 -0.158902 0.0989445  -9.80721 
             71.6003 -3.35418 0.170793   155.87   0.440881  -0.283679 -0.0407962 0 0 0   -0.011 -0.02329  0.04412 -0.513165  0.404921 0.0395766    0.0104551 -2.79621e-05  0.000627363   -0.0331673   0.00841989 -0.000658663 -0.157931 0.0983344  -9.80724 
             71.7015   -2.2039 -0.149147   154.512   0.392238  -0.249252 -0.0376979 0 0 0   -0.011 -0.02329  0.04412 -0.644593    0.3541 0.0332938    0.0103384 -8.75817e-05  0.000599313   -0.0323303   0.00868635 -0.000551798 -0.157405  0.097852  -9.80725 
             71.8007 -1.22296 -1.28848  154.199   0.313394  -0.214077 -0.0390017 0 0 0   -0.011 -0.02329  0.04412 -0.629233  0.395141  0.038369   0.0102239 0.000206569 0.000471515   -0.0331079   0.00764719 -0.000259391 -0.158429 0.0979894  -9.80723 
             71.9001  -1.30525 -0.601928   153.659   0.265195  -0.184585 -0.0368566 0 0 0   -0.011 -0.02329  0.04412 -0.374641  0.239915 0.0220168   0.0103266 1.74562e-05 0.000546395   -0.0326687   0.00765911 -0.000240509 -0.158244 0.0976858  -9.80724 
             72.0014 -0.669615  0.446674   154.325  0.238122 -0.167145 -0.035973 0 0 0   -0.011 -0.02329  0.04412 -0.187118   0.12045 0.0166444    0.0103579 -0.000127237  0.000453469   -0.0321668   0.00777644 -0.000100403 -0.157961 0.0973784  -9.80724 
             72.1015 -0.64023  0.89053  154.959    0.24412  -0.168193 -0.0375947 0 0 0   -0.011 -0.02329  0.04412   0.201957 -0.0347692  0.0318746    0.0103038 -8.71943e-05  0.000377918  -0.0311703  0.00767133 0.000149489 -0.157636 0.0966374  -9.80726 
             72.2013 -1.06799  2.20993  154.813  0.283812 -0.184051 -0.042279 0 0 0   -0.011 -0.02329  0.04412   0.381221 -0.0516429    0.01587    0.0103926 -3.60292e-05  0.000399451   -0.030467   0.0072992 0.000551838 -0.157609 0.0960005  -9.80726 
             72.3013 -0.565088  0.806034   154.286   0.301103  -0.188255 -0.0377377 0 0 0   -0.011 -0.02329  0.04412  -0.0630135   0.0452493 -0.00517437   0.0103601 8.58847e-05  0.00043752  -0.0301653  0.00690407 0.000356265 -0.157769 0.0956406  -9.80726 
             72.4013 0.374481 -1.68974  154.044   0.296161  -0.191002 -0.0439346 0 0 0   -0.011 -0.02329  0.04412 -0.0452032  0.0291954 -0.0195212   0.0103722 0.000107658 0.000565005   -0.029507  0.00654566 0.000602284 -0.157754 0.0950414  -9.80727 
             72.5004  -0.624114 -0.0553605    154.381   0.295269  -0.200638 -0.0373633 0 0 0   -0.011 -0.02329  0.04412  0.217711 -0.151247 0.0191087   0.0104853 -0.00018316 0.000373876  -0.0293087  0.00567159 0.000144494 -0.158289 0.0945797  -9.80727 
             72.6004 -1.50829  1.69595  153.963   0.345922  -0.228304 -0.0319415 0 0 0   -0.011 -0.02329  0.04412  0.744551   -0.3828 0.0223052    0.0105903 -0.000116377  0.000566402  -0.0290809  0.00574777 1.33435e-05 -0.158152 0.0944506  -9.80727 
             72.7004 -1.50257  3.79271   153.72   0.441106  -0.280123 -0.0472172 0 0 0   -0.011 -0.02329  0.04412    1.09063  -0.497255 -0.0365646    0.0103321 -0.000147632  0.000538588  -0.0282243  0.00525435 0.000978929 -0.158135 0.0936536  -9.80728 
             72.8003 -0.915692   3.39094   152.862   0.557511  -0.334297 -0.0521237 0 0 0   -0.011 -0.02329  0.04412    1.21366  -0.591056 -0.0285959   0.0101407 7.14633e-05 0.000571715  -0.028257 0.00536818 0.00112278 -0.158066 0.0937164  -9.80728 
             72.9013 -1.01355  3.13283  152.388  0.676144 -0.394778 -0.060284 0 0 0   -0.011 -0.02329  0.04412    1.20998   -0.63434 -0.0250987    0.0102773 -4.60476e-05  0.000307668 -0.0284386  0.0051056 0.00144935 -0.158303 0.0937384  -9.80727 
             73.0013 -0.738948   2.18824   150.964  0.802886 -0.459332 -0.065282 0 0 0   -0.011 -0.02329  0.04412    1.16227  -0.576129 -0.0201424   0.0101671  0.00012789 0.000549018  -0.027803 0.00539378 0.00159042  -0.15786 0.0933992  -9.80728 
             73.1003 -0.629131   1.83387   149.937   0.906327  -0.510999 -0.0577184 0 0 0   -0.011 -0.02329  0.04412    0.783643   -0.443914 0.000209107   0.0102958 -4.6718e-05 0.000480927   -0.02749 0.00552989 0.00103767 -0.157674 0.0932463  -9.80729 
             73.2003 0.630751 -1.25405  149.269   0.981464  -0.552671 -0.0635239 0 0 0   -0.011 -0.02329  0.04412   0.640838  -0.378192 -0.0104584   0.0101157 0.000282181 0.000519252  -0.027527 0.00566182   0.001329 -0.157584 0.0933111  -9.80729 
             73.3013  0.204365 -0.946036   148.976    1.03136  -0.583859 -0.0634802 0 0 0   -0.011 -0.02329  0.04412   0.458837  -0.256431 0.00611249   0.0101219 0.000176661 0.000398868 -0.0277708 0.00540788 0.00133912 -0.157847 0.0933908  -9.80729 
             73.4004 -0.121365 -0.771274   148.615    1.07416  -0.607826 -0.0595726 0 0 0   -0.011 -0.02329  0.04412  0.355902 -0.208161 0.0124037   0.0101897 0.000145687 0.000429631 -0.0275722 0.00548559 0.00109445 -0.157731 0.0932855  -9.80729 
             73.5005   -0.3484 -0.181525   148.424    1.11226  -0.628463 -0.0581686 0 0 0   -0.011 -0.02329  0.04412   0.294712  -0.147986 0.00471386    0.0102046 -0.000140938  0.000419763 -0.0269368 0.00561837 0.00111755 -0.157413 0.0928845   -9.8073 
             73.6004 -0.175527 0.0777845   148.331    1.13431  -0.642736 -0.0573049 0 0 0   -0.011 -0.02329  0.04412   0.210796 -0.0957646  0.0153806    0.0101034 -0.000207404  0.000341045 -0.0269847 0.00524658 0.00111436 -0.157687 0.0927917  -9.80729 
             73.7029  -0.160234 -0.0195826    148.267    1.15328   -0.65111 -0.0640801 0 0 0   -0.011 -0.02329  0.04412     0.151139   -0.0639092 -0.000835036     0.010134 -7.25248e-05  0.000297206 -0.0269824   0.005356  0.0016277 -0.157601 0.0928177  -9.80729 
             73.8005 -0.38484 0.145565  148.235    1.16796  -0.654631 -0.0680201 0 0 0   -0.011 -0.02329  0.04412  0.0898897 -0.0144149 -0.0135745   0.0102014 -0.00019076 0.000263249 -0.0268124 0.00554587 0.00187629 -0.157407 0.0927572   -9.8073 
             73.9013 -0.288492 0.0027885   148.136    1.16879  -0.659178 -0.0644299 0 0 0   -0.011 -0.02329  0.04412  0.0292746  0.0173383 0.00208209    0.0101566 -0.000107257  0.000272462 -0.0268046 0.00482466 0.00155081 -0.157907 0.0925182  -9.80729 
             74.0003  -0.369993 -0.0765491    148.154    1.17508  -0.660763 -0.0661829 0 0 0   -0.011 -0.02329  0.04412  -0.0140456   0.0380903 0.000947662    0.0102081 -6.04024e-05  0.000224194 -0.0261734 0.00490153 0.00168898 -0.157639 0.0920973   -9.8073 
             74.1012 -0.455554 -0.257812    148.03    1.18204  -0.658198 -0.0679645 0 0 0   -0.011 -0.02329  0.04412 -0.0311826  0.0561738 -0.0092414    0.010256 1.15632e-05 0.000278984 -0.0254654 0.00537379 0.00182642 -0.157074 0.0917525  -9.80731 
             74.2012  -0.427885 -0.0506632    148.072    1.18096  -0.653887 -0.0621219 0 0 0   -0.011 -0.02329  0.04412 -0.0408577  0.0628311 0.00643184    0.0102465 -8.43967e-05  0.000250904 -0.0251299 0.00541074 0.00141698 -0.156943 0.0915343  -9.80732 
             74.3003 -0.422901  -0.10536   148.099   1.18144 -0.651534 -0.063888 0 0 0   -0.011 -0.02329  0.04412 -0.0320689  0.0595613 0.00331332    0.0102424 -3.02282e-05  0.000241608 -0.0245725 0.00541735 0.00159223 -0.156749 0.0911441  -9.80732 
             74.4004  -0.450973 -0.0840661    147.886    1.18119  -0.650449 -0.0635815 0 0 0   -0.011 -0.02329  0.04412 -0.0237232  0.0496978 0.00385286    0.0102565 -4.40353e-05   0.00036815 -0.0240853 0.00526422 0.00158655  -0.15669 0.0907538  -9.80733 
             74.5004 -0.374835 -0.146999   148.155    1.17573  -0.654147 -0.0666972 0 0 0   -0.011 -0.02329  0.04412  -0.0256963   0.0320431 -0.00458911     0.010213 -9.14595e-06  0.000221275 -0.0236861 0.00443831 0.00179306 -0.157115 0.0902043  -9.80733 
             74.6003 -0.469141 0.0877517   148.067    1.18033  -0.655194 -0.0676227 0 0 0   -0.011 -0.02329  0.04412  -0.0188062   0.0290217 -0.00571666    0.0102639 -0.000140924  0.000269859 -0.0229327 0.00461607 0.00183224 -0.156742 0.0897379  -9.80734 
             74.7014 -0.588146 0.0119672   148.068    1.18048  -0.656496 -0.0663608 0 0 0   -0.011 -0.02329  0.04412  -0.0224235   0.0224239 -0.00200364    0.0103296 -0.000101221  0.000269957 -0.0225061 0.00447548 0.00171093 -0.156697 0.0893976  -9.80734 
             74.8013 -0.508086 -0.341907    148.04    1.17453  -0.656003 -0.0661611 0 0 0   -0.011 -0.02329  0.04412  -0.0280911   0.0186228 -0.00147406   0.0102854 9.54192e-05 0.000288487 -0.0226235 0.00410928 0.00167342 -0.156984 0.0893602  -9.80734 
             74.9003 -0.526216  -0.13426   148.077    1.17419  -0.657712 -0.0630475 0 0 0   -0.011 -0.02329  0.04412 -0.0277686  0.0134282 0.00501768    0.0102938 -2.13541e-05  0.000266983 -0.0222077 0.00402656 0.00145227 -0.156905 0.0890489  -9.80734 
             75.0013 -0.344427 -0.191223   148.186   1.17399 -0.658161 -0.060282 0 0 0   -0.011 -0.02329  0.04412 -0.0229684  0.0147905 0.00968077   0.0101894 9.87795e-06 0.000205954 -0.0219231 0.00403199 0.00129974 -0.156809 0.0888564  -9.80734 
             75.1004 -0.543048 -0.174515   148.087    1.17566  -0.659739 -0.0598014 0 0 0   -0.011 -0.02329  0.04412 -0.0185601 0.00956415 0.00833154     0.010297 -9.93813e-07   0.00026088 -0.0214882 0.00409468   0.001337 -0.156622 0.0885778  -9.80735 
             75.2004 -0.340898 0.0398414   148.211    1.17493  -0.661472 -0.0598475 0 0 0   -0.011 -0.02329  0.04412 -0.0210322  0.0124912 0.00654108    0.0101837 -0.000119558  0.000191563 -0.0211837 0.00395688 0.00138794 -0.156612  0.088324  -9.80735 
             75.3013 -0.386459 -0.126623    148.14    1.17381  -0.659382 -0.0564892 0 0 0   -0.011 -0.02329  0.04412 -0.0209932  0.0181698  0.0117736    0.0102081 -2.58294e-05  0.000232395 -0.0211807 0.00406876 0.00120945 -0.156539 0.0883601  -9.80735 
             75.4003 -0.580391 -0.232332   147.974    1.17886  -0.656897 -0.0599842 0 0 0   -0.011 -0.02329  0.04412 -0.00813434   0.0208427  0.00130491   0.0103178  3.1449e-05 0.000327974 -0.0208223 0.00457883 0.00153602 -0.156076  0.088278  -9.80736 
             75.5003 -0.409996   0.14131   148.204    1.18001   -0.66092 -0.0617024 0 0 0   -0.011 -0.02329  0.04412  -0.0118376   0.0166829 -0.00256491    0.0102217 -0.000177323  0.000200184 -0.0202361 0.00427585 0.00164864  -0.15608 0.0877804  -9.80737 
             75.6013  -0.394016 -0.0354811    148.079    1.18218  -0.658947 -0.0592691 0 0 0   -0.011 -0.02329  0.04412 -0.0077789  0.0218848 0.00264266    0.0102121 -7.79058e-05  0.000270555 -0.0200644 0.00448806 0.00147258 -0.155886 0.0877345  -9.80737 
             75.7003 -0.630522 -0.179856   147.924   1.18507 -0.655609 -0.060384 0 0 0   -0.011 -0.02329  0.04412  -0.00383874    0.0242731 -0.000721769   0.0103445  2.7893e-06 0.000358653 -0.0199453 0.00481596 0.00157592 -0.155628 0.0877588  -9.80737 
             75.8003 -0.624537  0.133942   148.029    1.18697  -0.658407 -0.0570322 0 0 0   -0.011 -0.02329  0.04412 -0.00922208   0.0170436  0.00633183    0.0103408 -0.000172046   0.00029841 -0.0194271 0.00462293 0.00134316 -0.155588 0.0873497  -9.80738 
             75.9013 -0.581642 0.0278704   148.138    1.18247   -0.65833 -0.0551951 0 0 0   -0.011 -0.02329  0.04412 -0.0220382  0.0161294 0.00882462    0.0103182 -0.000112565  0.000239858 -0.0194995 0.00430603  0.0012561 -0.155822 0.0872973  -9.80737 
             76.0003  -0.529766 -0.0776882     148.18    1.17418  -0.657474 -0.0586922 0 0 0   -0.011 -0.02329  0.04412  -0.0380745   0.0182372 -0.00037018    0.0102899 -5.51055e-05  0.000219659 -0.0197662 0.00388929 0.00153477 -0.156178 0.0873392  -9.80737 
             76.1003 -0.436517 0.0525267    148.06    1.1736 -0.661872  -0.06075 0 0 0   -0.011 -0.02329  0.04412  -0.0371996   0.0107278 -0.00464869    0.0102379 -0.000127846  0.000287058 -0.0191591 0.00365966 0.00166129 -0.156126 0.0868575  -9.80737 
             76.2013 -0.426673 0.0389778   148.168    1.1727 -0.660324 -0.060427 0 0 0   -0.011 -0.02329  0.04412  -0.0363131   0.0171155 -0.00326091    0.0102324 -0.000120429  0.000229004 -0.0190091 0.00384982  0.0016137 -0.155953  0.086819  -9.80738 
             76.3004  -0.50643 0.0174902   148.231    1.16714  -0.660252 -0.0618805 0 0 0   -0.011 -0.02329  0.04412  -0.0459815   0.0169238 -0.00595186   0.0102772 -0.00010963  0.00019597 -0.0189857 0.00363878 0.00168332 -0.156082  0.086735  -9.80737 
             76.4003 -0.311623  0.131199   148.187   1.17169 -0.661099 -0.063316 0 0 0   -0.011 -0.02329  0.04412  -0.0317965   0.0203719 -0.00785684    0.0101683 -0.000171948  0.000221579 -0.0182797 0.00397384  0.0017491 -0.155632 0.0863729  -9.80738 
              76.502 -0.515652 -0.084911   148.199     1.1737  -0.660534 -0.0578824 0 0 0   -0.011 -0.02329  0.04412 -0.0250525  0.0166001 0.00460084    0.0102844 -5.03652e-05  0.000217593 -0.0179223 0.00419577 0.00134393 -0.155379 0.0862118  -9.80739 
             76.6003  -0.495601 -0.0939923    148.231  1.16539 -0.66099 -0.06021 0 0 0   -0.011 -0.02329  0.04412  -0.0406708   0.0154843 -0.00138362    0.0102733 -4.57935e-05  0.000201524 -0.0180795 0.00371616  0.0015173 -0.155736   0.08616  -9.80739 
             76.7002  -0.57149 0.0287162   148.365    1.16905   -0.65822 -0.0610861 0 0 0   -0.011 -0.02329  0.04412  -0.0308861   0.0216498 -0.00344261    0.0103143 -0.000112955  0.000128504  -0.017704 0.00425264 0.00158029 -0.155267 0.0860839  -9.80739 
             76.8012   -0.298844 0.000152782     148.329    1.17317   -0.66355 -0.0617697 0 0 0   -0.011 -0.02329  0.04412  -0.0177605   0.0126464 -0.00414488    0.0101629 -9.72251e-05  0.000150691 -0.0168202 0.00413351 0.00159647 -0.155054  0.085465   -9.8074 
             76.9003 -0.440846 -0.189228   148.118    1.17481  -0.664035 -0.0626692 0 0 0   -0.011 -0.02329  0.04412  -0.0120785   0.0102461 -0.00572228    0.010242  7.1808e-06 0.000269902 -0.0165404 0.00421834 0.00163073 -0.154908 0.0853086  -9.80741 
             77.0013     -0.25128 -4.49419e-05      148.298    1.17775  -0.665074 -0.0668486 0 0 0   -0.011 -0.02329  0.04412 -0.00645962    0.015121    -0.01336    0.0101372 -9.78942e-05  0.000170716 -0.0161364 0.00428489 0.00186826 -0.154729 0.0850634  -9.80741 
             77.1012 -0.341209 0.0037237   148.155    1.18389  -0.666283 -0.0671784 0 0 0   -0.011 -0.02329  0.04412 0.00379735  0.0137195 -0.0115383    0.0101879 -9.98661e-05  0.000252432 -0.0155911 0.00448866 0.00180764 -0.154423 0.0847741  -9.80742 
             77.2003 -0.488834 0.0394622   148.136    1.17665  -0.664639 -0.0654867 0 0 0   -0.011 -0.02329  0.04412  -0.0183795   0.0168358 -0.00582754    0.0102691 -0.000121452  0.000265305 -0.0159846 0.00409862 0.00161144 -0.154802 0.0849074  -9.80741 
             77.3014  -0.141416 -0.0630251    148.148    1.17813  -0.665043 -0.0699551 0 0 0   -0.011 -0.02329  0.04412 -0.0100245  0.0220722 -0.0141007    0.0100756 -6.45225e-05  0.000261855 -0.0156561 0.00409071 0.00186322 -0.154696 0.0846892  -9.80741 
             77.4012 -0.143073  0.174607   148.099    1.17214  -0.662917 -0.0681688 0 0 0   -0.011 -0.02329  0.04412   -0.026027   0.0314517 -0.00761643    0.0100764 -0.000198551  0.000290382 -0.0158508 0.00379356  0.0016454  -0.15495 0.0847229  -9.80741 
             77.5003 -0.253416 -0.243101   148.218    1.1732 -0.659073 -0.071567 0 0 0   -0.011 -0.02329  0.04412 -0.0153972  0.0361234 -0.0135198   0.0101378 3.40407e-05 0.000226458 -0.0157251 0.00402247 0.00182869 -0.154763 0.0847124  -9.80741 
             77.6002  -0.34012 -0.069148   148.088    1.18043  -0.657763 -0.0689223 0 0 0   -0.011 -0.02329  0.04412 -0.000746496    0.0351537  -0.00549439    0.0101861 -6.19027e-05  0.000300664 -0.0151051 0.00436724 0.00157484  -0.15435 0.0844261  -9.80742 
             77.7014  -0.257576 -0.0102178     148.12    1.17608  -0.659937 -0.0716469 0 0 0   -0.011 -0.02329  0.04412  -0.0121904   0.0299214 -0.00990051    0.0101416 -9.53528e-05  0.000283373 -0.0149525 0.00374854 0.00170325 -0.154686 0.0841308  -9.80742 
             77.8003 -0.365412 0.0410575   148.124   1.17384 -0.657681 -0.067524 0 0 0   -0.011 -0.02329  0.04412  -0.0196382   0.0318032 0.000201163   0.0102022 -0.00012441 0.000283552 -0.0149339 0.00365218 0.00136593 -0.154746 0.0840925  -9.80742 
             77.9013 -0.403629 -0.211262    148.08    1.17616  -0.657861 -0.0698349 0 0 0   -0.011 -0.02329  0.04412  0.0139216  0.0213561 -0.0120249   0.0102197 1.29962e-05 0.000310306 -0.0145742 0.00365313 0.00149776 -0.154628 0.0838617  -9.80742 
             78.0012 -0.412628  0.111154   148.028    1.18157  -0.660841 -0.0688866 0 0 0   -0.011 -0.02329  0.04412   0.0745743  -0.0243499 -0.00756674    0.0102003 -7.53146e-05  0.000343456 -0.0142487 0.00353975 0.00136665 -0.154596 0.0836203  -9.80743 
             78.1002 -0.751074   0.22107    148.11    1.20512  -0.669121 -0.0667938 0 0 0   -0.011 -0.02329  0.04412   0.318732  -0.166722 0.00320359    0.0102923 -5.79067e-05  0.000277522 -0.0137335 0.00394336 0.00118363 -0.154183 0.0834224  -9.80743 
             78.2002 -1.00268  2.20648   147.93    1.26251  -0.701908 -0.0625824 0 0 0   -0.011 -0.02329  0.04412  0.698346 -0.352808 0.0157754     0.010194 -7.66209e-05  0.000288159 -0.0131958 0.00383297 0.00103615 -0.154082  0.083049  -9.80744 
             78.3012 -1.10627  2.98865  147.304    1.3328 -0.742006 -0.065122 0 0 0   -0.011 -0.02329  0.04412    0.618601   -0.457866 -0.00205561    0.0102564 -5.77464e-05  0.000366501 -0.0129158 0.00382721 0.00128922 -0.153992 0.0828673  -9.80744 
             78.4002 0.484264  1.87232  148.152    1.39548   -0.80249 -0.0685358 0 0 0   -0.011 -0.02329  0.04412   0.648505  -0.543651 -0.0325911    0.0101383 -0.000102374  0.000420081 -0.0120484 0.00324165 0.00143533 -0.154074 0.0821358  -9.80745 
              78.502 -0.236341   2.16616   150.053     1.4734  -0.861105 -0.0779952 0 0 0   -0.011 -0.02329  0.04412   0.940371  -0.430341 -0.0289441   0.0102874 5.49303e-05 0.000441737 -0.0117049 0.00290238 0.00184134 -0.154162 0.0818067  -9.80745 
             78.6004 -1.67276  2.75143  150.136   1.56613 -0.909209  -0.08292 0 0 0   -0.011 -0.02329  0.04412  0.941831 -0.496716 -0.034721   0.0103357 9.79276e-05 0.000570091 -0.0119191 0.00256374 0.00202522 -0.154432 0.0818305  -9.80744 
             78.7004 0.07038 2.20319 150.072    1.65473  -0.954709 -0.0838387 0 0 0   -0.011 -0.02329  0.04412  0.709235 -0.468671 -0.015991    0.0100814 -5.74111e-05  0.000479989 -0.0116928 0.00281432 0.00198216 -0.154208 0.0817704  -9.80745 
             78.8012  1.78883 0.595866  151.077    1.71315   -1.00115 -0.0824215 0 0 0   -0.011 -0.02329  0.04412   0.575948  -0.458411 -0.0425276   0.0100994 7.62067e-05 0.000429227 -0.0118376 0.00279834 0.00165579 -0.154277 0.0818629  -9.80745 
             78.9012 0.666688 0.887767  153.205    1.77371   -1.03973 -0.0803093 0 0 0   -0.011 -0.02329  0.04412    0.675204   -0.370628 -0.00630384   0.0103149 0.000148967 0.000344739 -0.0120911 0.00313191 0.00127275 -0.154173 0.0821367  -9.80744 
             79.0012 -0.494808   1.46172   154.888     1.847  -1.07273 -0.085179 0 0 0   -0.011 -0.02329  0.04412   0.696031  -0.350736 -0.0141395  0.0103207 0.00010255 0.00032681 -0.0119756  0.0034382 0.00157262 -0.153943 0.0821593  -9.80745 
              79.102 0.207659  1.29397  155.987    1.91114   -1.10746 -0.0870871 0 0 0   -0.011 -0.02329  0.04412  0.677521 -0.343666 -0.020066    0.010152 7.15212e-05 0.000336487 -0.0121931 0.00320526 0.00154323 -0.154155 0.0822118  -9.80744 
             79.2002 0.0466817   1.13598   157.246     1.9791   -1.14281 -0.0917172 0 0 0   -0.011 -0.02329  0.04412   0.746686  -0.352819 -0.0310478   0.0102332 0.000111443  0.00040684 -0.0122272 0.00297432 0.00169092 -0.154295 0.0821475  -9.80744 
             79.3012 0.364795  1.18671  159.078   2.05845  -1.17506 -0.097019 0 0 0   -0.011 -0.02329  0.04412   0.816367   -0.34145 -0.0200899   0.0101593 0.000166766 0.000307773 -0.0122669 0.00314054 0.00184386 -0.154211 0.0822265  -9.80744 
              79.401 -0.0145681   0.897936    160.016    2.14449     -1.208 -0.0987732 0 0 0   -0.011 -0.02329  0.04412    0.78454   -0.27689 -0.0244355   0.0102284 0.000202328 0.000356813 -0.0120229 0.00329262 0.00175105 -0.154039 0.0821461  -9.80745 
             79.5002 -0.0665949   0.756036    161.324    2.21442    -1.2336 -0.0957302 0 0 0   -0.011 -0.02329  0.04412   0.635816  -0.291309 -0.0210522   0.0102054 1.28148e-05  0.00022311  -0.012054 0.00323904 0.00142656 -0.154088 0.0821507  -9.80745 
             79.6013 0.396257  0.28271  162.824    2.26951   -1.26453 -0.0921693 0 0 0   -0.011 -0.02329  0.04412   0.611125  -0.288663 -0.0118992   0.0103078 0.000101761 0.000325356 -0.0121855 0.00283001 0.00103969 -0.154369 0.0820707  -9.80744 
             79.7012 0.049902 0.645161  164.933   2.33407  -1.29232 -0.099223 0 0 0   -0.011 -0.02329  0.04412   0.769545  -0.193362 -0.0158648   0.0102717 7.56134e-05 0.000329014 -0.0123324 0.00255319   0.001369 -0.154565 0.0820304  -9.80744 
             79.8002 -0.822629   1.10649   166.567    2.4122  -1.31283 -0.101569 0 0 0   -0.011 -0.02329  0.04412   0.812164  -0.234468 -0.0290507   0.0102926 4.64013e-05 0.000227006 -0.0124166 0.00253299 0.00141201 -0.154609 0.0820648  -9.80744 
             79.9012 -0.601326  0.975061   167.227   2.49349  -1.33635 -0.104463 0 0 0   -0.011 -0.02329  0.04412   0.845781  -0.209763 -0.0251245   0.0102805 5.94751e-05  0.00035435 -0.0125529  0.0024695  0.0014117 -0.154699  0.082106  -9.80744 
             80.0003 -0.821435  0.791329   168.332   2.58038  -1.35472 -0.103965 0 0 0   -0.011 -0.02329  0.04412   0.887913  -0.201042 -0.0314672   0.0103274 0.000103189 0.000286517 -0.0125688 0.00267874 0.00120944 -0.154608 0.0822083  -9.80744 
             80.1003 -0.711041  0.790716   169.286   2.66448  -1.37231 -0.109416 0 0 0   -0.011 -0.02329  0.04412   0.876514  -0.181795 -0.0249566   0.0103263 0.000134835 0.000316525 -0.0129727 0.00267651 0.00139087 -0.154783 0.0823942  -9.80743 
             80.2003 -0.434974  0.799781   170.403   2.74703  -1.38907 -0.115005 0 0 0   -0.011 -0.02329  0.04412   0.871962  -0.168526 -0.0403799   0.0101498 7.03734e-05  0.00021104 -0.0133763 0.00250142 0.00155224 -0.155042 0.0824959  -9.80743 
             80.3003 -0.455266  0.423206   171.412   2.82908  -1.40297 -0.120959 0 0 0   -0.011 -0.02329  0.04412   0.879401  -0.166544 -0.0449719   0.0102519 0.000181717  0.00021599 -0.0138247 0.00256254 0.00168324 -0.155217 0.0827201  -9.80742 
             80.4003 -0.73059 0.466017  172.268   2.91087  -1.41157 -0.121793 0 0 0   -0.011 -0.02329  0.04412    0.85541  -0.125796 -0.0267672   0.0102859 0.000158215 0.000216435 -0.0142608 0.00276246 0.00150874 -0.155338 0.0830022  -9.80742 
             80.5019 -0.530666  0.381314   173.219  3.00446  -1.4245 -0.13155 0 0 0   -0.011 -0.02329  0.04412   0.897225   -0.13815 -0.0400321   0.0101927 0.000217445 0.000165419 -0.0138955 0.00287333 0.00184381 -0.155109 0.0828999  -9.80742 
             80.6014 -0.693822  0.336385   174.161   3.09161  -1.43484 -0.136179 0 0 0   -0.011 -0.02329  0.04412   0.892619 -0.0987594 -0.0525308   0.0102938 0.000240774 0.000140038 -0.0139381 0.00291767 0.00189739  -0.15511 0.0829378  -9.80742 
             80.7003 -0.565463  0.304976   175.145   3.17085  -1.44885 -0.137075 0 0 0   -0.011 -0.02329  0.04412   0.855522  -0.110754 -0.0318011   0.0102547 0.000210657 0.000132451 -0.0143776 0.00249953 0.00166319 -0.155496 0.0829072  -9.80742 
             80.8011 -0.709609  0.478001   175.815   3.25178  -1.46609 -0.140046 0 0 0   -0.011 -0.02329  0.04412   0.903042  -0.116688 -0.0246197   0.0103362 0.000218899 0.000250297 -0.0147259 0.00200836 0.00163211 -0.155858 0.0827968  -9.80741 
             80.9003 -1.07272 0.405843  176.535    3.3425  -1.48045 -0.147431 0 0 0   -0.011 -0.02329  0.04412   0.978726 -0.0539706 -0.0442333   0.0104337   0.0002744 0.000376689 -0.0148817 0.00164324 0.00183352 -0.156069 0.0826704  -9.80741 
             81.0012 -0.677757     0.784   177.141   3.43622  -1.48166 -0.142453 0 0 0   -0.011 -0.02329  0.04412    0.98544 -0.0605561 -0.0182733   0.0102373 0.000187889 0.000164607 -0.0153053 0.00178562 0.00129532  -0.15624 0.0828958  -9.80741 
             81.1003 -0.596724  0.707888   176.859    3.5378  -1.48902 -0.139342 0 0 0   -0.011 -0.02329  0.04412   0.992195 -0.0669462 -0.0175786   0.0102611 0.000207672 0.000257813  -0.0152042  0.00176128 0.000963432 -0.156206 0.0828512  -9.80741 
             81.2013 -0.763645  0.785952   176.973   3.63943   -1.4915 -0.141489 0 0 0   -0.011 -0.02329  0.04412    1.00883 -0.0581383 -0.0150454   0.0103313 0.000214604 0.000247286 -0.0152378 0.00203183 0.00103498 -0.156126 0.0829992  -9.80741 
             81.3001 -0.977102  0.597688   176.476   3.74818  -1.50719 -0.149397 0 0 0   -0.011 -0.02329  0.04412      1.029  -0.079074 -0.0359272   0.0103227 0.000265905 0.000426611 -0.0147007 0.00166618 0.00144097 -0.15597 0.082634 -9.80741 
             81.4002  -0.8282 0.890053  176.278  3.84714 -1.52541 -0.14866 0 0 0   -0.011 -0.02329  0.04412    1.01186  -0.104318 -0.0171998   0.0103276 0.000170984 0.000453913 -0.0148834 0.00114766  0.0012246 -0.156243 0.0824302  -9.80741 
             81.5021 -0.429468  0.834691    176.14  3.94917 -1.53821 -0.14696 0 0 0   -0.011 -0.02329  0.04412    1.01019  -0.113711 -0.0262694   0.0101554 0.000146147 0.000495209  -0.0148442  0.00103741 0.000987207 -0.156265 0.0823631  -9.80741 
             81.6012 -0.262345   0.83547   176.205   4.04778  -1.54966 -0.146858 0 0 0   -0.011 -0.02329  0.04412     0.95181  -0.0794132 -0.00801605   0.0100769 0.000163887 0.000461643  -0.0150288  0.00100038 0.000903546 -0.156373 0.0824037  -9.80741 
             81.7003 -0.783111  0.381425   176.157   4.13393  -1.54686 -0.160756 0 0 0   -0.011 -0.02329  0.04412   0.896118 -0.0894136  -0.043931   0.0102697 0.000264915 0.000428796 -0.0156035 0.00145195 0.00170755 -0.156496 0.0828097   -9.8074 
             81.8012 -0.442918  0.681103   176.041   4.21117  -1.55324 -0.162369 0 0 0   -0.011 -0.02329  0.04412    0.727583   -0.035473 -0.00748097   0.0101265 0.000182093 0.000401217 -0.0160883 0.00133288 0.00157611 -0.156782 0.0829052   -9.8074 
             81.9011  -0.679255 -0.0973582    175.818   4.25717  -1.55512 -0.169035 0 0 0   -0.011 -0.02329  0.04412    0.333175  -0.0243967 -0.00504465   0.0103509 0.000270709 0.000506122 -0.0166571 0.00128709 0.00203288 -0.157071 0.0830601  -9.80739 
             82.0002 -0.137084   -1.3969   175.318   4.26988  -1.57268 -0.170697 0 0 0   -0.011 -0.02329  0.04412   0.155868 -0.0904636 -0.0503941   0.0102695 0.000331921  0.00058468  -0.0170742 0.000603802  0.00194903 -0.157502  0.082851  -9.80739 
             82.1012 -0.257486 -0.894692   175.469   4.27945  -1.57853 -0.175852 0 0 0   -0.011 -0.02329  0.04412    0.10361 -0.0525573 -0.0287849   0.0101537 0.000363024 0.000512073  -0.0174262 0.000562255  0.00204695 -0.157688 0.0829429  -9.80738 
             82.2011 -0.432216 -0.691737   175.345   4.28816  -1.57912 -0.172515 0 0 0   -0.011 -0.02329  0.04412  0.0626862 -0.0397879 -0.0201897   0.0101005 0.000291388 0.000526073    -0.01745 0.000738609   0.0016512 -0.15765 0.083042 -9.80738 
             82.3002 -0.336733 -0.640534   175.335   4.29216   -1.5739 -0.172275 0 0 0   -0.011 -0.02329  0.04412   0.023083 -0.0204255 -0.0116772   0.0100746 0.000279769 0.000558241 -0.0174955 0.00117087 0.00155013 -0.157533 0.0832717  -9.80738 
             82.4031 -0.531038 -0.797956   175.422   4.29183  -1.56338 -0.174299 0 0 0   -0.011 -0.02329  0.04412  0.00969148 -0.00258741  -0.0145486   0.0101641 0.000390552 0.000489313 -0.0177657 0.00170668 0.00160485  -0.15749 0.0836236  -9.80738 
             82.5003 -0.352362 -0.690218   175.499   4.29082  -1.56572 -0.175264 0 0 0   -0.011 -0.02329  0.04412   0.0147663 -0.00161044   -0.013569   0.0100676 0.000322839 0.000458594 -0.0178969 0.00154525 0.00156836 -0.157607 0.0835875  -9.80738 
             82.6002 -0.379518 -0.690454   175.501   4.28638   -1.5647 -0.174942 0 0 0   -0.011 -0.02329  0.04412   0.0171099 0.000712366  -0.0121123   0.0100791 0.000320495 0.000459608 -0.0183509 0.00146897 0.00146636 -0.157853 0.0836989  -9.80737 
             82.7012 -0.399533 -0.883686   175.467   4.28389  -1.56562 -0.176097 0 0 0   -0.011 -0.02329  0.04412   0.0282611 -0.00117083  -0.0128533   0.0100886 0.000426008 0.000484075 -0.0186944 0.00132331 0.00146751 -0.158067 0.0837394  -9.80737 
             82.8011 -0.534875 -0.764341   175.459   4.28384  -1.56556 -0.176982 0 0 0   -0.011 -0.02329  0.04412   0.0337785 -0.00323361  -0.0123675   0.0101641 0.000359502 0.000489947 -0.0189253 0.00127413 0.00144966 -0.158195 0.0837903  -9.80737 
             82.9003 -0.519434 -0.695953   175.388   4.28652  -1.56548 -0.175384 0 0 0   -0.011 -0.02329  0.04412   0.0385272 -0.00269721 -0.00665233   0.0101569 0.000316241  0.00052903 -0.0189906 0.00127175 0.00127353 -0.158228 0.0838112  -9.80737 
             83.0012 -0.828548 -0.691071   175.353   4.28521  -1.56774 -0.174555 0 0 0   -0.011 -0.02329  0.04412   0.0345841  -0.0142414 -0.00367216   0.0103294 0.000310792 0.000548962 -0.0193373 0.00110668 0.00118585 -0.158449 0.0838429  -9.80736 
             83.1003 -0.585031 -0.734939   175.441   4.28585   -1.5704 -0.177344 0 0 0   -0.011 -0.02329  0.04412   0.0384145  -0.0161333 -0.00896912   0.0101949 0.000334277 0.000502363  -0.0195471 0.000971238  0.00133984 -0.158592 0.0838437  -9.80736 
             83.2002 -0.586466 -0.674417    175.46   4.28611  -1.56961 -0.175401 0 0 0   -0.011 -0.02329  0.04412   0.0377751    -0.01354 -0.00388598   0.0101945 0.000298442 0.000492614 -0.0198279 0.00100748 0.00116923 -0.158715 0.0839511  -9.80736 
             83.3011 -0.738992 -0.753398   175.424   4.28674  -1.56676 -0.173829 0 0 0   -0.011 -0.02329  0.04412     0.040176   -0.0119121 -0.000384369   0.0102793 0.000341235 0.000514297 -0.0201182 0.00114952 0.00105442 -0.158808 0.0841116  -9.80735 
             83.4003 -0.632232 -0.737523   175.431   4.28768  -1.56301 -0.174981 0 0 0   -0.011 -0.02329  0.04412    0.042831 -0.00502582 -0.00322244   0.0102213 0.000331415 0.000510353  -0.020407 0.00130708 0.00113457 -0.158894 0.0842778  -9.80735 
             83.5001 -0.549646 -0.738802   175.525   4.28854   -1.5582 -0.177405 0 0 0   -0.011 -0.02329  0.04412   0.0449999  0.00361305 -0.00809694   0.0101739 0.000331821 0.000459221 -0.0207234 0.00147324 0.00127856 -0.158989  0.084456  -9.80735 
             83.6011 -0.455574 -0.790233   175.612   4.28932  -1.55114 -0.178838 0 0 0   -0.011 -0.02329  0.04412   0.0475696   0.0159318 -0.00996069   0.0101196 0.000358117 0.000411896 -0.0210753 0.00168961 0.00133158 -0.159086  0.084669  -9.80734 
             83.7002 -0.530926 -0.791483    175.55   4.28682  -1.54918 -0.179917 0 0 0   -0.011 -0.02329  0.04412  0.0405467  0.0152417 -0.0107599    0.010162 0.000356485 0.000447888 -0.0215831 0.00157157 0.00134943 -0.159362 0.0847708  -9.80734 
             83.8001  -0.36856 -0.736692   175.571   4.28657  -1.54987 -0.177052 0 0 0   -0.011 -0.02329  0.04412   0.0389977   0.0149789 -0.00321121   0.0100723 0.000323362  0.00043563 -0.0218539 0.00137039 0.00110276 -0.159554 0.0847599  -9.80734 
             83.9001 -0.593663 -0.768121   175.633   4.2816 -1.54576 -0.17668 0 0 0   -0.011 -0.02329  0.04412   0.0277538   0.0154577 -0.00257284   0.0101949 0.000338868 0.000402793 -0.0224936 0.00133269 0.00107681 -0.159866 0.0849392  -9.80733 
             84.0002 -0.749954 -0.790584   175.552   4.28213  -1.54244 -0.176938 0 0 0   -0.011 -0.02329  0.04412   0.0323155     0.01282 -0.00303858   0.0102821 0.000348969 0.000450118  -0.022696 0.00138293 0.00108273 -0.159944 0.0850249  -9.80733 
             84.1002 -0.628432  -0.82143    175.45   4.28543  -1.54134 -0.182861 0 0 0   -0.011 -0.02329  0.04412  0.0438109   0.011363 -0.0149381   0.0102142 0.000363147 0.000506761 -0.0227378 0.00136517 0.00143921 -0.159968 0.0850279  -9.80733 
             84.2012  -0.57246 -0.847833   175.671   4.28243  -1.54071 -0.181672 0 0 0   -0.011 -0.02329  0.04412  0.0371897 0.00938254 -0.0102196   0.0101812 0.000376818 0.000385458 -0.0232447 0.00119246 0.00127875 -0.160257 0.0851012  -9.80732 
             84.3012 -0.500518 -0.832027   175.585    4.2837  -1.54935 -0.184308 0 0 0   -0.011 -0.02329  0.04412   0.0413369 -0.00582116  -0.0135864   0.0101426 0.000365098 0.000432829 -0.0233392 0.00070788 0.00137242  -0.16045 0.0849021  -9.80732 
             84.4011 -0.687818 -0.799574   175.511   4.28495  -1.54909 -0.180903 0 0 0   -0.011 -0.02329  0.04412   0.0432194 -0.00912867 -0.00424753   0.0102467 0.000345463 0.000473911  -0.0235591 0.000706026  0.00107307 -0.160554 0.0849685  -9.80732 
             84.5001 -0.481451 -0.816331   175.637   4.28691  -1.54391 -0.181683 0 0 0   -0.011 -0.02329  0.04412  0.0484184 0.00274115 -0.0057381   0.0101331 0.000354369 0.000406002  -0.0238079 0.000906967  0.00110656 -0.160607 0.0851369  -9.80732 
             84.6001 -0.423796 -0.847996    175.57   4.28777  -1.55211 -0.181028 0 0 0   -0.011 -0.02329  0.04412    0.049055 -0.00963755 -0.00352268   0.0101031 0.000368127 0.000443849  -0.0240134 0.000450687  0.00102273 -0.160841 0.0849861  -9.80731 
             84.7001 -0.482587 -0.810515   175.603   4.28557  -1.54693 -0.180115 0 0 0   -0.011 -0.02329  0.04412    0.0419181 -0.000427097  -0.00169591   0.0101352 0.000345364  0.00042595    -0.02456 0.000588736  0.00096376  -0.16105 0.0852132  -9.80731 
             84.8002 -0.415893 -0.818298   175.578   4.28926  -1.55221 -0.183453 0 0 0   -0.011 -0.02329  0.04412    0.050811 -0.00713742 -0.00852156   0.0100991 0.000347306 0.000439371  -0.0245787 0.000336583  0.00115833 -0.161133 0.0851012  -9.80731 
             84.9001 -0.481072 -0.764677   175.557   4.28892  -1.55514 -0.183392 0 0 0   -0.011 -0.02329  0.04412   0.0462924   -0.011454 -0.00735827    0.010135 0.000316186  0.00045112  -0.0249318 0.000144052  0.00110783 -0.161353 0.0851167   -9.8073 
             85.0011 -0.494225 -0.832926   175.655   4.28757  -1.55181 -0.179752 0 0 0   -0.011 -0.02329  0.04412   0.0423153 -0.00443743 0.000880576   0.0101418 0.000352245 0.000397416  -0.0253899 0.000223887 0.000844749 -0.161538 0.0852893   -9.8073 
             85.1002   -0.4842 -0.752264   175.638   4.28538  -1.55459 -0.178814 0 0 0   -0.011 -0.02329  0.04412   0.0348701 -0.00821183  0.00220021   0.0101364 0.000304963 0.000406624  -0.0258035 3.94147e-06 0.000800194 -0.161791 0.0853096  -9.80729 
             85.2011 -0.392738 -0.767383   175.565     4.284  -1.55669 -0.179093 0 0 0   -0.011 -0.02329  0.04412   0.0325796 -0.00798457  0.00109685   0.0100863 0.000311029 0.000448292   -0.0261366 -0.000152177  0.000840202 -0.161988 0.0853349  -9.80729 
              85.301 -0.332038 -0.723491   175.628   4.28708  -1.55358 -0.177931 0 0 0   -0.011 -0.02329  0.04412  0.0404487  0.0011808 0.00292338   0.0100524 0.000284721 0.000415577    -0.026211 -3.77858e-06  0.000779071 -0.161978 0.0854247  -9.80729 
             85.4022 -0.473352 -0.767541   175.669    4.2871  -1.54899 -0.178084 0 0 0   -0.011 -0.02329  0.04412  0.0403752 0.00700284  0.0013527   0.0101309 0.000306336 0.000394337  -0.0265483 0.000118978 0.000819609 -0.162093  0.085578  -9.80729 
             85.5004 -0.596599 -0.758101   175.628   4.28583  -1.55109 -0.178539 0 0 0   -0.011 -0.02329  0.04412    0.0363537 -0.000898139 -0.000482486   0.0101993 0.000299186 0.000418393   -0.0268929 -9.22251e-05  0.000862077 -0.162309  0.085581  -9.80728 
             85.6002 -0.423602  -0.83644   175.614   4.28583  -1.54918 -0.181219 0 0 0   -0.011 -0.02329  0.04412   0.0387835  0.00414647 -0.00653173   0.0101019 0.000341467 0.000427347   -0.0271883 -9.09752e-05   0.00103905  -0.16244 0.0856653  -9.80728 
             85.7013 -0.280152 -0.832526   175.644   4.28687  -1.55203 -0.183447 0 0 0   -0.011 -0.02329  0.04412   0.042434 0.00307598 -0.0101746    0.010023 0.000336548 0.000413281   -0.0273716 -0.000311264   0.00114099 -0.162586 0.0856175  -9.80728 
              85.801 -0.400647 -0.797678    175.58   4.28762  -1.55069 -0.183973 0 0 0   -0.011 -0.02329  0.04412   0.0264993  0.00347038 -3.8127e-06   0.0100903 0.000314942   0.0004494   -0.0276311 -0.000329468   0.00111644 -0.162706 0.0856831  -9.80728 
             85.9001 -0.650463 -0.856981   175.655   4.28239  -1.54558 -0.183264 0 0 0   -0.011 -0.02329  0.04412  -0.0741127   0.0170531 -0.00413594   0.0102259 0.000315884 0.000410629   -0.0280773 -0.000247779   0.00107238 -0.162881 0.0858466  -9.80727 
             86.0012 -0.373854 -0.962515   175.707   4.27067  -1.54465 -0.180576 0 0 0   -0.011 -0.02329  0.04412 -0.0902527  0.0142857 -0.0052813   0.0101319 0.000304952 0.000395915  -0.0283191 -0.00034037 0.000943853 -0.163015 0.0858739  -9.80727 
              86.101  -0.30604 -0.904194   175.766   4.24105  -1.53865 -0.179069 0 0 0   -0.011 -0.02329  0.04412 -0.515235 0.0700645 0.0500612   0.0100642 0.000281609 0.000377344   -0.0287386 -0.000376476  0.000946935  -0.16321 0.0859756  -9.80727 
             86.2001 0.130026 -3.23457  175.693   4.16103  -1.52936 -0.171389 0 0 0   -0.011 -0.02329  0.04412 -0.933706 0.0433703 0.0451959   0.0101564 0.000390405 0.000403029   -0.0292322 -0.000325925  0.000844732 -0.163413 0.0861367  -9.80726 
             86.3011 -0.026161  -3.58087    175.88   4.05465  -1.51647 -0.168978 0 0 0   -0.011 -0.02329  0.04412  -1.10553 0.0763085 0.0372653   0.0102193 0.000219036 0.000349265   -0.029605 -8.1289e-05  0.00103275 -0.163507 0.0863485  -9.80726 
              86.401 -0.0929155   -3.60873    176.306   3.94192  -1.49967 -0.169246 0 0 0   -0.011 -0.02329  0.04412  -1.15424  0.100571 0.0303942   0.0100953  0.00027122 0.000252129  -0.0296821 0.000291003  0.00130054 -0.163437  0.086534  -9.80726 
             86.5001 -0.390565  -3.34941   176.465   3.82663  -1.48944 -0.163649 0 0 0   -0.011 -0.02329  0.04412  -1.15249 0.0803453 0.0354197   0.0102297 0.000218821 0.000298227  -0.0297406 0.000328324  0.00117129 -0.163451 0.0865671  -9.80726 
             86.6011 -0.0852092   -3.36648     176.89    3.7111  -1.47775 -0.162321 0 0 0   -0.011 -0.02329  0.04412  -1.11307 0.0942645 0.0392253   0.0100621 0.000247682 0.000224083 -0.0298842 0.00045583 0.00131776  -0.16348 0.0866621  -9.80725 
             86.7002 -0.76811 -3.05358  177.048   3.60323  -1.47277 -0.155101 0 0 0   -0.011 -0.02329  0.04412  -1.08367 0.0591328 0.0300396   0.0103253 0.000182779 0.000199248  -0.0297082 0.000370212   0.0010405 -0.163421 0.0865778  -9.80726 
             86.8001 -0.800145  -3.18017   177.166   3.50497  -1.48295 -0.154188 0 0 0   -0.011 -0.02329  0.04412  -1.01665 0.0225021 0.0301408   0.0102756 0.000213306 0.000326234   -0.0289714 -0.000200993   0.00114767 -0.163259   0.08613  -9.80726 
             86.9012 -0.99732 -2.77542   177.69   3.40066  -1.47382 -0.148694 0 0 0   -0.011 -0.02329  0.04412 -0.986891 0.0152836 0.0330308   0.0103107 0.000167073 0.000189254   -0.029327 6.94228e-05   0.0010235 -0.163338 0.0863421  -9.80726 
             87.0014 -1.20441 -2.67443  177.414   3.30463  -1.47605 -0.142849 0 0 0   -0.011 -0.02329  0.04412 -0.955614 0.0239514 0.0513197   0.0103278 0.000132608 0.000318509   -0.0292045 -0.000155055  0.000872561  -0.16334 0.0862113  -9.80726 
             87.1002 -1.13972 -2.75056  177.597   3.20895  -1.47517 -0.140365 0 0 0   -0.011 -0.02329  0.04412 -0.950621 0.0144111 0.0289975   0.0102728 0.000170586 0.000277919   -0.0292351 -0.000179443  0.000929953 -0.163361 0.0862084  -9.80726 
             87.2001 -1.05904 -2.94007  177.712   3.10829  -1.46706 -0.140412 0 0 0   -0.011 -0.02329  0.04412  -0.931498 -0.0159559  0.0206165   0.0102324 0.000183963 0.000264596   -0.0297156 -6.48166e-05   0.00120504 -0.163548 0.0863795  -9.80726 
             87.3012 -0.289088  -3.03106   178.002   3.00965  -1.47044 -0.134394 0 0 0   -0.011 -0.02329  0.04412  -0.955128 -0.0197853   0.036195    0.010119 0.000126885 0.000243901   -0.0299175 -0.000112573   0.00103472 -0.163644 0.0864068  -9.80725 
             87.4012 -0.723032  -2.97728   177.999   2.91156  -1.47941 -0.130364 0 0 0   -0.011 -0.02329  0.04412  -0.953588 -0.0455924  0.0425304   0.0101542 0.000152961 0.000360605   -0.0299939 -0.000509817   0.00104866 -0.163777   0.08625  -9.80725 
             87.5018 -0.691123  -2.92873   178.471  2.81083 -1.47745 -0.12526 0 0 0   -0.011 -0.02329  0.04412  -0.979811 -0.0169604  0.0407359   0.0101342 8.91973e-05 0.000353131   -0.0303236 -0.000298369  0.000932057 -0.163865  0.086421  -9.80725 
             87.6001 -0.768514  -3.02807   178.988   2.71101  -1.47205 -0.123087 0 0 0   -0.011 -0.02329  0.04412 -0.885854 0.0793344 0.0682057   0.0101923 0.000169765 0.000276566   -0.0306335 -0.000217416   0.00125943 -0.163987 0.0865313  -9.80725 
              87.701 -0.0051535   -1.80761   -179.805   2.62665  -1.47087 -0.125572 0 0 0   -0.011 -0.02329  0.04412  -0.743371  -0.171477 0.00811219   0.0101781 0.000134326 0.000332817  -0.0309107 0.000140727  0.00154146 -0.164027 0.0867544  -9.80724 
              87.801 0.949875 -1.38448 -178.636   2.55356   -1.4882 -0.124347 0 0 0   -0.011 -0.02329  0.04412 -0.680964 -0.128296 0.0215685   0.0101902 0.000212749 0.000400748   -0.0309681 -3.87647e-05   0.00157935 -0.164095 0.0866882  -9.80724 
             87.9011 0.771906 -1.36427   -176.6   2.48213  -1.49832 -0.129001 0 0 0   -0.011 -0.02329  0.04412   -0.654506   -0.161851 -0.00446302   0.0101573 0.000229895 0.000298085  -0.0313072 0.000136132  0.00194071  -0.16421 0.0868387  -9.80724 
             88.0014 0.636831 -1.26495 -174.717   2.41063  -1.51294 -0.123402 0 0 0   -0.011 -0.02329  0.04412 -0.671111 -0.168416 0.0141464    0.010218 0.000162455 0.000231447  -0.0316855 0.000158581  0.00159157 -0.164364 0.0869278  -9.80724 
              88.101  0.77602 -1.25667 -173.214  2.33666 -1.53756 -0.12026 0 0 0   -0.011 -0.02329  0.04412 -0.669084 -0.212362 0.0178093   0.0102029 0.000148568 0.000381466    -0.032105 -0.000150155   0.00149635  -0.16461 0.0868695  -9.80723 
             88.2011 0.724537 -1.39125 -171.561   2.26347  -1.56269 -0.117819 0 0 0   -0.011 -0.02329  0.04412 -0.690158 -0.254101 0.0175538   0.0102117 0.000148034 0.000446797   -0.0323356 -0.000307156     0.001485 -0.164742 0.0868373  -9.80723 
             88.3012  1.09289 -1.21794 -169.919   2.20139  -1.59157 -0.113026 0 0 0   -0.011 -0.02329  0.04412 -0.666226 -0.293906 0.0346295   0.0101137 0.000130671   0.0004799     -0.03201 -0.000390354   0.00125312 -0.164609 0.0867571  -9.80723 
              88.401   0.83785 -0.999513  -168.159   2.13115  -1.61507 -0.109237 0 0 0   -0.011 -0.02329  0.04412 -0.680026 -0.293352 0.0207419   0.0101327  8.3673e-05 0.000479099    -0.032182 -9.68767e-05    0.0011621 -0.164643 0.0869136  -9.80723 
             88.5017   0.97355 -0.780057   -166.27    2.05071   -1.63603 -0.0991327 0 0 0   -0.011 -0.02329  0.04412 -0.721942  -0.30758 0.0444314    0.0100569 -1.22644e-05  0.000440007  -0.0327605 0.000393603 0.000695842 -0.164842 0.0872017  -9.80723 
             88.6001   1.10322 -0.571501  -164.453     1.9772   -1.66068 -0.0968517 0 0 0   -0.011 -0.02329  0.04412 -0.728546  -0.32761 0.0217418   0.00999285 -2.10417e-05  0.000464216  -0.0328116 0.000811425 0.000808623 -0.164825 0.0873935  -9.80723 
              88.701  0.973928 -0.462054  -162.477    1.90087   -1.68882 -0.0914085 0 0 0   -0.011 -0.02329  0.04412 -0.745627 -0.329679 0.0364844    0.0099313 -3.13145e-05  0.000423836  -0.0329374  0.00100525 0.000708603 -0.164869 0.0874888  -9.80722 
              88.801   1.18079 -0.160108  -160.858    1.82969   -1.72659 -0.0835035 0 0 0   -0.011 -0.02329  0.04412 -0.739608 -0.377421 0.0472211   0.00992702 -0.000121405  0.000431208  -0.0328415  0.00083712 0.000416849 -0.164835 0.0874198  -9.80723 
             88.9001    0.868912 -0.00653904     -159.13   1.75838  -1.75721 -0.069374 0 0 0   -0.011 -0.02329  0.04412 -0.729241 -0.360684 0.0498058   0.00996614 -0.000187565  0.000458334   -0.0326567   0.00113149 -0.000215628 -0.164756 0.0875745  -9.80723 
              89.001  0.842765 -0.151025  -157.387     1.6812   -1.79249 -0.0796374 0 0 0   -0.011 -0.02329  0.04412 -0.704562 -0.402249 0.0359297    0.0100206 -0.000103837  0.000457094  -0.0329175  0.00138385 0.000812056 -0.164862 0.0876441  -9.80722 
             89.1002     0.8629 -0.0799352   -155.571   1.61345  -1.82753 -0.081018 0 0 0   -0.011 -0.02329  0.04412  -0.698294  -0.405387 0.00848881   0.00998807 -0.000122803  0.000425724 -0.0326897 0.00164257 0.00107738 -0.164772 0.0877681  -9.80722 
                89.2 0.829658 0.145252 -153.821    1.54033   -1.86762 -0.0769442 0 0 0   -0.011 -0.02329  0.04412 -0.704288 -0.422049 0.0336046   0.00987486 -0.000278228  0.000451941  -0.0328065  0.00166578 0.000972597 -0.164825  0.087768  -9.80722 
              89.301   1.00004 -0.140268  -152.232    1.46797   -1.91924 -0.0822017 0 0 0   -0.011 -0.02329  0.04412 -0.710635 -0.444532 0.0117699   0.00989954 -0.000133535  0.000467415 -0.0331513 0.00129362 0.00147181 -0.164917 0.0875523  -9.80722 
             89.4011  0.616588 -0.133839  -150.576    1.39453   -1.97141 -0.0843375 0 0 0   -0.011 -0.02329  0.04412   -0.71798  -0.516641 -0.0121878  0.00996546 -0.00017291 0.000460291 -0.0334223 0.00103695  0.0016221 -0.164988 0.0874001  -9.80722 
             89.5001  0.447538 -0.381633  -148.988    1.32136   -2.01996 -0.0817645 0 0 0   -0.011 -0.02329  0.04412  -0.799433  -0.463734 0.00669624   0.00996983 -0.000198151  0.000509022   -0.033184 0.000989967  0.00141252 -0.164893 0.0874317  -9.80722 
              89.601 -0.112323 -0.402256  -148.608   1.23959  -2.06965 -0.080858 0 0 0   -0.011 -0.02329  0.04412  -0.793216  -0.471673 0.00292665    0.0100283 -0.000230274  0.000518985  -0.0333098 0.000986209  0.00135303 -0.164941 0.0874049  -9.80722 
              89.701 -0.0624815  -0.251383   -148.554   1.16835   -2.1181 -0.078552 0 0 0   -0.011 -0.02329  0.04412 -0.664989 -0.526985 0.0128355    0.0100076 -0.000229536  0.000582192 -0.0332137 0.00100061 0.00124434 -0.164912 0.0874352  -9.80722 
             89.8008  0.543297 0.0115009  -147.087   1.10272  -2.16984 -0.075142 0 0 0   -0.011 -0.02329  0.04412  -0.593345  -0.462723 0.00837425   0.00981697 -0.000303881  0.000539461  -0.0332928 0.000891095  0.00109835 -0.164919 0.0873792  -9.80722 
             89.9011 0.524866 0.345763 -145.194    1.06475   -2.20332 -0.0737903 0 0 0   -0.011 -0.02329  0.04412 -0.327442 -0.352344 0.0226418   0.00985593 -0.000276856  0.000441531  -0.0326072 0.000967653   0.0010336 -0.164705 0.0875877  -9.80723 
             90.0001  1.48839  1.11455 -142.761    1.04948   -2.23842 -0.0771346 0 0 0   -0.011 -0.02329  0.04412  -0.155834   -0.23832 0.00712433   0.00977422 -0.000313021  0.000431536  -0.0323187 0.000458332  0.00142707  -0.16448 0.0874889  -9.80723 
             90.1002  1.11888 0.981234 -140.516    1.03679   -2.26391 -0.0792307 0 0 0   -0.011 -0.02329  0.04412 -0.110834  -0.14402 0.0102393   0.00986619 -0.000204799  0.000485448  -0.0326088 9.69526e-05  0.00160773 -0.164473 0.0872838  -9.80723 
              90.201    1.203  1.14202 -139.113    1.02521   -2.26979 -0.0745712 0 0 0   -0.011 -0.02329  0.04412 -0.137019 -0.134836 0.0363582   0.00983516 -0.000338611  0.000521672  -0.0324252 0.000491274  0.00132238 -0.164535 0.0874672  -9.80723 
              90.301   1.6734 0.509978 -137.643    1.01013   -2.28857 -0.0649832 0 0 0   -0.011 -0.02329  0.04412 -0.235159 -0.269068 0.0428662   0.00971595 -0.000319714  0.000465267  -0.0321517 0.000400373  0.00104144 -0.164441 0.0875338  -9.80723 
             90.4011   1.53215 -0.410553   -135.85   0.982602   -2.32623 -0.0691995 0 0 0   -0.011 -0.02329  0.04412 -0.274982 -0.336733 0.0094171  0.00980546 -0.00029546 0.000531682  -0.0324712 0.000129484  0.00158089 -0.164421  0.087342  -9.80723 
             90.5019  1.35615 -0.12696 -133.954   0.962343    -2.3601 -0.0688653 0 0 0   -0.011 -0.02329  0.04412  -0.206725  -0.332103 0.00925407   0.00989422 -0.000370046  0.000507932   -0.0324046 -4.59284e-05   0.00167238 -0.164343   0.08732  -9.80723 
             90.6001    1.71625 -0.0686246   -131.485   0.949378   -2.38657 -0.0646291 0 0 0   -0.011 -0.02329  0.04412 -0.193131 -0.294536 0.0205172  0.00975606 -0.00042572 0.000396138   -0.0318748 -0.000192241   0.00143195 -0.164185   0.08749  -9.80724 
                90.7   1.81729 -0.196983  -129.345   0.933168   -2.42641 -0.0681568 0 0 0   -0.011 -0.02329  0.04412  -0.172689  -0.300503 0.00210043   0.00974792 -0.000366424  0.000470441   -0.0322954 -0.000727405   0.00183811 -0.164062 0.0872037  -9.80724 
              90.802     1.5968 -0.0390353   -127.111   0.910691   -2.45773 -0.0733576 0 0 0   -0.011 -0.02329  0.04412  -0.195936  -0.374016 -0.0145145   0.00988826 -0.000390359  0.000439974     -0.03252 -0.000447963    0.0022257 -0.164192  0.087157  -9.80724 
             90.9011   1.60469 -0.235146   -124.47   0.892852   -2.49983 -0.0683262 0 0 0   -0.011 -0.02329  0.04412  -0.264201  -0.474996 0.00421888   0.00983213 -0.000449106  0.000363797   -0.0322819 -0.000647857   0.00178987 -0.164095 0.0872336  -9.80724 
                  91   1.49461 -0.328983  -122.338    0.87591   -2.55258 -0.0661407 0 0 0   -0.011 -0.02329  0.04412 -0.264111 -0.556871 0.0199527   0.00972313 -0.000452575  0.000364275  -0.0320194 -0.00120992  0.00169752  -0.16384 0.0872736  -9.80724 
             91.1001   1.41894 -0.346876  -120.077  0.845985  -2.61331 -0.062499 0 0 0   -0.011 -0.02329  0.04412  -0.277353  -0.593064 0.00434984   0.00974333 -0.000508199  0.000424551  -0.0322426 -0.00120111  0.00151702  -0.16387 0.0871785  -9.80724 
             91.2009   1.71159 -0.149949  -117.568   0.814851   -2.67615 -0.0585318 0 0 0   -0.011 -0.02329  0.04412 -0.280879 -0.679257 0.0278739  0.00965754 -0.00055891 0.000349558  -0.0323766 -0.00100189   0.0013932 -0.163967 0.0871348  -9.80724 
              91.301  1.69231 -0.53945 -115.069   0.793884   -2.74965 -0.0597568 0 0 0   -0.011 -0.02329  0.04412 -0.335649 -0.710893 0.0267438   0.00958285 -0.000462534  0.000294355  -0.0323765 -0.00173267  0.00169342 -0.163638 0.0870954  -9.80725 
              91.401   1.54071 -0.498958  -113.706    0.76497   -2.83054 -0.0629239 0 0 0   -0.011 -0.02329  0.04412   -0.285922    -0.81554 -0.00309366   0.00966827 -0.000497484  0.000434404  -0.0325731 -0.00198661  0.00208365  -0.16351 0.0869926  -9.80725 
             91.5017  1.11693 -0.26568 -111.916  0.745075  -2.91593 -0.067343 0 0 0   -0.011 -0.02329  0.04412   -0.357009   -0.856439 -0.00635497    0.0098382 -0.000537904  0.000506404  -0.0323808 -0.00270392  0.00239261 -0.163185 0.0870882  -9.80726 
                91.6  0.478409 -0.138176  -110.735   0.69758  -3.00393 -0.075723 0 0 0   -0.011 -0.02329  0.04412   -0.30615  -0.816305 -0.0366232   0.00993325 -0.000622897  0.000445742  -0.0327084 -0.00196814  0.00295863 -0.163472 0.0868937  -9.80725 
             91.7009 0.579545  0.19614 -109.713   0.666489   -3.08159 -0.0820916 0 0 0   -0.011 -0.02329  0.04412  -0.269622  -0.732486 -0.0208283   0.00994456 -0.000621327  0.000457403  -0.0328407 -0.00172293  0.00318894 -0.163562 0.0868107  -9.80725 
              91.801 0.0472957  0.250626  -109.062   0.639628   -3.14624 -0.0861807 0 0 0   -0.011 -0.02329  0.04412  -0.215524  -0.565433 -0.0396153   0.00995951 -0.000638184  0.000621636  -0.0327014 -0.00163807  0.00325458 -0.163614 0.0868681  -9.80725 
                91.9 -0.171524  0.707341  -107.818   0.623235   -3.18904 -0.0903599 0 0 0   -0.011 -0.02329  0.04412  -0.168985   -0.33885 -0.0292261  0.00994741 -0.00066307 0.000500073   -0.032642 -0.00164855  0.00325611 -0.163617 0.0868975  -9.80725 
              92.001 -1.04219  1.22649 -107.379   0.610892   -3.21765 -0.0934695 0 0 0   -0.011 -0.02329  0.04412  -0.148645  -0.264161 -0.0241949  0.00998371 -0.00067654  0.00054725  -0.0324134 -0.00196643  0.00335022 -0.163508 0.0870458  -9.80725 
             92.1009 -0.914642   1.34154  -107.117   0.604426   -3.23746 -0.0972273 0 0 0   -0.011 -0.02329  0.04412  -0.127759   -0.20413 -0.0249017   0.00997186 -0.000738674  0.000600571  -0.0320631 -0.00237928  0.00340695 -0.163381 0.0872696  -9.80725 
             92.2001 -1.17677  1.19421 -106.793  0.607071  -3.25227 -0.097367 0 0 0   -0.011 -0.02329  0.04412 -0.0780389  -0.139279 -0.0186459    0.0100517 -0.000688988  0.000565048  -0.0317963 -0.00320908  0.00320948 -0.163066 0.0875238  -9.80725 
             92.3001 -0.957725   1.28762  -106.782    0.61047   -3.26107 -0.0944674 0 0 0   -0.011 -0.02329  0.04412  -0.050374 -0.0781369 -0.0129263  0.00992156 -0.00074678  0.00066332  -0.0315607 -0.00386781  0.00285773 -0.162826 0.0877406  -9.80726 
             92.4011 -0.975646    1.2544  -106.695   0.612459   -3.26249 -0.0928868 0 0 0   -0.011 -0.02329  0.04412  -0.0311161  -0.0206482 -0.00609922   0.00994966 -0.000722422  0.000680611  -0.0312549 -0.00421829  0.00267392 -0.162731 0.0879416  -9.80726 
                92.5 -1.02271    1.298 -106.723   0.615152   -3.26205 -0.0878613 0 0 0   -0.011 -0.02329  0.04412 -0.0126204  0.0123498 0.00592251   0.00996961 -0.000743213  0.000725624  -0.0311986 -0.00451745  0.00228192 -0.162615 0.0880166  -9.80726 
              92.601 -1.12048  1.26681 -106.588   0.619198   -3.25809 -0.0871117 0 0 0   -0.011 -0.02329  0.04412 -0.00271787  0.00997261  0.00915945    0.0100284 -0.000733293  0.000645464  -0.0309669 -0.00481071   0.0022759 -0.162532  0.088176  -9.80726 
              92.701 -0.93738  1.16267 -106.778  0.620235  -3.25686 -0.085254 0 0 0   -0.011 -0.02329  0.04412  -0.00728702 -0.000749526     0.011565   0.00992134 -0.000682849  0.000735927 -0.0309154 -0.0049179 0.00220198 -0.162496  0.088218  -9.80726 
              92.801  -1.0547   1.0868 -106.733    0.62456   -3.25413 -0.0837187 0 0 0   -0.011 -0.02329  0.04412 -0.00196267 -0.00853885     0.01196   0.00998628 -0.000646427  0.000700811  -0.0306686 -0.00520725  0.00216082 -0.162418  0.088383  -9.80726 
             92.9019 -1.11292  1.12356 -106.685  0.624517  -3.25637 -0.083064 0 0 0   -0.011 -0.02329  0.04412 -0.00351269  -0.0175285  0.00981982    0.0100178 -0.000666753  0.000671656  -0.0307282 -0.00522954  0.00219453 -0.162398 0.0883599  -9.80726 
                  93  -1.0025  1.13703 -106.776   0.620716   -3.25885 -0.0858269 0 0 0   -0.011 -0.02329  0.04412  -0.0140368  -0.0199974 0.000839741   0.00995688 -0.000668924  0.000724287   -0.030787 -0.00504545   0.0024581 -0.162465 0.0883038  -9.80726 
              93.101 -0.946751   1.16169  -106.672   0.619318   -3.26068 -0.0859155 0 0 0   -0.011 -0.02329  0.04412  -0.0185821   -0.023436 0.000455033   0.00992819 -0.000679845  0.000666315 -0.0307623 -0.0050585 0.00247067 -0.162464 0.0883175  -9.80726 
              93.201 -1.13152  1.15047 -106.644   0.623304   -3.25866 -0.0878054 0 0 0   -0.011 -0.02329  0.04412 -0.00792742  -0.0203305  -0.0035607    0.0100321 -0.000674919  0.000649507  -0.0304387 -0.00536604   0.0025978 -0.162391   0.08852  -9.80726 
              93.301 -0.87393   1.2274 -106.582  0.624737  -3.26252 -0.087625 0 0 0   -0.011 -0.02329  0.04412 -0.0105031 -0.0287246 -0.0026428   0.00989047 -0.000716163  0.000614424 -0.0305363 -0.0055495 0.00255377 -0.162297 0.0885062  -9.80726 
              93.401 -0.917741   1.12509   -106.83   0.623881   -3.25995 -0.0860209 0 0 0   -0.011 -0.02329  0.04412 -0.0142705 -0.0182825 0.00147027   0.00991306 -0.000661202  0.000751537  -0.0301642 -0.00551699  0.00242448 -0.162376 0.0886685  -9.80726 
             93.5015 -0.99696  1.14123 -106.731   0.621922   -3.25905 -0.0864948 0 0 0   -0.011 -0.02329  0.04412   -0.0184892    -0.016101 -2.30601e-05   0.00995935 -0.000669907  0.000697918  -0.0299622 -0.00546419  0.00246606 -0.162433 0.0887516  -9.80725 
             93.6009 -0.908003   1.11613  -106.764   0.624277   -3.26118 -0.0864943 0 0 0   -0.011 -0.02329  0.04412   -0.0151651   -0.0205318 -0.000128212   0.00991093 -0.000655462  0.000715136  -0.0299799 -0.00574199  0.00245909 -0.162314 0.0887899  -9.80726 
             93.7011 -0.976039   1.12959  -106.824   0.621676   -3.25801 -0.0852251 0 0 0   -0.011 -0.02329  0.04412 -0.0209459 -0.0117463 0.00251682   0.00994982 -0.000661683  0.000747353    -0.02961 -0.00563323  0.00237055 -0.162423 0.0889376  -9.80725 
                93.8 -0.949039   1.19079  -106.727   0.617738    -3.2558 -0.0839997 0 0 0   -0.011 -0.02329  0.04412  -0.0296711 -0.00833131  0.00469346   0.00993811 -0.000693278  0.000692554  -0.0293623 -0.00550501  0.00230408 -0.162519  0.089027  -9.80725 
             93.9013 -0.816409   1.23055  -106.561    0.61389   -3.25633 -0.0860867 0 0 0   -0.011 -0.02329  0.04412  -0.0389825  -0.0123734 -0.00119582   0.00986786 -0.000712087  0.000599205  -0.0293314 -0.00547908  0.00247911 -0.162535 0.0890384  -9.80725 
              94.001 -0.93524  1.19909  -106.73   0.614926   -3.26033 -0.0860484 0 0 0   -0.011 -0.02329  0.04412  -0.0326929  -0.0237494 -0.00124517   0.00993276 -0.000694015  0.000693158  -0.0294958 -0.00579699  0.00246139 -0.162376 0.0890166  -9.80725 
                94.1 -1.12382  1.02481 -106.732    0.62043   -3.26068 -0.0863236 0 0 0   -0.011 -0.02329  0.04412   -0.014594  -0.0215872 -0.00178298    0.0100388 -0.000595632   0.00069512  -0.0293403 -0.00628337  0.00246543 -0.162202  0.089165  -9.80725 
              94.201 -0.939867   1.18295  -106.656   0.623666   -3.25985 -0.0878014 0 0 0   -0.011 -0.02329  0.04412  -0.0116193  -0.0201314 -0.00477907   0.00993705 -0.000681332  0.000649438  -0.0291042 -0.00655965  0.00254933 -0.162127 0.0893153  -9.80725 
             94.3009 -0.904096   1.21363  -106.612   0.626351    -3.2611 -0.0904876 0 0 0   -0.011 -0.02329  0.04412 -0.00921315  -0.0235244 -0.00986302   0.00991708 -0.000696574   0.00062383  -0.0290289 -0.00679437   0.0026979 -0.162043 0.0893879  -9.80725 
              94.401 -0.958941   1.11774  -106.615   0.625035   -3.26182 -0.0904435 0 0 0   -0.011 -0.02329  0.04412  -0.0131964  -0.0224206 -0.00789744   0.00994798 -0.000640054  0.000625862   -0.028912 -0.00675988  0.00262752 -0.162077 0.0894333  -9.80725 
             94.5018  -1.0186  1.12648 -106.641   0.629555   -3.25862 -0.0882344 0 0 0   -0.011 -0.02329  0.04412 -0.00424328  -0.0134242 -0.00153109   0.00998166 -0.000643111  0.000639667   -0.028508 -0.00705327  0.00241398 -0.162026 0.0896559  -9.80725 
             94.6011 -0.875635    1.2101  -106.814   0.625426   -3.25979 -0.0898899 0 0 0   -0.011 -0.02329  0.04412 -0.0182051 -0.0176703 -0.0051893   0.0099021 -0.00068966 0.000732339   -0.028492 -0.00685975  0.00251975 -0.162106 0.0896331  -9.80725 
              94.701 -0.866105   1.17308  -106.746   0.624048   -3.26108 -0.0870832 0 0 0   -0.011 -0.02329  0.04412 -0.0225015 -0.0194451 0.00184004   0.00989846 -0.000667347  0.000695072 -0.0284442 -0.0068936 0.00228906 -0.162101 0.0896571  -9.80725 
              94.801 -1.15299  1.16164 -106.574   0.624743   -3.25921 -0.0899096 0 0 0   -0.011 -0.02329  0.04412  -0.0159348  -0.0161168 -0.00499654    0.0100594 -0.000656372  0.000598436   -0.028167 -0.00701441   0.0024935 -0.162097 0.0897993  -9.80725 
             94.9009 -0.875124   1.18739  -106.692  0.624758  -3.26285 -0.088531 0 0 0   -0.011 -0.02329  0.04412  -0.0191811  -0.0244458 -0.00125675   0.00990821 -0.000669769  0.000662337  -0.0282859 -0.00715795  0.00235951 -0.162021 0.0897687  -9.80725 
             95.0009 -0.818723    1.1715  -106.706   0.620983   -3.26442 -0.0845049 0 0 0   -0.011 -0.02329  0.04412 -0.0289087 -0.0245627 0.00767353   0.00987757 -0.000660464  0.000669794  -0.0282168 -0.00705961  0.00207345 -0.162072 0.0897804  -9.80725 
              95.101 -0.859646   1.17353  -106.734   0.624317   -3.26379 -0.0835501 0 0 0   -0.011 -0.02329  0.04412 -0.0215597 -0.0211924 0.00812377   0.00990105 -0.000659984   0.00068637  -0.0279817 -0.00740845  0.00205576 -0.161971 0.0899363  -9.80725 
                95.2 -0.776901   1.18057  -106.629    0.62474   -3.26212 -0.0849901 0 0 0   -0.011 -0.02329  0.04412 -0.0235939 -0.0158054 0.00291374  0.00985604 -0.00066077 0.000626659  -0.0277131 -0.00755318  0.00221043 -0.161956 0.0900762  -9.80725 
              95.301 -0.829734    1.0229   -106.67   0.625648   -3.26142 -0.0839642 0 0 0   -0.011 -0.02329  0.04412 -0.0212926 -0.0108613 0.00441438   0.00988578 -0.000574665  0.000651925  -0.0275553 -0.00773322  0.00216004 -0.161909 0.0901714  -9.80725 
             95.4009 -0.862898    1.0168  -106.815   0.625492   -3.26011 -0.0819361 0 0 0   -0.011 -0.02329  0.04412  -0.0215522 -0.00630219   0.0077672   0.00990371 -0.000572217  0.000730919  -0.0273816 -0.00783808  0.00205003 -0.161896 0.0902609  -9.80725 
             95.5016 -0.804423   1.11821  -106.682   0.627248   -3.25955 -0.0825657 0 0 0   -0.011 -0.02329  0.04412   -0.019879 -0.00706484  0.00446707    0.0098736 -0.000625951   0.00065543  -0.0272762 -0.00807676  0.00214249 -0.161818 0.0903433  -9.80725 
              95.601 -0.983217     1.027  -106.766   0.629142   -3.25785 -0.0793499 0 0 0   -0.011 -0.02329  0.04412  -0.0134208 -0.00249656   0.0103185   0.0099707  -0.0005764 0.000700925   -0.027094 -0.00827588  0.00194726 -0.161769 0.0904495  -9.80725 
              95.701 -0.918445   1.16526  -106.831    0.63048   -3.25821 -0.0791292 0 0 0   -0.011 -0.02329  0.04412  -0.0127999 -0.00712022   0.0084525   0.00993583 -0.000653269  0.000735357 -0.0270731 -0.0084507 0.00199922 -0.161703 0.0904853  -9.80725 
              95.801 -0.862858   1.10987  -106.796   0.626854   -3.25622 -0.0829406 0 0 0   -0.011 -0.02329  0.04412  -0.0223586 -0.00307782  -0.0019331   0.00990646 -0.000619669  0.000715786  -0.026903 -0.0083087 0.00232434 -0.161783 0.0905389  -9.80725 
                95.9 -0.975631   1.07614  -106.626   0.626957   -3.25596 -0.0871783 0 0 0   -0.011 -0.02329  0.04412  -0.0198319 -0.00479832  -0.0110102   0.00997116 -0.000597888    0.0006211  -0.0268539 -0.00844296  0.00259979 -0.161737  0.090582  -9.80725 
             96.0012 -0.924212   1.13684  -106.671    0.62298   -3.25758 -0.0875272 0 0 0   -0.011 -0.02329  0.04412  -0.0278721  -0.0102096 -0.00960138   0.00994272 -0.000630293   0.00064619  -0.0269226 -0.00835224  0.00254898 -0.161762 0.0905392  -9.80725 
              96.101 -0.864496   1.19635  -106.594   0.622266   -3.25914 -0.0879593 0 0 0   -0.011 -0.02329  0.04412  -0.0291664  -0.0151745 -0.00873345    0.0099125 -0.000660741  0.000603593 -0.0269323 -0.0084959 0.00250736 -0.161705 0.0905559  -9.80725 
             96.1999 -0.895874   1.15734  -106.837    0.62356   -3.25645 -0.0889634 0 0 0   -0.011 -0.02329  0.04412  -0.0255288 -0.00836354 -0.00891486   0.00992832 -0.000640005  0.000737281 -0.0266281 -0.0087098 0.00251103 -0.161668  0.090715  -9.80725 
             96.3011 -0.883535     1.228  -106.562   0.620729   -3.25828 -0.0891738 0 0 0   -0.011 -0.02329  0.04412  -0.0305834  -0.0148008 -0.00745358   0.00992689 -0.000675865  0.000584652  -0.0266721 -0.00871798  0.00246177 -0.161659 0.0906974  -9.80725 
             96.4012 -0.952612   1.28182  -106.482   0.619309   -3.25897 -0.0897588 0 0 0   -0.011 -0.02329  0.04412  -0.0308429  -0.0184223 -0.00742997  0.00996413 -0.00070211 0.000541328  -0.0265908 -0.00880836  0.00244632 -0.161636 0.0907443  -9.80725 
                96.5 -1.01475   1.1454 -106.792   0.621338   -3.25989 -0.0904596 0 0 0   -0.011 -0.02329  0.04412  -0.0227623  -0.0195146 -0.00736191   0.00999575 -0.000630759  0.000710927  -0.0265083 -0.00909215  0.00243995 -0.161539   0.09082  -9.80725 
             96.6011 -0.932899   1.12324  -106.758    0.62381   -3.26031 -0.0867322 0 0 0   -0.011 -0.02329  0.04412 -0.0176826 -0.0175257 0.00228558   0.00995335 -0.000616831  0.000692097 -0.0263774 -0.0093638 0.00212971 -0.161456 0.0909107  -9.80725 
             96.7011 -0.88619  1.24612 -106.716   0.621014   -3.26167 -0.0859069 0 0 0   -0.011 -0.02329  0.04412 -0.0254415 -0.0210711 0.00320834   0.00992926 -0.000682787  0.000669631  -0.0263299 -0.00931785  0.00208672 -0.161481 0.0909233  -9.80725 
             96.8008 -0.856871   1.15231  -106.655   0.618054   -3.26122 -0.0841095 0 0 0   -0.011 -0.02329  0.04412 -0.0314861 -0.0166112 0.00659418    0.0099142 -0.000630042   0.00063762 -0.0261556  -0.009284 0.00198773  -0.16152 0.0909892  -9.80725 
             96.9009 -0.965727   1.15953  -106.573    0.61816   -3.26186 -0.0830567 0 0 0   -0.011 -0.02329  0.04412 -0.0279148   -0.01756 0.00728146   0.00997735 -0.000632489  0.000591745  -0.0260609 -0.00946168  0.00195607 -0.161467 0.0910532  -9.80725 
              97.001 -0.959812   1.16039  -106.534   0.610914   -3.26473 -0.0836492 0 0 0   -0.011 -0.02329  0.04412 -0.0402061 -0.0230942 0.00433069  0.00997518 -0.00063069  0.00057042   -0.026138 -0.00922703  0.00204873 -0.161544 0.0909891  -9.80725 
             97.1009 -0.815718   1.16884  -106.553   0.612694   -3.26564 -0.0817154 0 0 0   -0.011 -0.02329  0.04412 -0.0356026 -0.0223686 0.00774601   0.00989592 -0.000634428  0.000581402  -0.0260113 -0.00956804  0.00193771 -0.161434 0.0910881  -9.80725 
             97.1999 -0.868048   1.10517  -106.727   0.612688   -3.26355 -0.0802873 0 0 0   -0.011 -0.02329  0.04412 -0.0330315 -0.0141013 0.00924856  0.00992374  -0.0005999 0.000678567  -0.0257081 -0.00973545  0.00189138 -0.161416 0.0912348  -9.80725 
             97.3011 -0.963179   1.13776  -106.624   0.611322   -3.26377 -0.0830566 0 0 0   -0.011 -0.02329  0.04412   -0.032235  -0.0153392 0.000753527   0.00997911 -0.000616961  0.000622096  -0.0256122 -0.00983968  0.00214309  -0.16139 0.0912906  -9.80725 
                97.4 -0.819239   1.25777  -106.543   0.613764   -3.26298 -0.0823861 0 0 0   -0.011 -0.02329  0.04412 -0.0281253 -0.0146458 0.00213287   0.00990228 -0.000681462  0.000577133  -0.025414 -0.0101661 0.00209537 -0.161296 0.0914162  -9.80725 
             97.5016 -0.985028   1.13294  -106.492   0.616553   -3.26202 -0.0849885 0 0 0   -0.011 -0.02329  0.04412  -0.0184696   -0.012195 -0.00432842   0.00999481 -0.000611001  0.000550805 -0.0252324 -0.0104553 0.00228246 -0.161214 0.0915316  -9.80725 
             97.6011 -0.886046   1.09391  -106.685    0.61242   -3.25909 -0.0849273 0 0 0   -0.011 -0.02329  0.04412  -0.0281643 -0.00342428 -0.00322064   0.00993821 -0.000589241  0.000658907  -0.024965 -0.0103019 0.00225255  -0.16131 0.0916173  -9.80725 
             97.7011 -0.962774   1.23194  -106.559   0.615614    -3.2593 -0.0844518 0 0 0   -0.011 -0.02329  0.04412  -0.0198542 -0.00847646 -0.00164571   0.00998323 -0.000662428  0.000589887 -0.0249064 -0.0106423 0.00218897 -0.161192 0.0916875  -9.80725 
             97.8011 -1.02593  1.12766 -106.526   0.620094   -3.25871 -0.0879379 0 0 0   -0.011 -0.02329  0.04412 -0.00879104  -0.0089699  -0.0090852     0.010019 -0.000604485  0.000573991 -0.0247904  -0.010992 0.00240873 -0.161078 0.0917842  -9.80725 
              97.901 -0.905107   1.16985   -106.53   0.615841   -3.26129 -0.0866236 0 0 0   -0.011 -0.02329  0.04412  -0.0203675   -0.015418 -0.00454822   0.00995331 -0.000625828  0.000575928 -0.0248942  -0.010833 0.00225798 -0.161122 0.0917196  -9.80725 
             98.0011 -0.773691   1.39448  -106.617   0.617472   -3.26101 -0.0884717 0 0 0   -0.011 -0.02329  0.04412  -0.0218245  -0.0186023 -0.00777649   0.00988095 -0.000747564  0.000621658 -0.0247288 -0.0110515  0.0023459 -0.161065  0.091816  -9.80725 
             98.1002 -0.838257   1.12353  -106.673   0.61977  -3.26051 -0.087407 0 0 0   -0.011 -0.02329  0.04412   -0.016996  -0.0137713 -0.00395243   0.00991764 -0.000597124  0.000655725 -0.0245657 -0.0112849 0.00222089 -0.161003 0.0919114  -9.80725 
                98.2 -0.870627   1.03503  -106.793   0.618874   -3.26182 -0.0845406 0 0 0   -0.011 -0.02329  0.04412  -0.018979 -0.0138091 0.00277591   0.00993554 -0.000548508  0.000725086 -0.0245548 -0.0113344 0.00199865 -0.160987 0.0919204  -9.80725 
             98.3009 -0.923455   1.07669  -106.711   0.623541   -3.26054 -0.0846814 0 0 0   -0.011 -0.02329  0.04412 -0.00912461  -0.0102122  0.00166768   0.00996774 -0.000568356  0.000678121 -0.0243487 -0.0116829 0.00202053 -0.160888 0.0920488  -9.80725 
             98.4009 -0.888213   1.10699  -106.493   0.618903   -3.26373 -0.0840304 0 0 0   -0.011 -0.02329  0.04412 -0.0207251 -0.0167481 0.00215384   0.00995121 -0.000581867  0.000556586 -0.0244962 -0.0115066 0.00198776 -0.160932  0.091967  -9.80725 
             98.5017 -1.02673  1.10669 -106.475   0.620581   -3.26337 -0.0868016 0 0 0   -0.011 -0.02329  0.04412  -0.0147777  -0.0156531 -0.00423119    0.0100286 -0.000579547  0.000545767 -0.0243422 -0.0116944 0.00218965 -0.160884  0.092054  -9.80725 
             98.6009 -0.846502   1.16568  -106.615   0.617288   -3.26116 -0.0878187 0 0 0   -0.011 -0.02329  0.04412  -0.0252153 -0.00966818 -0.00570068   0.00992919 -0.000611744  0.000621065 -0.0240908 -0.0115766 0.00223282 -0.160961 0.0921367  -9.80725 
             98.7009 -0.804342   1.24385  -106.552   0.613013   -3.26152 -0.0842553 0 0 0   -0.011 -0.02329  0.04412 -0.0351197 -0.0115763 0.00322192   0.00990709 -0.000652901  0.000586024 -0.0240303 -0.0114885 0.00194692 -0.161003 0.0921463  -9.80725 
              98.801 -0.926273   1.21588   -106.56   0.616517   -3.25969 -0.0863651 0 0 0   -0.011 -0.02329  0.04412  -0.0242103 -0.00984389 -0.00240512  0.00997666 -0.00063456 0.000590707 -0.0237968 -0.0118579 0.00210969 -0.160901 0.0922868  -9.80725 
              98.901 -0.859538   1.24596  -106.542   0.615756    -3.2596 -0.0893017 0 0 0   -0.011 -0.02329  0.04412  -0.026137 -0.0122519 -0.0086268   0.00993969 -0.000648728  0.000581431 -0.0237104 -0.0119588   0.002295 -0.160876 0.0923349  -9.80725 
              99.001 -0.893964   1.20541  -106.508   0.611418   -3.25839 -0.0882013 0 0 0   -0.011 -0.02329  0.04412  -0.0333242  -0.0094337 -0.00447601   0.00996029 -0.000624062  0.000562608 -0.0235446 -0.0118424 0.00216137  -0.16094 0.0923824  -9.80724 
             99.1009 -0.826335   1.10668  -106.722  0.614375  -3.25877 -0.081566 0 0 0   -0.011 -0.02329  0.04412  -0.0259847 -0.00829479   0.0106975   0.00992137 -0.000570396   0.00068259 -0.0234736 -0.0122107 0.00167135  -0.16082 0.0924536  -9.80725 
             99.2022 -0.929622   1.17009  -106.558   0.614297   -3.26059 -0.0848876 0 0 0   -0.011 -0.02329  0.04412  -0.0237017  -0.0156726 0.000758343   0.00998166 -0.000602969  0.000592834  -0.023519 -0.0123658 0.00196587 -0.160758 0.0924589  -9.80725 
                99.3 -0.86424  1.14906 -106.765   0.615788   -3.25994 -0.0829946 0 0 0   -0.011 -0.02329  0.04412 -0.0206949 -0.0128695 0.00461756   0.00994454 -0.000591223  0.000706803 -0.0233496 -0.0125795 0.00184064 -0.160705 0.0925501  -9.80725 
              99.401 -1.00413  1.15015 -106.597   0.618868   -3.25746 -0.0850557 0 0 0   -0.011 -0.02329  0.04412  -0.0117975 -0.00820521 -0.00118421   0.0100199 -0.00058918 0.000620814 -0.0230702 -0.0128288 0.00200434 -0.160653 0.0926898  -9.80725 
              99.502 -0.822191   1.10929   -106.63   0.614537    -3.2588 -0.0848152 0 0 0   -0.011 -0.02329  0.04412   -0.023679     -0.0108 -0.00097829   0.00992413 -0.000566721  0.000639607  -0.023117 -0.0126794 0.00198142   -0.1607 0.0926528  -9.80725 
              99.601 -0.871914   1.18792  -106.631   0.620895   -3.25805 -0.0857614 0 0 0   -0.011 -0.02329  0.04412  -0.0103459   -0.011087 -0.00286729   0.00995199 -0.000606786  0.000639224 -0.0229486 -0.0131583 0.00203109 -0.160553 0.0927776  -9.80725 
             99.7009 -0.885845   1.06726  -106.648   0.624127   -3.26012 -0.0868107 0 0 0   -0.011 -0.02329  0.04412 -0.00473684  -0.0146464  -0.0048534   0.00995988 -0.000541594  0.000649118 -0.0229953 -0.0134123  0.0020786 -0.160458 0.0927925  -9.80725 
             99.8011 -0.867071   1.13584  -106.556  0.625274  -3.26061 -0.084767 0 0 0   -0.011 -0.02329  0.04412 -0.00565536  -0.0145675 0.000454757   0.00995198 -0.000578688  0.000597596 -0.0229117 -0.0135042 0.00190764 -0.160437  0.092834  -9.80725 
             99.9001 -0.75636  1.14468 -106.595   0.627133   -3.25919 -0.0844194 0 0 0   -0.011 -0.02329  0.04412  -0.0074207 -0.00970101  0.00115974   0.00989169 -0.000582194  0.000618597 -0.0227107  -0.013633 0.00188718 -0.160419 0.0929253  -9.80725 
             100.001 -0.91184  1.07452 -106.555   0.626307   -3.26034 -0.0843502 0 0 0   -0.011 -0.02329  0.04412 -0.00932525  -0.0115134 0.000623794    0.0099773 -0.000541855  0.000597561 -0.0227204 -0.0136286 0.00188983 -0.160419 0.0929212  -9.80725 
             100.101 -0.869578   1.08614  -106.585   0.622869   -3.26328 -0.0833062 0 0 0   -0.011 -0.02329  0.04412 -0.0180208 -0.0169161 0.00241247   0.00995509 -0.000548546  0.000613571 -0.0228418 -0.0135221 0.00182459  -0.16044 0.0928623  -9.80725 
             100.201 -0.791676   1.24902  -106.532  0.618812  -3.26323 -0.084804 0 0 0   -0.011 -0.02329  0.04412  -0.0290658  -0.0172787 -0.00148554   0.00991215 -0.000636738  0.000583098 -0.0227141 -0.0134033 0.00194402 -0.160497 0.0928959  -9.80725 
             100.301 -0.931112   1.16043  -106.535   0.618518   -3.26203 -0.0872245 0 0 0   -0.011 -0.02329  0.04412  -0.0261214  -0.0132351 -0.00664833   0.00998897 -0.000586288  0.000584037 -0.0225137  -0.013516 0.00209991 -0.160483 0.0929851  -9.80725 
             100.401 -0.770049   1.01815  -106.493   0.615486   -3.26264 -0.0837188 0 0 0   -0.011 -0.02329  0.04412   -0.032877 -0.00955081  0.00229739   0.00990181 -0.000507492  0.000561727 -0.0224744 -0.0135096 0.00181783 -0.160492 0.0929967  -9.80725 
             100.502 -0.765484   1.12601  -106.569   0.613774    -3.2622 -0.0861813 0 0 0   -0.011 -0.02329  0.04412  -0.0353275 -0.00925412 -0.00378208   0.00989942 -0.000566403  0.000603632 -0.0223683 -0.0136014 0.00200121 -0.160473 0.0930483  -9.80725 
             100.602 -0.941431   1.14481  -106.521   0.614849   -3.26058 -0.0858238 0 0 0   -0.011 -0.02329  0.04412    -0.02811 -0.00615183  -0.0021842   0.00999808 -0.000573716  0.000576398 -0.0221713 -0.0138309 0.00194703 -0.160419  0.093148  -9.80725 
             100.701 -0.858258   1.17978  -106.697   0.616421   -3.25733 -0.0844266 0 0 0   -0.011 -0.02329  0.04412  -0.0247442 8.42842e-06  0.00138295   0.00995122 -0.000593136  0.000672083 -0.0218879 -0.0140562 0.00183372 -0.160379 0.0932781  -9.80725 
             100.801 -0.976727   1.13796  -106.657   0.617527   -3.25655 -0.0841495 0 0 0   -0.011 -0.02329  0.04412   -0.0192303 -0.000830795   0.00156505    0.0100177 -0.000568311  0.000648866 -0.0218121 -0.0142479  0.0018195 -0.160323 0.0933288  -9.80725 
             100.901 -0.940876   1.13954  -106.593   0.619937   -3.25681 -0.0846979 0 0 0   -0.011 -0.02329  0.04412   -0.0139708   -0.0040998 -0.000108096    0.0100006 -0.000567908  0.000614115 -0.0217947 -0.0145047 0.00186097 -0.160238 0.0933662  -9.80725 
             101.001 -0.792543   1.10356  -106.717   0.619984   -3.25753 -0.0813174 0 0 0   -0.011 -0.02329  0.04412  -0.0171481 -0.00498285  0.00697395   0.00991715 -0.000548532  0.000682452 -0.0218012 -0.0146136 0.00162915 -0.160202 0.0933751  -9.80725 
             101.101 -0.844813    1.0909  -106.749   0.621562    -3.2566 -0.0788744 0 0 0   -0.011 -0.02329  0.04412  -0.0146023 -0.00266969   0.0107196   0.00994675 -0.000540903  0.000699584 -0.0216816  -0.014791 0.00150619 -0.160157 0.0934385  -9.80725 
             101.201 -0.703494   1.20736  -106.723   0.622539   -3.25818 -0.0755458 0 0 0   -0.011 -0.02329  0.04412  -0.0178067 -0.00823717   0.0154259   0.00986958 -0.000603345  0.000684477 -0.0217351 -0.0149699 0.00134623 -0.160091  0.093439  -9.80725 
             101.301 -0.566783   1.19762  -106.594   0.623294   -3.25933 -0.0765177 0 0 0   -0.011 -0.02329  0.04412  -0.022591 -0.0109093  0.0100179   0.00979674 -0.000595479  0.000612273 -0.0217401 -0.0151498   0.001512  -0.16003 0.0934594  -9.80725 
               101.4 -0.716793    1.1792   -106.56   0.622282   -3.26239 -0.0780293 0 0 0   -0.011 -0.02329  0.04412 -0.0253183 -0.0180928 0.00432051   0.00988079 -0.000584904  0.000592912 -0.0218565 -0.0152491 0.00168159 -0.159982 0.0934305  -9.80725 
             101.502 -0.592118   1.07791  -106.608   0.618891   -3.26634 -0.0731669 0 0 0   -0.011 -0.02329  0.04412 -0.0352414 -0.0214355  0.0139852   0.00981169 -0.000529038  0.000619381 -0.0220012 -0.0152551 0.00137362 -0.159964 0.0933773  -9.80725 
             101.601 -0.781057   1.09757  -106.406   0.617486   -3.26691 -0.0790919 0 0 0   -0.011 -0.02329  0.04412  -0.0348423  -0.0204052 -0.00229518   0.00991987 -0.000536375  0.000507047 -0.0218882 -0.0153595 0.00187585  -0.15994 0.0934331  -9.80725 
             101.701 -0.76869  1.16098 -106.578   0.616751   -3.26613 -0.0829616 0 0 0   -0.011 -0.02329  0.04412 -0.0355578 -0.0167331 -0.0104392   0.00991309 -0.000571594  0.000601688 -0.0216839 -0.0155024 0.00212449 -0.159916 0.0935237  -9.80725 
             101.801 -0.766434   1.03716  -106.748   0.616614   -3.26414 -0.0795446 0 0 0   -0.011 -0.02329  0.04412   -0.0336166  -0.00690269 -0.000621391   0.00991006 -0.000502835  0.000694843 -0.0214288 -0.0156655 0.00181189 -0.159894 0.0936304  -9.80725 
             101.901 -0.879647   1.12469  -106.596   0.617579   -3.26364 -0.0821581 0 0 0   -0.011 -0.02329  0.04412  -0.0283506 -0.00745621 -0.00633083   0.00997368 -0.000548211  0.000609821 -0.0213171 -0.0158987 0.00198272  -0.15983 0.0936975  -9.80725 
             102.001 -0.94124  1.14837 -106.619   0.617238   -3.26022 -0.0875217 0 0 0   -0.011 -0.02329  0.04412  -0.0266474 -0.00161055   -0.016871     0.010008 -0.000559866  0.000623212 -0.0210294 -0.0159967 0.00230333  -0.15983 0.0938118  -9.80725 
             102.101 -0.81694  1.05553 -106.834  0.616777  -3.25821 -0.082719 0 0 0   -0.011 -0.02329  0.04412  -0.0276137   0.0046094 -0.00273313   0.00993862 -0.000510083  0.000740958 -0.0208737 -0.0161129 0.00185731 -0.159812 0.0938765  -9.80725 
             102.201 -0.818484   1.07586  -106.702   0.620489   -3.25491 -0.0792833 0 0 0   -0.011 -0.02329  0.04412 -0.0193266  0.0102353 0.00537381   0.00994236 -0.000518442  0.000667359 -0.0206447 -0.0164517 0.00159575  -0.15973 0.0939928  -9.80725 
             102.303 -0.764301   1.29066  -106.673   0.622771   -3.25279 -0.0810214 0 0 0   -0.011 -0.02329  0.04412  -0.0181063   0.0068707 0.000206239   0.00991405 -0.000631723  0.000650323 -0.0205267 -0.0166969 0.00174317 -0.159663 0.0940621  -9.80725 
             102.402 -0.789217   1.17761  -106.753   0.614913    -3.2556 -0.0796366 0 0 0   -0.011 -0.02329  0.04412  -0.0343749 -0.00225596  0.00274189    0.0099278 -0.000568558  0.000693943 -0.0207818 -0.0164084 0.00165331 -0.159727 0.0939411  -9.80725 
             102.502 -0.91453  1.13628 -106.658  0.618389   -3.2563 -0.083587 0 0 0   -0.011 -0.02329  0.04412  -0.0229656 -0.00695638 -0.00655281   0.00999955 -0.000544568  0.000640831 -0.0207756  -0.016798 0.00193126 -0.159601 0.0939879  -9.80725 
             102.601 -0.778051   1.24416   -106.38   0.619431   -3.26007 -0.0844767 0 0 0   -0.011 -0.02329  0.04412  -0.0229168  -0.0180114 -0.00752472   0.00993089 -0.000600244  0.000488455  -0.020939 -0.0170399 0.00193855 -0.159505  0.093958  -9.80725 
             102.701 -0.872231   1.17824  -106.679   0.619608   -3.25763 -0.0864684 0 0 0   -0.011 -0.02329  0.04412  -0.021717 -0.0109479 -0.0102872  0.00998035 -0.00056434 0.000653506 -0.0206506 -0.0171283 0.00202141 -0.159509 0.0940674  -9.80725 
             102.801 -0.917433   1.09983  -106.517  0.619051  -3.25979 -0.084292 0 0 0   -0.011 -0.02329  0.04412   -0.020795  -0.0144381 -0.00358965     0.010007 -0.000518875  0.000564227 -0.0207023 -0.0172299 0.00179886 -0.159471 0.0940591  -9.80725 
             102.901 -0.716744   1.21869  -106.428   0.620499   -3.26136 -0.0865686 0 0 0   -0.011 -0.02329  0.04412   -0.021573  -0.0186022 -0.00796148   0.00989704 -0.000582974  0.000513621 -0.0206791 -0.0174541 0.00192304 -0.159402 0.0940922  -9.80725 
             103.001 -0.789838   1.24347  -106.617   0.618971   -3.26196 -0.0856334 0 0 0   -0.011 -0.02329  0.04412  -0.0253716  -0.0191594 -0.00418372   0.00993678 -0.000596907  0.000616453 -0.0205768 -0.0174807 0.00180231 -0.159405  0.094129  -9.80725 
             103.101 -0.812992   1.19767  -106.675   0.617798   -3.26089 -0.0835663 0 0 0   -0.011 -0.02329  0.04412 -0.0273479 -0.0143013 0.00116652  0.00994993  -0.0005715 0.000649256  -0.020367 -0.0175321  0.0016305 -0.159413 0.0942046  -9.80725 
             103.201 -0.797012   1.07571   -106.69  0.619788  -3.26398 -0.083158 0 0 0   -0.011 -0.02329  0.04412 -0.0219261 -0.0190757 0.00135677   0.00994114 -0.000503913  0.000657954 -0.0204569 -0.0178225 0.00160476 -0.159312 0.0942052  -9.80725 
             103.301 -0.866786   1.17503  -106.665   0.616338   -3.26407 -0.0845488 0 0 0   -0.011 -0.02329  0.04412  -0.0280117  -0.0184021 -0.00211913   0.00998034 -0.000557543  0.000642926 -0.0203323 -0.0177378 0.00170926 -0.159352  0.094239  -9.80725 
             103.401 -0.984785   1.02115   -106.53  0.622796   -3.2584 -0.083597 0 0 0   -0.011 -0.02329  0.04412  -0.0104143 -0.00124682 0.000393016    0.0100489 -0.000471353   0.00056955 -0.0198098 -0.0181545 0.00162243 -0.159278 0.0944585  -9.80725 
             103.502 -0.751241   1.07789  -106.722   0.619771   -3.26041 -0.0834494 0 0 0   -0.011 -0.02329  0.04412   -0.021156 -0.00660175 0.000399334   0.00992007 -0.000502894  0.000675001 -0.0199385 -0.0180985 0.00161613 -0.159282 0.0944094  -9.80725 
             103.601 -0.706408   1.11637  -106.749   0.619691   -3.26127 -0.0825103 0 0 0   -0.011 -0.02329  0.04412  -0.0232242 -0.00878918   0.0022236  0.00989454 -0.00052366 0.000688457  -0.019934 -0.0182292 0.00155171 -0.159242 0.0944242  -9.80725 
             103.701 -0.859259  0.925687  -106.654   0.622485   -3.26002 -0.0798782 0 0 0   -0.011 -0.02329  0.04412  -0.0143967 -0.00193938  0.00717539   0.00997883 -0.000419808  0.000638218 -0.0197815 -0.0184831  0.0013844  -0.15918 0.0945006  -9.80725 
             103.801 -0.896612   1.03818  -106.473   0.624278   -3.25826 -0.0789136 0 0 0   -0.011 -0.02329  0.04412  -0.0107015 0.000639715  0.00743187     0.010001 -0.000480358  0.000537635 -0.0196274 -0.0186441 0.00136212 -0.159147 0.0945683  -9.80725 
             103.901 -0.871708   1.21498   -106.56   0.626098   -3.25751 -0.0834479 0 0 0   -0.011 -0.02329  0.04412 -0.00914811 -0.00312394 -0.00437194   0.00998774 -0.000576667  0.000584537 -0.0195528  -0.018806 0.00171629 -0.159103 0.0946117  -9.80725 
             104.001 -0.893755   1.07825  -106.605    0.62541   -3.25542 -0.0829094 0 0 0   -0.011 -0.02329  0.04412  -0.0106835  0.00222131 -0.00263753   0.00999957 -0.000501598  0.000610098 -0.0194026 -0.0187947 0.00165121 -0.159123 0.0946599  -9.80725 
             104.101 -0.680358   1.17908  -106.679   0.620298   -3.25673 -0.0800956 0 0 0   -0.011 -0.02329  0.04412  -0.0266863 -0.00263436  0.00389287   0.00988808 -0.000553812  0.000647429 -0.0195098 -0.0186217 0.00144338 -0.159165 0.0946056  -9.80725 
             104.201 -0.804686   1.19028  -106.558   0.619955   -3.25531 -0.0826929 0 0 0   -0.011 -0.02329  0.04412  -0.0255752 -0.00203165 -0.00298947   0.00995908 -0.000558052  0.000581597 -0.0193817 -0.0187364 0.00164335 -0.159143 0.0946605  -9.80725 
             104.301 -0.921654   1.20025  -106.633   0.618991   -3.25783 -0.0852161 0 0 0   -0.011 -0.02329  0.04412  -0.0240239  -0.0114175 -0.00828998    0.0100217 -0.000562127  0.000621654 -0.0195128 -0.0188481 0.00178984 -0.159094 0.0946299  -9.80725 
             104.401 -0.926764   1.06125  -106.631   0.621346   -3.25768 -0.0856545 0 0 0   -0.011 -0.02329  0.04412   -0.016442 -0.00861433 -0.00759459    0.0100238 -0.000486267  0.000622373 -0.0194112 -0.0190979 0.00176077 -0.159029 0.0946882  -9.80725 
             104.502 -0.747208   1.18205  -106.496   0.619588   -3.25688 -0.0865771 0 0 0   -0.011 -0.02329  0.04412  -0.0235595 -0.00742067 -0.00807877   0.00992734 -0.000550698  0.000547913 -0.0192905 -0.0191029 0.00177069  -0.15904 0.0947279  -9.80725 
             104.601 -0.880538   1.06557  -106.515  0.619121  -3.25835 -0.083935 0 0 0   -0.011 -0.02329  0.04412   -0.0214273  -0.00920917 -0.000523595    0.0100019 -0.000486931   0.00055927 -0.0193249 -0.0192124 0.00153788 -0.159004 0.0947263  -9.80725 
             104.701 -0.770332    1.1073   -106.62   0.617052   -3.26214 -0.0832185 0 0 0   -0.011 -0.02329  0.04412  -0.0264119  -0.0172286 0.000918613   0.00994126 -0.000510376  0.000616404 -0.0195035 -0.0192708 0.00148445 -0.158968 0.0946741  -9.80725 
             104.801 -0.922194   1.05757   -106.56   0.621951   -3.26385 -0.0850818 0 0 0   -0.011 -0.02329  0.04412  -0.0123183  -0.0189754 -0.00353283    0.0100249 -0.000480893  0.000583941 -0.0194632 -0.0196778 0.00160866  -0.15885 0.0947285  -9.80726 
             104.901 -0.75894  1.02671 -106.768   0.624017   -3.26063 -0.0827893 0 0 0   -0.011 -0.02329  0.04412  -0.0114876 -0.00589154  0.00230896   0.00993333 -0.000465237  0.000698548 -0.0191136  -0.019824 0.00142627 -0.158842 0.0948541  -9.80726 
             105.002 -0.641697   1.24108  -106.685   0.625065   -3.25902 -0.0789051 0 0 0   -0.011 -0.02329  0.04412  -0.0155004 -0.00365136   0.0104658   0.00987074 -0.000583508  0.000651596 -0.0189277 -0.0199478 0.00117426 -0.158825 0.0949243  -9.80725 
             105.101 -0.709835   1.27534  -106.592    0.62538   -3.26046 -0.0801479 0 0 0   -0.011 -0.02329  0.04412  -0.0175444 -0.00970694  0.00539998   0.00991035 -0.000600363  0.000600806 -0.0189746 -0.0200783 0.00132672 -0.158781  0.094923  -9.80726 
             105.201 -0.842544   1.05892  -106.543   0.623573   -3.26163 -0.0800847 0 0 0   -0.011 -0.02329  0.04412  -0.0193094 -0.00971241  0.00428402   0.00997872 -0.000490967   0.00057696 -0.0189982 -0.0200774 0.00136088 -0.158779 0.0949157  -9.80726 
             105.301 -0.812249   1.08005   -106.66   0.625339   -3.26083 -0.0762112 0 0 0   -0.011 -0.02329  0.04412  -0.0162197 -0.00590132    0.011758    0.0099623 -0.000502657  0.000640033 -0.0188551 -0.0202726 0.00112353 -0.158736 0.0949786  -9.80726 
             105.401 -0.721195   1.03831  -106.733   0.624077   -3.26106 -0.0741158 0 0 0   -0.011 -0.02329  0.04412  -0.0210641 -0.00434836   0.0136579   0.00991272 -0.000480482  0.000682069 -0.0188315 -0.0203098  0.0010608 -0.158728 0.0949892  -9.80726 
             105.502 -0.772297   1.00305  -106.708   0.624509   -3.25929 -0.0770429 0 0 0   -0.011 -0.02329  0.04412  -0.0200252 0.000520848  0.00442196   0.00994169 -0.000459875  0.000668392 -0.0186857 -0.0204322 0.00135339 -0.158705 0.0950486  -9.80726 
             105.603 -0.803059  0.950734  -106.756    0.62552   -3.25863 -0.0748905 0 0 0   -0.011 -0.02329  0.04412  -0.019874 -0.0175619 0.00776869    0.0099587 -0.000431656  0.000694751  -0.018624 -0.0205963 0.00123069 -0.158663 0.0950829  -9.80726 
             105.701 -0.810527  0.984173  -106.659     0.6246   -3.26092 -0.0773316 0 0 0   -0.011 -0.02329  0.04412  -0.0192135 -0.00891934 -0.00396032     0.009925 -0.000489954  0.000650058 -0.0186644 -0.0206789 0.00145321 -0.158634 0.0950792  -9.80726 
             105.801 -1.02286  1.14003 -106.691  0.622889  -3.25768 -0.081926 0 0 0   -0.011 -0.02329  0.04412  0.00776749   0.0997139 -0.00565878   0.00998837 -0.000509756  0.000648584 -0.0186017 -0.0206415 0.00176793  -0.15865 0.0950968  -9.80726 
             105.901   -1.042  1.40426 -106.658   0.630642   -3.23457 -0.0854691 0 0 0   -0.011 -0.02329  0.04412   0.149652   0.402929 -0.0411945     0.010003 -0.000536019  0.000616455 -0.0185284 -0.0206674 0.00190098 -0.158649 0.0951227  -9.80726 
             106.001 -1.65136  2.45256 -106.597   0.646814   -3.17611 -0.0893329 0 0 0   -0.011 -0.02329  0.04412   0.195354   0.749878 -0.0179939   0.00995132 -0.000510417  0.000615166 -0.0185066 -0.0205941 0.00193961 -0.158672 0.0951228  -9.80726 
             106.101   -2.201   2.8057 -106.367   0.669787   -3.09525 -0.0915785 0 0 0   -0.011 -0.02329  0.04412    0.230983     0.86592 -0.00396316    0.0100628 -0.000492308   0.00067052 -0.0184602 -0.0206151 0.00198603  -0.15867 0.0951395  -9.80726 
             106.201 -2.13273  2.47744 -105.921   0.694237    -3.0034 -0.0932925 0 0 0   -0.011 -0.02329  0.04412   0.251083   0.923418 -0.0222052    0.010055 -0.00044161 0.000721981 -0.0183025 -0.0206668 0.00198558  -0.15867 0.0951928  -9.80725 
             106.301 -1.57868  2.39821 -105.001   0.715621   -2.90464 -0.0954878 0 0 0   -0.011 -0.02329  0.04412   0.245012    0.94554 -0.0186582   0.00998507 -0.000502642  0.000612274  -0.017946  -0.020361 0.00199563 -0.158793 0.0952734  -9.80725 
             106.401 -1.76322  2.29088 -104.082   0.748955   -2.80785 -0.0937857 0 0 0   -0.011 -0.02329  0.04412   0.230458   0.935145 0.00136708    0.0100549 -0.000461991  0.000504839 -0.0175957 -0.0209154 0.00175267 -0.158668 0.0954293  -9.80725 
             106.502 -1.46068  2.37277 -103.683   0.782479   -2.71806 -0.0893984 0 0 0   -0.011 -0.02329  0.04412    0.261805    0.901776 -0.00915863    0.0100002 -0.000503358  0.000680046 -0.0177409 -0.0214694 0.00131376 -0.158492 0.0954318  -9.80726 
             106.601 -1.7518 2.20234 -102.84   0.833216   -2.63387 -0.0920688 0 0 0   -0.011 -0.02329  0.04412    0.244014    0.816768 -0.00454066    0.0101318 -0.000466221  0.000657344 -0.0178531 -0.0230273 0.00153417 -0.158035 0.0955675  -9.80726 
             106.701 -1.14398   1.9511 -101.868   0.876693   -2.55633 -0.0906067 0 0 0   -0.011 -0.02329  0.04412    0.329408    0.699836 -0.00560685   0.00990078 -0.000450751  0.000640236 -0.0175938 -0.0239679 0.00138829 -0.157797 0.0957474  -9.80726 
               106.8 -0.479231   1.78948  -100.175   0.908081   -2.48439 -0.0806284 0 0 0   -0.011 -0.02329  0.04412  0.250644  0.656108 0.0163405   0.00980848 -0.000355068  0.000495886  -0.0172665  -0.0240025 0.000670921 -0.157826  0.095834  -9.80726 
             106.901 -0.75698  2.05794 -98.6051   0.928285   -2.42618 -0.0765581 0 0 0   -0.011 -0.02329  0.04412 0.222646 0.598064 0.015248   0.00981508 -0.000437432  0.000504222  -0.0176026   -0.023812 0.000517638 -0.157833 0.0957065  -9.80726 
             107.001 -0.585434   2.29875  -97.1334   0.947168   -2.36947 -0.0756361 0 0 0   -0.011 -0.02329  0.04412  0.208754  0.587436 0.0142826   0.00979476 -0.000465261  0.000490341  -0.0178356  -0.0236594 0.000488421  -0.15784 0.0956159  -9.80726 
             107.101 -1.06393  2.23531 -95.7978   0.969693   -2.31284 -0.0811734 0 0 0   -0.011 -0.02329  0.04412   0.185527   0.574366 0.00420381    0.0100235 -0.000396438   0.00056616  -0.0180224  -0.0238056 0.000979312 -0.157769 0.0955929  -9.80727 
             107.201 -0.867054   2.23837  -94.1308   0.974138    -2.2592 -0.0854921 0 0 0   -0.011 -0.02329  0.04412   0.141661   0.515873 -0.0140089   0.00991624 -0.000389235  0.000495908 -0.0182393 -0.0230488 0.00122392 -0.157939 0.0954082  -9.80726 
             107.301 -0.958436   2.16018  -92.5534  0.982397  -2.21158 -0.084418 0 0 0   -0.011 -0.02329  0.04412    0.136729    0.436078 -0.00542444   0.00991597 -0.000406411  0.000473803  -0.018197 -0.0227844 0.00115187  -0.15802 0.0953706  -9.80726 
             107.403 -0.841688   2.14362  -90.9929   0.989225   -2.17759 -0.0827363 0 0 0   -0.011 -0.02329  0.04412    0.0845904     0.374409 -0.000610066   0.00996443 -0.000361716  0.000468927 -0.0186065 -0.0223964 0.00094927 -0.158038 0.0951753  -9.80726 
             107.502 -0.899347   2.29873  -89.2895   0.983111   -2.14358 -0.0794934 0 0 0   -0.011 -0.02329  0.04412  0.0513064   0.347867 0.00756824   0.00993169 -0.000338934  0.000462753  -0.0186967  -0.0215206 0.000726037 -0.158247 0.0949574  -9.80726 
             107.601 -0.884791   2.36475  -87.9326   0.982957   -2.11217 -0.0754746 0 0 0   -0.011 -0.02329  0.04412 0.0190686  0.342444 0.0168906   0.00986004 -0.000400658  0.000579257  -0.0188828  -0.0212786 0.000513154 -0.158264 0.0948482  -9.80726 
             107.701  -0.9903  2.15279 -86.2167   0.978729   -2.08044 -0.0756993 0 0 0   -0.011 -0.02329  0.04412 -0.000634504     0.331023   0.00968131   0.00995053 -0.000293681  0.000506084  -0.0189575  -0.0208961 0.000691182  -0.15834 0.0947359  -9.80726 
             107.801 -0.855637   2.32819  -84.6983   0.979692   -2.04258 -0.0728544 0 0 0   -0.011 -0.02329  0.04412 -0.00545245    0.355395  0.00981722   0.00990704 -0.000332651  0.000521708  -0.0187395   -0.021027 0.000556536 -0.158369 0.0948235  -9.80726 
             107.901 -0.731182   2.27513  -83.2002   0.986636   -2.00419 -0.0707442 0 0 0   -0.011 -0.02329  0.04412 -0.0197897    0.38786  0.0148631   0.00983236 -0.000339371   0.00055646  -0.0187443  -0.0215502 0.000465661 -0.158244 0.0949682  -9.80726 
             108.001 -0.889448   2.36014  -81.5441   0.986865   -1.96825 -0.0746631 0 0 0   -0.011 -0.02329  0.04412  -0.032182   0.369502 0.00501365   0.00989817 -0.000374657  0.000548549  -0.0189716  -0.0216967 0.000860273 -0.158144 0.0949638  -9.80727 
             108.102 -0.91089  2.07809 -79.9223   0.988569   -1.93183 -0.0734466 0 0 0   -0.011 -0.02329  0.04412 -0.0220001   0.374057 0.00944614  0.00993536   -0.000283 0.000546627  -0.019101   -0.02193 0.00076622 -0.158052 0.0950061  -9.80727 
             108.201 -1.02362  2.22769  -78.224   0.988518   -1.89289 -0.0736912 0 0 0   -0.011 -0.02329  0.04412 -0.0285398   0.407331 0.00249823   0.0100034 -0.00035536 0.000579912  -0.0191613  -0.0221228 0.000839826 -0.157992 0.0950565  -9.80727 
             108.301 -1.01876  2.13867 -76.3941   0.986055   -1.85233 -0.0792472 0 0 0   -0.011 -0.02329  0.04412 -0.0276705   0.425754    -0.0105    0.0100056 -0.000344891  0.000561705 -0.0192269 -0.0221046 0.00125723 -0.157976 0.0950413  -9.80727 
             108.401 -1.05891  2.20162 -74.4271   0.978673   -1.81065 -0.0781459 0 0 0   -0.011 -0.02329  0.04412 -0.0937568   0.515611 -0.0126303  0.00998497 -0.00034624 0.000472004 -0.0194587 -0.0218459 0.00109753  -0.15794 0.0949049  -9.80727 
             108.502 -0.593846   2.73834   -72.193   0.968764   -1.75239 -0.0789543 0 0 0   -0.011 -0.02329  0.04412  -0.159462   0.683036 -0.0151851   0.00993685 -0.000366216  0.000532102  -0.0196337  -0.0217866 0.000972821 -0.157885 0.0948504  -9.80727 
             108.601 -0.951037   3.29055  -70.1002   0.944414   -1.68569 -0.0800496 0 0 0   -0.011 -0.02329  0.04412  -0.242312   0.689084 -0.0116841    0.0100421 -0.000384706  0.000615357 -0.0199161 -0.0213694 0.00103838 -0.157847 0.0946472  -9.80727 
             108.701 -0.428852   2.80267  -68.6331   0.925773   -1.62111 -0.0683857 0 0 0   -0.011 -0.02329  0.04412 -0.192254  0.659235 0.0177114  0.00980619 -0.00029492 0.000608082  -0.0201333  -0.0215828 0.000150669 -0.157721 0.0946878  -9.80727 
             108.801 -0.082277   2.48745  -67.2273    0.90768   -1.55604 -0.0663722 0 0 0   -0.011 -0.02329  0.04412 -0.198599  0.701452 0.0236037   0.00992125 -0.000314592  0.000626596  -0.0201092  -0.0216005 0.000135293 -0.157728 0.0946983  -9.80727 
             108.901 -0.13063  3.02995 -65.1627    0.88063   -1.48297 -0.0690713 0 0 0   -0.011 -0.02329  0.04412 -0.335484  0.742327 0.0213306     0.009963 -0.000421685   0.00068764  -0.0200496  -0.0214725 0.000424938 -0.157772 0.0946567  -9.80727 
             109.001 -0.66618  2.91635 -63.4782  0.849701  -1.41037 -0.069394 0 0 0   -0.011 -0.02329  0.04412 -0.345876  0.706072 0.0104388   0.00990212 -0.000347826  0.000646864  -0.0204039  -0.0216399 0.000564936 -0.157605 0.0946864  -9.80728 
             109.101 -0.429301   2.34969  -62.3066  0.814348  -1.34537 -0.066088 0 0 0   -0.011 -0.02329  0.04412  -0.25498  0.677109 0.0100755   0.00998095 -0.000280038  0.000560452  -0.0204337  -0.0211963 0.000426465 -0.157635 0.0944934  -9.80728 
             109.201 -0.0760548    2.37386   -60.7007   0.791227     -1.284 -0.0653883 0 0 0   -0.011 -0.02329  0.04412 -0.296181  0.683055 0.0140108    0.0100462 -0.000342649  0.000543051  -0.0207708  -0.0211642 0.000451865  -0.15749 0.0944489  -9.80728 
             109.301 -0.482908   2.79671  -58.7355   0.761514   -1.21691 -0.0644364 0 0 0   -0.011 -0.02329  0.04412 -0.387962  0.695286 0.0275088    0.0100645 -0.000384232  0.000525638    -0.02119  -0.0212147 0.000398245   -0.1573 0.0944373  -9.80728 
             109.401 -0.535973   2.50282  -57.1414   0.718617   -1.14745 -0.0595102 0 0 0   -0.011 -0.02329  0.04412 -0.450752  0.835929  0.018771   0.0100266 -0.00025223 0.000512984   -0.021409  -0.0208591 0.000181046 -0.157223 0.0942621  -9.80729 
             109.502 -0.370404   3.27282  -55.8007   0.670344   -1.06655 -0.0568432 0 0 0   -0.011 -0.02329  0.04412 -0.607203  0.846927 0.0283622   0.00999056 -0.000496867  0.000559531  -0.0217658  -0.0208544 0.000115546  -0.15706 0.0942397  -9.80729 
             109.601  -0.6431  3.05412 -55.6224   0.61431 -0.980586 -0.057884 0 0 0   -0.011 -0.02329  0.04412 -0.567589  0.839327 0.0257649   0.00989429 -0.000409064  0.000602338   -0.022068   -0.020991 0.000335468 -0.156917 0.0942899  -9.80729 
             109.701 -0.339937   2.80317  -55.6892   0.563835   -0.89567 -0.0565824 0 0 0   -0.011 -0.02329  0.04412   -0.499335    0.829234 0.000565718   0.00982958 -0.000409199  0.000561217 -0.0221522 -0.0212232 0.00040251 -0.156871 0.0943941  -9.80729 
             109.801 -0.257062   2.49594  -54.9942   0.528353  -0.824666 -0.0544843 0 0 0   -0.011 -0.02329  0.04412  -0.45757  0.773481 0.0143762   0.00989328 -0.000340429  0.000590134  -0.0232501  -0.0214041 0.000295532 -0.156353 0.0944486   -9.8073 
             109.902 -0.19981  2.76823 -54.1503   0.486585  -0.756043 -0.0499646 0 0 0   -0.011 -0.02329  0.04412 -0.445625  0.703355  0.027903  0.00990479 -0.00044109 0.000592861  -0.0237694  -0.0211033 9.27042e-05 -0.156114 0.0942978   -9.8073 
             110.001 -0.184929   2.58499  -53.3839   0.442608  -0.692769 -0.0473771 0 0 0   -0.011 -0.02329  0.04412 -0.433177  0.678365 0.0252768   0.00982827 -0.000372366   0.00059757  -0.0241357  -0.0206599 1.15882e-05 -0.155949 0.0940856  -9.80731 
             110.101 -0.140086    2.8734   -52.526   0.392771  -0.630332 -0.0437219 0 0 0   -0.011 -0.02329  0.04412 -0.462824  0.665628 0.0313101   0.00982667 -0.000488601  0.000534454   -0.0240659   -0.0200615 -5.47443e-05 -0.155988 0.0938065  -9.80731 
             110.201 -0.263291    2.7042  -51.6301   0.344675  -0.565101 -0.0455137 0 0 0   -0.011 -0.02329  0.04412 -0.530877  0.729529 0.0292565    0.0098705 -0.000319614  0.000476965  -0.0242502   -0.019868 0.000202458 -0.155906 0.0937167  -9.80731 
             110.301 -0.0222174    3.05903   -50.9505   0.285103  -0.492299 -0.0450187 0 0 0   -0.011 -0.02329  0.04412 -0.653333   0.73616 0.0210436   0.00979067 -0.000423951  0.000549357  -0.0242305  -0.0197816 0.000277248 -0.155916 0.0936766  -9.80731 
             110.401 -0.181402   3.17123  -50.7023   0.219569  -0.417115 -0.0449994 0 0 0   -0.011 -0.02329  0.04412  -0.653588   0.788297 0.00540343   0.00981129 -0.000471577   0.00054486  -0.0243329  -0.0195985 0.000450608  -0.15587 0.0935923  -9.80731 
             110.502 -0.318213   3.03095  -51.2364   0.153642  -0.341106 -0.0481473 0 0 0   -0.011 -0.02329  0.04412 -0.678752  0.788099 0.0259725   0.00987653 -0.000428274  0.000719214 -0.0244751 -0.0194257 0.00071161 -0.155805 0.0935141  -9.80732 
             110.601 -0.0519655    3.07139   -51.3337  0.0823093  -0.263201 -0.0478285 0 0 0   -0.011 -0.02329  0.04412  -0.693303     0.8014 0.00443307   0.00976034 -0.000397055  0.000637746   -0.024404  -0.0191463 0.000731228 -0.155837  0.093382  -9.80732 
             110.701 -0.129429      2.94  -51.4707  0.0175692   -0.18351 -0.0465764 0 0 0   -0.011 -0.02329  0.04412  -0.675987   0.801389 0.00519241   0.00978833 -0.000432082  0.000591447  -0.0245729  -0.0193098 0.000720193 -0.155759 0.0934613  -9.80732 
             110.801 -0.580453    3.0244  -51.6423 -0.0408062  -0.111299 -0.0447198 0 0 0   -0.011 -0.02329  0.04412  -0.595273   0.707157 0.00375642    0.0100183 -0.000480434  0.000644476  -0.0252607  -0.0191517 0.000623221 -0.155434 0.0933974  -9.80732 
             110.901 -0.437666   2.69933    -51.61 -0.0920074  -0.044817    -0.0424 0 0 0   -0.011 -0.02329  0.04412 -0.546671  0.674787 0.0187742   0.00996013 -0.000436144  0.000499002  -0.0253467   -0.019361 0.000560805 -0.155395 0.0934964  -9.80732 
             111.001 -0.423239   3.36975  -52.1353  -0.135427   0.017693 -0.0424123 0 0 0   -0.011 -0.02329  0.04412 -0.407919  0.489852 0.0178007   0.00992382 -0.000409455  0.000683175  -0.0258031  -0.0196477 0.000584269 -0.155185 0.0936377  -9.80733 
             111.101 -0.255183   2.43985   -52.171   -0.16349  0.0526674 -0.0374509 0 0 0   -0.011 -0.02329  0.04412 -0.166948  0.194448 0.0556553   0.00982844 -0.000320108  0.000619041  -0.0259391  -0.0197053 0.000555968 -0.155122 0.0936663  -9.80733 
             111.201 -0.143034   2.49619  -52.3723  -0.168332    0.05587 -0.0321075 0 0 0   -0.011 -0.02329  0.04412 0.00869638 -0.0188103   0.029455   0.00986916 -0.000523375  0.000628435  -0.0263355  -0.0194263 0.000354976 -0.154935   0.09354  -9.80733 
             111.302 -0.19201  2.44719 -52.5473   -0.15908  0.0438116 -0.0333549 0 0 0   -0.011 -0.02329  0.04412  0.0536951 -0.0683722  0.0193812   0.00984839 -0.000478238   0.00069989  -0.0270605  -0.0191981 0.000561032 -0.154603  0.093443  -9.80734 
             111.401 -0.0164267    2.25721   -52.4036  -0.150251  0.0357188 -0.0328104 0 0 0   -0.011 -0.02329  0.04412  0.0254798 -0.0554312  0.0199534    0.0097085 -0.000301342  0.000623121  -0.0274778  -0.0192798 0.000639863 -0.154413 0.0934847  -9.80734 
             111.502 -0.512348   2.62062  -52.4335  -0.152629  0.0372781 -0.0319607 0 0 0   -0.011 -0.02329  0.04412  0.0070663 -0.0187361  0.0164563   0.00994659 -0.000476305  0.000638773  -0.0269319  -0.0194456 0.000742675 -0.154663  0.093558  -9.80733 
             111.601 -0.717354   2.64067  -52.6447  -0.146389  0.0365523 -0.0356722 0 0 0   -0.011 -0.02329  0.04412  0.0231507 -0.0113257 0.00525891    0.0100529 -0.000488819  0.000757028 -0.0272037 -0.0196764 0.00105846 -0.154542  0.093667  -9.80734 
             111.701 -0.285714   2.27612  -52.4467  -0.141668  0.0346199 -0.0408975 0 0 0   -0.011 -0.02329  0.04412   0.0184305 -0.00524775 -0.00536087   0.00982141 -0.000290847  0.000643685 -0.0274658 -0.0197414 0.00138697 -0.154426 0.0936992  -9.80734 
             111.801 -0.505872   2.61114  -52.4985  -0.148793  0.0363439 -0.0401215 0 0 0   -0.011 -0.02329  0.04412  0.00326509  0.00153257 -0.00284878  0.00994543  -0.0004724 0.000671936 -0.0268586 -0.0195253  0.0013365 -0.154701 0.0935989  -9.80733 
             111.901 -0.599438   2.57294  -52.4636  -0.145894  0.0383329 -0.0403474 0 0 0   -0.011 -0.02329  0.04412 0.00888743  0.0107232 -0.0032942    0.0099986 -0.000451199  0.000651248 -0.0269208 -0.0197079 0.00133131 -0.154672  0.093682  -9.80733 
             112.001 -0.493889   2.43926  -52.6044 -0.148105 0.0392483 -0.042761 0 0 0   -0.011 -0.02329  0.04412 -0.000330625    0.0160363  -0.00729002   0.00993849 -0.000377763  0.000729329 -0.0268048 -0.0195748 0.00144839 -0.154726  0.093622  -9.80733 
             112.101 -0.374841   2.55581   -52.419   -0.14972  0.0383127 -0.0411415 0 0 0   -0.011 -0.02329  0.04412 -0.00549416   0.0103996  -0.0030189   0.00988005 -0.000439586  0.000627971 -0.0268345 -0.0193728 0.00130937 -0.154712 0.0935304  -9.80733 
             112.201 -0.434405   2.59684  -52.5194  -0.150374  0.0423833 -0.0385689 0 0 0   -0.011 -0.02329  0.04412 -0.00644541   0.0190621  0.00203117   0.00991184 -0.000460373  0.000682891 -0.0266754 -0.0195357 0.00115236 -0.154781 0.0936032  -9.80733 
             112.301 -0.350003   2.61324  -52.4587  -0.148901  0.0442288 -0.0366079 0 0 0   -0.011 -0.02329  0.04412 -0.00454392   0.0197021  0.00493316   0.00986932 -0.000468136  0.000648499 -0.0267907 -0.0196139 0.00104806 -0.154728  0.093638  -9.80733 
             112.401 -0.179089   2.41451  -52.5125 -0.153074 0.0419641   -0.0377 0 0 0   -0.011 -0.02329  0.04412 -0.0198273  0.0137027 0.00202519   0.00977523 -0.000358702  0.000678411 -0.0268487 -0.0192322 0.00112463 -0.154705 0.0934673  -9.80733 
             112.502 -0.511245   2.69085   -52.397  -0.155697  0.0431239 -0.0357251 0 0 0   -0.011 -0.02329  0.04412 -0.0169919  0.0148213 0.00483369   0.00996142 -0.000510522  0.000613501  -0.026792 -0.0191699 0.00102564  -0.15473 0.0934392  -9.80733 
             112.601 -0.436319   2.64907   -52.467  -0.155284  0.0460307 -0.0359468 0 0 0   -0.011 -0.02329  0.04412 -0.0142264  0.0202334 0.00317547   0.00991958 -0.000487349  0.000650977 -0.0268533 -0.0193305 0.00106686 -0.154702 0.0935108  -9.80733 
             112.701 -0.232413   2.46785   -52.514  -0.150384  0.0471015 -0.0361427 0 0 0   -0.011 -0.02329  0.04412 -0.00805852   0.0201106  0.00162934   0.00980821 -0.000387348  0.000678203 -0.0272732 -0.0195215 0.00108389 -0.154515 0.0935953  -9.80734 
             112.801 -0.35567   2.6565 -52.4175  -0.149431  0.0450353 -0.0326329 0 0 0   -0.011 -0.02329  0.04412 -0.00389899   0.0102238  0.00763991   0.00987894 -0.000489825  0.000624301  -0.0275314  -0.0193395 0.000878138 -0.154401 0.0935136  -9.80734 
             112.901 -0.461459   2.50199  -52.4134 -0.152774 0.0438088  -0.03654 0 0 0   -0.011 -0.02329  0.04412  -0.0114917   0.0121686 -0.00097504   0.00993839 -0.000403603  0.000623494  -0.027539 -0.0190706 0.00113862 -0.154402 0.0933956  -9.80734 
             113.001 -0.252807   2.39829  -52.4401  -0.149163  0.0425125 -0.0384465 0 0 0   -0.011 -0.02329  0.04412 -0.00846823   0.0096857  -0.0049061   0.00982765 -0.000347487  0.000639321 -0.0279536 -0.0191135 0.00122973  -0.15422 0.0934142  -9.80734 
             113.101 -0.211485   2.56309  -52.5613 -0.154111  0.041293 -0.038004 0 0 0   -0.011 -0.02329  0.04412  -0.0201492  0.00460807 -0.00324873    0.0098043 -0.000437899  0.000705901 -0.0278376 -0.0188397 0.00117639 -0.154272 0.0932938  -9.80734 
             113.201 -0.438922   2.44652  -52.4798  -0.149327  0.0406625 -0.0409619 0 0 0   -0.011 -0.02329  0.04412 -0.00827465  0.00859678 -0.00873276   0.00993187 -0.000373594  0.000661578 -0.0282853 -0.0190029 0.00131538 -0.154077  0.093365  -9.80735 
             113.301 -0.0677387    2.32672   -52.5218   -0.14856  0.0428428 -0.0429603 0 0 0   -0.011 -0.02329  0.04412 -0.0159251  0.0137201 -0.0112565   0.00973398 -0.000308482  0.000685126 -0.0283589 -0.0191731 0.00138232 -0.154044 0.0934395  -9.80735 
             113.401 -0.340425   2.62746  -52.4677 -0.155714 0.0444531 -0.037347 0 0 0   -0.011 -0.02329  0.04412 -0.0258592  0.0133293 0.00120066   0.00988193 -0.000468429  0.000656438  -0.0280081  -0.0189681 0.000999043 -0.154195 0.0933495  -9.80734 
             113.502 -0.763048   2.53931  -52.5811  -0.151572  0.0439534 -0.0382927 0 0 0   -0.011 -0.02329  0.04412 -0.00809257   0.0178567 -0.00141491    0.0101025 -0.000421212  0.000717612 -0.0284526 -0.0190512 0.00104371 -0.154002 0.0933845  -9.80735 
             113.601 -0.290491   2.45372  -52.6104  -0.147259  0.0425824 -0.0399176 0 0 0   -0.011 -0.02329  0.04412 -0.00476305   0.0123862 -0.00444983   0.00986172 -0.000376622  0.000733639  -0.028898 -0.0190919 0.00111693  -0.15381 0.0934008  -9.80735 
             113.701 -0.172377   2.52397  -52.5195  -0.148657  0.0441534 -0.0361142 0 0 0   -0.011 -0.02329  0.04412 -0.0112553  0.0119707 0.00315879   0.00980211 -0.000413095  0.000683372   -0.028828  -0.0190932 0.000872223 -0.153838 0.0934006  -9.80735 
             113.801 -0.520898   2.61824  -52.6196  -0.148043  0.0433343 -0.0329348 0 0 0   -0.011 -0.02329  0.04412 -0.00506794   0.0111789   0.0084517   0.00999047 -0.000461946  0.000737113  -0.0289909  -0.0190061 0.000698577 -0.153768 0.0933617  -9.80735 
             113.901 -0.32046  2.50984 -52.3182  -0.150206  0.0423095 -0.0364373 0 0 0   -0.011 -0.02329  0.04412   -0.013381    0.010375 0.000100985   0.00989083 -0.000402543  0.000575763 -0.0290584 -0.0188416 0.00094245 -0.153743 0.0932914  -9.80735 
             114.001 -0.489889   2.54656  -52.5681  -0.148829  0.0436712 -0.0376953 0 0 0   -0.011 -0.02329  0.04412 -0.00810038   0.0157797 -0.00253181   0.00997831 -0.000422542  0.000713481 -0.0291915 -0.0189384 0.00101362 -0.153686 0.0933326  -9.80735 
             114.101 -0.553334   2.64714  -52.6668  -0.158006  0.0410861 -0.0375828 0 0 0   -0.011 -0.02329  0.04412  -0.0231516   0.0100655 -0.00148622    0.0100123 -0.000477576  0.000767886  -0.0289537  -0.0183728 0.000985104 -0.153792 0.0930918  -9.80735 
             114.201 -0.437392   2.58356  -52.3532  -0.155107  0.0418743 -0.0370813 0 0 0   -0.011 -0.02329  0.04412   -0.0146583    0.0121714 -0.000690322   0.00995651 -0.000438703  0.000593408  -0.0292465  -0.0185605 0.000941863 -0.153666 0.0931699  -9.80735 
             114.301 -0.217359   2.32488  -52.4494  -0.150944  0.0402836 -0.0412192 0 0 0   -0.011 -0.02329  0.04412  -0.0120422   0.0111847 -0.00856827   0.00983277 -0.000296128  0.000647702 -0.0297351 -0.0186234 0.00115989  -0.15346 0.0931944  -9.80736 
             114.401 -0.53805  2.54965 -52.5635  -0.148693  0.0416349 -0.0372144 0 0 0   -0.011 -0.02329  0.04412 -0.00262033   0.0144654 0.000320747    0.0100043 -0.000418054  0.000708959  -0.0298602  -0.0187315 0.000874972 -0.153404 0.0932386  -9.80736 
             114.502 -0.444077   2.52296  -52.3668  -0.149981   0.043973 -0.0372284 0 0 0   -0.011 -0.02329  0.04412  -0.0070187   0.0200081 9.93441e-05   0.00995801 -0.000401379  0.000602053  -0.0297848  -0.0187479 0.000879844 -0.153435  0.093246  -9.80736 
             114.601 -0.445091   2.66139  -52.5727  -0.150638  0.0420603 -0.0352457 0 0 0   -0.011 -0.02329  0.04412 -0.00672177   0.0116816  0.00378063  0.00995349 -0.00047793 0.000715239  -0.0299488  -0.0185205 0.000753886 -0.153368 0.0931484  -9.80736 
             114.701 -0.361958   2.73576  -52.4855  -0.153445  0.0457347 -0.0299556 0 0 0   -0.011 -0.02329  0.04412 -0.0119509  0.0156351  0.0128331  0.00991207 -0.00051726 0.000667985   -0.02969 -0.0185919 0.00047239 -0.153473 0.0931794  -9.80736 
             114.802 -0.388825   2.64436  -52.1748  -0.155448  0.0452065 -0.0283612 0 0 0   -0.011 -0.02329  0.04412 -0.0146587  0.0132497  0.0133209   0.00993495 -0.000465647   0.00050018  -0.0297607  -0.0184376 0.000442928 -0.153445  0.093114  -9.80736 
             114.901 -0.452551   2.55679  -52.5785  -0.155058  0.0425529 -0.0327174 0 0 0   -0.011 -0.02329  0.04412 -0.0123498  0.0100058  0.0023997   0.0099603 -0.00041797 0.000726084  -0.0300871   -0.018261 0.000760366 -0.153314 0.0930387  -9.80736 
             115.001 -0.41222  2.43904 -52.4217   -0.15586  0.0430044 -0.0361109 0 0 0   -0.011 -0.02329  0.04412  -0.0154125   0.0148854 -0.00477758   0.00994348 -0.000352282  0.000640247  -0.0301845  -0.0182434 0.000968713 -0.153276 0.0930313  -9.80736 
             115.101 -0.600689   2.57738   -52.419  -0.159012  0.0433818 -0.0400146 0 0 0   -0.011 -0.02329  0.04412 -0.0166327  0.0180342 -0.0115551    0.0100469 -0.000427226  0.000639624 -0.0301684 -0.0180961 0.00116856 -0.153286 0.0929708  -9.80736 
             115.201 -0.413748   2.63247  -52.6869  -0.149773  0.0434019 -0.0389942 0 0 0   -0.011 -0.02329  0.04412  0.00310839   0.0132487 -0.00828145  0.00994114 -0.00045811 0.000784903 -0.0307807 -0.0184112 0.00102871 -0.153028 0.0930964  -9.80736 
             115.302 -0.238952   2.43257  -52.5142  -0.147991  0.0444638 -0.0366652 0 0 0   -0.011 -0.02329  0.04412 -0.000979562    0.0146707  -0.00247671   0.00985193 -0.000348272  0.000691446  -0.0308863  -0.0184614 0.000833655 -0.152982 0.0931156  -9.80736 
             115.401 -0.575773   2.57523  -52.4431  -0.147316  0.0446377 -0.0388985 0 0 0   -0.011 -0.02329  0.04412  0.00337066   0.0173583 -0.00650015     0.010044 -0.000429588  0.000652006  -0.0309861  -0.0183815 0.000945466 -0.152943 0.0930821  -9.80737 
             115.502 -0.577704   2.50576  -52.5078  -0.146903  0.0436916 -0.0389354 0 0 0   -0.011 -0.02329  0.04412  0.00279081   0.0162571 -0.00557325    0.0100434 -0.000389553  0.000688217  -0.0311247  -0.0182164 0.000897622 -0.152888 0.0930127  -9.80737 
             115.601 -0.270335   2.52084  -52.5022  -0.140181  0.0427694 -0.0395134 0 0 0   -0.011 -0.02329  0.04412   0.0101773   0.0101907 -0.00606387  0.00987766 -0.00039721 0.000684899  -0.0315745  -0.0183359 0.000887286 -0.152702 0.0930575  -9.80737 
             115.701 -0.58441  2.56953 -52.4756  -0.141651  0.0438094 -0.0400431 0 0 0   -0.011 -0.02329  0.04412   0.0076587   0.0158342 -0.00584214    0.0100516 -0.000422181  0.000669512 -0.0314496 -0.0182067 0.00088093 -0.152755 0.0930057  -9.80737 
