Total, Raycast, Update_cache, Inflation, PointCloudNumber, CacheNumber, InflationNumber
0.0023444, 0.000216992, 0.00212535, 1.3584e-05, 384, 2453, 486
0.0023529, 0.000222101, 0.00212802, 1.2242e-05, 391, 2517, 486
0.0022422, 0.00023102, 0.00200836, 1.2294e-05, 391, 2575, 432
0.00227432, 0.000259594, 0.0020118, 1.4362e-05, 390, 2610, 405
0.000963027, 0.000115987, 0.00084603, 7.782e-06, 395, 2562, 567
0.00202671, 0.000204031, 0.00182042, 1.4019e-05, 385, 2448, 513
0.00149537, 0.000216469, 0.0012758, 1.0945e-05, 391, 2442, 432
0.00187058, 0.000239717, 0.00162857, 1.5199e-05, 388, 2498, 432
0.00169071, 0.000234624, 0.00145319, 1.1088e-05, 377, 2361, 378
0.00241488, 0.000307436, 0.0021048, 1.8852e-05, 389, 2508, 513
0.00163981, 0.000220758, 0.0014169, 1.4327e-05, 387, 2423, 486
0.0013183, 0.000216375, 0.00110008, 1.1821e-05, 374, 2204, 378
0.0014909, 0.000224746, 0.00126208, 6.578e-06, 390, 2481, 189
0.00181338, 0.00027957, 0.00153155, 1.5482e-05, 379, 2305, 378
0.00170777, 0.000210934, 0.0014947, 1.283e-05, 381, 2526, 459
0.00177613, 0.000274433, 0.00149969, 8.521e-06, 387, 2410, 216
0.00193093, 0.000379439, 0.00154842, 1.5563e-05, 387, 2464, 324
0.0019631, 0.000320929, 0.00164065, 1.9588e-05, 395, 2584, 459
0.0015246, 0.000222996, 0.00129917, 1.0993e-05, 393, 2515, 351
0.00178261, 0.000313325, 0.00146718, 1.6503e-05, 387, 2501, 432
0.00191537, 0.000302833, 0.00160984, 1.1573e-05, 393, 2509, 270
0.00120998, 0.000221592, 0.000986163, 7.24e-06, 379, 2347, 243
0.00138974, 0.000219722, 0.00116727, 9.677e-06, 388, 2579, 324
0.00144684, 0.000239162, 0.00120443, 7.072e-06, 393, 2623, 216
0.00129455, 0.000199132, 0.00109069, 9.799e-06, 372, 2165, 324
0.00173642, 0.0002167, 0.00151552, 1.5162e-05, 388, 2354, 513
0.00102012, 0.000219914, 0.000797848, 4.708e-06, 393, 2529, 108
0.00152707, 0.000287059, 0.00123803, 1.0714e-05, 377, 2465, 243
0.00157264, 0.000320369, 0.00125027, 1.3425e-05, 400, 2517, 324
0.00159753, 0.000304191, 0.00129127, 1.4397e-05, 385, 2464, 378
0.00123066, 0.000219638, 0.00100847, 8.09e-06, 388, 2548, 243
0.00109744, 0.000287321, 0.00080828, 3.95e-06, 392, 2491, 81
0.00103617, 0.000206003, 0.000827806, 4.212e-06, 380, 2551, 135
0.00122904, 0.000222596, 0.00100325, 6.133e-06, 377, 2492, 189
0.00110155, 0.000215767, 0.000883246, 6.172e-06, 386, 2520, 162
0.00140745, 0.000334149, 0.00107177, 6.53e-06, 387, 2563, 135
0.00126594, 0.000288248, 0.000976404, 7.742e-06, 385, 2440, 162
0.00123856, 0.000284076, 0.000951482, 6.305e-06, 382, 2496, 189
0.00139153, 0.00031287, 0.00107723, 9.624e-06, 390, 2497, 216
0.000782361, 0.000205094, 0.000574413, 4.553e-06, 391, 2615, 135
0.00114726, 0.000287125, 0.000858458, 5.9e-06, 382, 2417, 135
0.00122871, 0.000319887, 0.000907488, 1.0282e-05, 392, 2523, 216
0.00154488, 0.000308969, 0.00123431, 6.923e-06, 380, 2539, 162
0.00171402, 0.000292784, 0.00141892, 7.314e-06, 380, 2499, 162
0.00101175, 0.000219467, 0.000788459, 4.704e-06, 382, 2420, 135
0.00129102, 0.000305051, 0.000983901, 6.54e-06, 376, 2474, 135
0.000863663, 0.000217521, 0.000644085, 4.032e-06, 389, 2405, 108
0.00119974, 0.000277726, 0.00091969, 7.363e-06, 382, 2447, 216
0.00152961, 0.000327913, 0.00119908, 8.123e-06, 391, 2653, 162
0.00101244, 0.000210637, 0.000799651, 6.059e-06, 382, 2606, 162
0.00145356, 0.000317921, 0.00113358, 1.0615e-05, 383, 2481, 243
0.00099249, 0.000226605, 0.000761768, 3.876e-06, 392, 2582, 108
0.0015442, 0.000315265, 0.00122629, 1.1459e-05, 406, 2621, 243
0.00114465, 0.000291297, 0.000851515, 6.962e-06, 385, 2406, 162
0.00130489, 0.000313831, 0.000989156, 6.225e-06, 397, 2584, 135
0.00101152, 0.000289374, 0.000719287, 6.407e-06, 389, 2371, 135
0.0014288, 0.000281986, 0.00114457, 1.0587e-05, 381, 2452, 243
0.0010637, 0.000214619, 0.000846095, 4.833e-06, 389, 2465, 135
0.00124994, 0.000314769, 0.000933526, 6.372e-06, 389, 2490, 135
0.00101124, 0.000327422, 0.000681351, 5.98e-06, 388, 2428, 135
0.00118818, 0.000339693, 0.000845849, 9.158e-06, 390, 2391, 162
0.00104137, 0.000215893, 0.000822406, 7.485e-06, 385, 2373, 189
0.00127771, 0.000345578, 0.000929459, 5.475e-06, 392, 2561, 108
0.0012574, 0.000313047, 0.000941198, 5.896e-06, 380, 2437, 108
0.00105883, 0.00030417, 0.000752306, 9.977e-06, 393, 2400, 216
0.00125026, 0.000352072, 0.00089604, 1.0616e-05, 391, 2622, 216
0.00180945, 0.000393501, 0.00141255, 9.81e-06, 380, 2599, 135
0.000929093, 0.000311787, 0.000614832, 3.827e-06, 388, 2476, 81
0.00100983, 0.000342061, 0.000665057, 2.773e-06, 390, 2426, 54
0.0015667, 0.000348839, 0.00121315, 3.006e-06, 376, 2481, 54
0.00134971, 0.000354624, 0.000992231, 6.972e-06, 396, 2657, 135
0.000902771, 0.000309358, 0.000591346, 6.291e-06, 391, 2620, 135
0.000851225, 0.000247598, 0.000601988, 4.225e-06, 376, 2576, 135
0.00147357, 0.000348228, 0.00112337, 5.975e-06, 398, 2610, 108
0.000843613, 0.000242836, 0.000598489, 2.162e-06, 391, 2688, 54
0.000991144, 0.000339111, 0.000649638, 7.77e-06, 386, 2488, 162
0.00119345, 0.000299425, 0.00089158, 5.874e-06, 389, 2332, 108
0.00126049, 0.000334189, 0.000923899, 1.0741e-05, 387, 2553, 189
0.00108613, 0.000334241, 0.000749661, 6.645e-06, 388, 2425, 135
0.000875105, 0.000231807, 0.000640292, 5.018e-06, 386, 2441, 135
0.000657456, 0.000216534, 0.000438025, 5.719e-06, 384, 2309, 135
0.00118935, 0.000293903, 0.000893874, 7.06e-06, 393, 2536, 135
0.00104524, 0.000317147, 0.000725888, 7.351e-06, 387, 2357, 162
0.000813773, 0.000243081, 0.000568495, 5.807e-06, 392, 2588, 135
0.000679732, 0.00023704, 0.00043879, 1.332e-06, 382, 2495, 27
0.00100227, 0.000257181, 0.000742691, 5.239e-06, 378, 2404, 135
0.000780608, 0.000216531, 0.000561915, 4.255e-06, 388, 2372, 108
0.00116578, 0.000332363, 0.000828358, 7.15e-06, 380, 2335, 135
0.00121752, 0.000373397, 0.000841583, 3.433e-06, 392, 2594, 54
0.00130741, 0.000348029, 0.000956807, 4.278e-06, 395, 2609, 81
0.000978754, 0.000361924, 0.000615186, 4.712e-06, 383, 2452, 81
0.0010435, 0.000376674, 0.000663798, 5.535e-06, 389, 2492, 81
0.00132577, 0.000309327, 0.00101426, 7.629e-06, 383, 2458, 162
0.00112565, 0.000257668, 0.000865354, 4.829e-06, 393, 2613, 108
0.00118974, 0.00027366, 0.000914069, 4.646e-06, 404, 2548, 135
0.00109634, 0.000286707, 0.000807716, 5.901e-06, 381, 2329, 135
0.0013273, 0.000340069, 0.000984795, 8.018e-06, 398, 2568, 135
0.00132935, 0.000289202, 0.00103811, 1.023e-05, 398, 2709, 270
0.00120491, 0.000267088, 0.000935412, 1.4434e-05, 368, 2358, 378
0.00129724, 0.000274309, 0.00102057, 8.113e-06, 376, 2497, 189
0.00160914, 0.000264616, 0.00134206, 9.895e-06, 381, 2681, 297
0.00135693, 0.000234826, 0.00111969, 8.621e-06, 372, 2370, 243
0.00193581, 0.000359651, 0.00157384, 1.6116e-05, 378, 2630, 324
0.00160828, 0.000358682, 0.00124712, 1.135e-05, 375, 2338, 216
0.00166096, 0.000343183, 0.0013159, 1.0904e-05, 387, 2439, 216
0.00169287, 0.000236319, 0.00145423, 1.0415e-05, 400, 2772, 324
0.00159886, 0.000238904, 0.0013582, 8.033e-06, 390, 2545, 216
0.00172389, 0.000245057, 0.00147651, 2.0146e-05, 403, 2506, 540
0.00124134, 0.000211914, 0.00102695, 1.2498e-05, 385, 2442, 432
0.00152888, 0.000345223, 0.0011816, 1.6036e-05, 378, 2569, 324
0.00166682, 0.000297407, 0.00136763, 1.3422e-05, 395, 2470, 324
0.00143881, 0.000232715, 0.00120431, 1.5209e-05, 377, 2496, 432
0.00164474, 0.000320216, 0.00132226, 1.7736e-05, 368, 2353, 405
0.00181933, 0.000319326, 0.00149751, 2.0388e-05, 376, 2338, 459
0.00140636, 0.000228687, 0.00117563, 1.4543e-05, 371, 2362, 486
0.0012304, 0.000229737, 0.000998799, 7.559e-06, 375, 2442, 270
0.00144527, 0.000229114, 0.00121396, 1.5892e-05, 365, 2329, 432
0.00153342, 0.000321224, 0.00121013, 9.162e-06, 366, 2404, 189
0.00123768, 0.000308105, 0.000926806, 1.5802e-05, 379, 2561, 405
0.00159759, 0.000339147, 0.00125615, 1.4806e-05, 366, 2394, 324
0.00128086, 0.000220484, 0.00105796, 1.1609e-05, 377, 2340, 351
0.00149964, 0.000239091, 0.00125811, 1.2114e-05, 390, 2454, 378
0.00181974, 0.000352041, 0.00146533, 1.4444e-05, 383, 2665, 324
0.00140724, 0.000326474, 0.00107862, 1.1135e-05, 389, 2470, 216
0.00171436, 0.00032649, 0.00138609, 1.6569e-05, 392, 2570, 378
0.00105136, 0.000234777, 0.000814072, 8.499e-06, 380, 2596, 270
0.00138498, 0.000305734, 0.00107562, 9.275e-06, 396, 2681, 243
0.00128308, 0.000321125, 0.000960306, 8.916e-06, 398, 2619, 162
0.000898028, 0.000229363, 0.000665565, 1.0698e-05, 375, 2376, 297
0.000764921, 0.000199471, 0.000563044, 4.949e-06, 392, 2510, 216
0.0010621, 0.000198863, 0.00085879, 7.157e-06, 379, 2409, 189
0.00149847, 0.000322854, 0.00117354, 1.4289e-05, 390, 2437, 324
0.00103478, 0.000236881, 0.000795584, 5.906e-06, 384, 2542, 162
0.00111577, 0.000330601, 0.000783123, 8.496e-06, 387, 2433, 162
0.00128839, 0.000291563, 0.000993889, 1.6307e-05, 397, 2514, 351
0.00116674, 0.000236275, 0.000928124, 7.494e-06, 387, 2526, 162
0.00154541, 0.000402016, 0.00114013, 8.873e-06, 403, 2756, 270
0.00114439, 0.000212159, 0.000929858, 8.116e-06, 387, 2487, 243
0.00182463, 0.000340955, 0.00148174, 1.8664e-05, 384, 2507, 405
0.0011484, 0.000244677, 0.000901517, 1.5807e-05, 388, 2401, 378
0.00101715, 0.000230125, 0.000784802, 1.3199e-05, 386, 2424, 378
0.00135599, 0.000331103, 0.00102251, 1.0712e-05, 392, 2455, 216
0.00169244, 0.000347429, 0.00134289, 1.4859e-05, 387, 2495, 270
0.00148363, 0.000302792, 0.00117854, 1.0616e-05, 376, 2456, 270
0.00132929, 0.000253905, 0.00107219, 1.1623e-05, 391, 2659, 243
0.00138358, 0.000339019, 0.00104262, 1.1674e-05, 385, 2511, 216
0.000969321, 0.0002379, 0.000727415, 6.164e-06, 386, 2557, 162
0.000979742, 0.000233291, 0.000744485, 5.469e-06, 398, 2656, 162
0.000917606, 0.000205671, 0.000709466, 9.284e-06, 376, 2277, 270
0.00127417, 0.00023783, 0.0010341, 1.0495e-05, 382, 2664, 324
0.00184693, 0.00033723, 0.00150732, 1.5014e-05, 386, 2507, 297
0.00103774, 0.000271628, 0.00076346, 1.3275e-05, 386, 2333, 324
0.00110156, 0.000241408, 0.000858168, 9.686e-06, 388, 2558, 297
0.00133887, 0.000235619, 0.00110071, 1.8224e-05, 387, 2351, 405
0.0011732, 0.000231725, 0.000938843, 1.1838e-05, 395, 2685, 378
0.000914604, 0.000272802, 0.000639046, 7.147e-06, 387, 2620, 189
0.00176548, 0.000364809, 0.00139824, 1.5723e-05, 382, 2678, 324
0.00168019, 0.000377774, 0.00129923, 1.6429e-05, 402, 2647, 324
0.00151748, 0.000312559, 0.00120343, 1.2708e-05, 397, 2595, 297
0.00100648, 0.00026964, 0.000733878, 1.0149e-05, 379, 2446, 297
0.00131351, 0.000259346, 0.00105183, 8.173e-06, 401, 2536, 243
0.00108967, 0.000235762, 0.000851329, 1.0372e-05, 391, 2482, 297
0.00107257, 0.000292838, 0.000777891, 1.4214e-05, 388, 2428, 378
0.00150201, 0.000338724, 0.00116118, 1.7707e-05, 389, 2377, 351
0.00160254, 0.000364442, 0.00123556, 1.1866e-05, 377, 2443, 216
0.00097997, 0.000194431, 0.000783927, 4.191e-06, 391, 2562, 162
0.00107142, 0.000278144, 0.000791647, 1.0378e-05, 390, 2480, 270
0.00111268, 0.000320172, 0.000789949, 5.913e-06, 382, 2430, 108
0.000858602, 0.000241502, 0.000614849, 6.142e-06, 399, 2575, 162
0.00112385, 0.00025838, 0.00086338, 5.684e-06, 397, 2497, 135
0.001501, 0.000351675, 0.00114631, 1.8852e-05, 383, 2424, 378
0.00149928, 0.00037759, 0.00111904, 1.8546e-05, 389, 2389, 351
0.0012576, 0.000280729, 0.000975242, 1.5783e-05, 377, 2376, 243
0.000978228, 0.000249482, 0.000726384, 1.0176e-05, 385, 2395, 162
0.00166449, 0.000331858, 0.00133003, 1.9584e-05, 374, 2421, 405
0.00111683, 0.000292625, 0.000820862, 7.356e-06, 381, 2594, 162
0.00142636, 0.000366924, 0.00105694, 5.892e-06, 376, 2570, 108
0.00159974, 0.000338052, 0.00126022, 9.992e-06, 383, 2508, 189
0.00137442, 0.000369131, 0.00100304, 1.2978e-05, 391, 2558, 270
0.00150843, 0.000429736, 0.00107582, 9.887e-06, 387, 2487, 162
0.00119859, 0.000329284, 0.000866696, 4.774e-06, 379, 2538, 108
0.0014355, 0.00033955, 0.0010931, 1.5055e-05, 386, 2414, 270
0.00156852, 0.000336495, 0.00122988, 1.5543e-05, 379, 2509, 351
0.0015953, 0.000398558, 0.00119376, 1.4612e-05, 390, 2509, 270
0.00134048, 0.000361844, 0.000976964, 8.609e-06, 391, 2709, 162
0.00102763, 0.000315297, 0.000709491, 4.825e-06, 387, 2431, 81
0.00108004, 0.000352034, 0.000725134, 6.106e-06, 389, 2489, 108
0.00109892, 0.000332309, 0.000764379, 6.297e-06, 404, 2644, 108
0.0012143, 0.000368237, 0.000844313, 1.1116e-05, 392, 2527, 216
0.000697203, 0.000210605, 0.000484207, 4.994e-06, 388, 2463, 162
0.00114374, 0.000356055, 0.000784896, 1.0463e-05, 383, 2601, 216
0.00100169, 0.000331566, 0.000667488, 6.916e-06, 379, 2481, 135
0.000864781, 0.000257186, 0.000605111, 6.545e-06, 384, 2536, 162
0.000742983, 0.000272943, 0.000467429, 1.63e-06, 378, 2480, 27
0.001202, 0.000345669, 0.000854418, 1.0181e-05, 396, 2625, 189
0.000774877, 0.000276426, 0.000494006, 5.256e-06, 393, 2587, 108
0.00108557, 0.000231116, 0.000852358, 6.737e-06, 367, 2414, 162
0.00115529, 0.000271384, 0.000881696, 9.326e-06, 404, 2737, 243
0.00162484, 0.000339881, 0.00128273, 1.1983e-05, 385, 2443, 243
0.000813637, 0.000164047, 0.000648158, 6.056e-06, 370, 2209, 216
0.00152187, 0.000346551, 0.00117284, 6.517e-06, 376, 2609, 135
0.00113428, 0.000280248, 0.000852619, 1.3973e-05, 371, 2377, 297
0.00141672, 0.00028321, 0.00113003, 9.045e-06, 365, 2473, 243
0.00114754, 0.000228283, 0.00091695, 1.215e-05, 371, 2454, 297
0.000952683, 0.000207901, 0.000742656, 1.115e-05, 364, 2139, 297
0.00118701, 0.000317407, 0.000866767, 8.916e-06, 368, 2398, 162
0.000968994, 0.000225375, 0.000740779, 8.767e-06, 374, 2406, 216
0.00128247, 0.000316719, 0.000963461, 9.648e-06, 369, 2282, 216
0.000928965, 0.000250078, 0.00067657, 5.895e-06, 402, 2578, 162
0.000747658, 0.000227776, 0.000517639, 3.583e-06, 385, 2276, 81
0.00116757, 0.000348593, 0.000816266, 8.323e-06, 387, 2451, 135
0.00132566, 0.000345904, 0.000977852, 6.514e-06, 384, 2545, 108
0.00123056, 0.000325229, 0.000902938, 1.2134e-05, 369, 2237, 270
0.00121994, 0.000373401, 0.000844389, 2.559e-05, 395, 2555, 216
0.00107821, 0.000372681, 0.000703136, 1.141e-05, 376, 2466, 189
0.00108647, 0.000310711, 0.000773974, 9.854e-06, 377, 2480, 189
0.000928564, 0.000255933, 0.000670909, 1.0955e-05, 408, 2790, 270
0.00115864, 0.000323463, 0.000832666, 6.947e-06, 387, 2569, 162
0.00121284, 0.000346834, 0.000863873, 9.873e-06, 381, 2581, 189
0.000766961, 0.000278987, 0.000485494, 6.232e-06, 378, 2525, 189
0.00116087, 0.000347208, 0.000810964, 5.613e-06, 362, 2516, 108
0.0010819, 0.00031662, 0.000762098, 5.625e-06, 377, 2542, 135
0.000990825, 0.00019777, 0.000791387, 9.972e-06, 364, 2238, 297
0.000880699, 0.00020917, 0.000668867, 5.581e-06, 376, 2412, 162
0.00102721, 0.000260556, 0.000764215, 1.2068e-05, 360, 2147, 270
0.00114685, 0.000267587, 0.000877012, 9.767e-06, 358, 2270, 216
0.00129805, 0.000289672, 0.00100645, 1.4407e-05, 370, 2361, 324
0.000809131, 0.000210134, 0.000594968, 6.795e-06, 369, 2350, 189
0.00108832, 0.000294346, 0.00079217, 1.1637e-05, 383, 2518, 297
0.000441837, 0.000118262, 0.000322463, 4.755e-06, 386, 2580, 270
0.00100426, 0.000285493, 0.000715825, 3.749e-06, 367, 2358, 81
0.000887121, 0.000213965, 0.000669772, 1.0117e-05, 390, 2519, 324
0.000749088, 0.000243431, 0.000504238, 2.302e-06, 381, 2549, 54
0.00130082, 0.000311221, 0.000987482, 1.1309e-05, 365, 2486, 243
0.000725941, 0.000208832, 0.000515054, 4.658e-06, 390, 2484, 135
0.000974722, 0.00023382, 0.000738384, 8.906e-06, 384, 2549, 243
0.000467338, 0.000148624, 0.000317085, 3.768e-06, 385, 2528, 189
0.00100706, 0.000326172, 0.000679207, 5.043e-06, 393, 2654, 108
0.00102746, 0.000287212, 0.000738017, 1.2178e-05, 383, 2458, 270
0.000877478, 0.000320177, 0.000555382, 5.047e-06, 384, 2702, 108
0.000819828, 0.000217677, 0.000599619, 8.584e-06, 384, 2549, 270
0.000960851, 0.000217628, 0.00074111, 7.011e-06, 386, 2548, 216
0.000941793, 0.000324553, 0.00061484, 8.066e-06, 393, 2737, 81
0.00081719, 0.000288633, 0.000525025, 7.352e-06, 369, 2447, 189
0.00114236, 0.000300161, 0.000839728, 1.1367e-05, 386, 2421, 243
0.000880704, 0.000203789, 0.000673069, 5.096e-06, 365, 2477, 162
0.000962684, 0.000271548, 0.000688846, 1.092e-05, 374, 2135, 270
0.000940058, 0.000212983, 0.00072482, 7.428e-06, 375, 2410, 216
0.001244, 0.000298935, 0.000942773, 1.166e-05, 368, 2385, 270
0.00105029, 0.000294569, 0.000753216, 5.754e-06, 361, 2433, 135
0.00110275, 0.000292795, 0.000807956, 7.197e-06, 374, 2406, 162
0.000564564, 0.00019422, 0.00036801, 4.148e-06, 370, 2311, 108
0.000682217, 0.000268482, 0.000412168, 3.62e-06, 371, 2204, 81
0.000683925, 0.000197447, 0.000483372, 7.908e-06, 380, 2333, 216
0.000814269, 0.000268179, 0.000544049, 3.764e-06, 372, 2300, 81
0.00100452, 0.000310004, 0.000692458, 4.999e-06, 383, 2592, 108
0.000792433, 0.000278596, 0.000512179, 9.102e-06, 389, 2383, 216
0.000746105, 0.000224293, 0.000519047, 4.877e-06, 378, 2489, 135
0.000760768, 0.000240864, 0.000518127, 1.0336e-05, 389, 2426, 270
0.000919348, 0.000299151, 0.000618244, 4.012e-06, 374, 2427, 81
0.000741508, 0.000241405, 0.000497345, 3.681e-06, 369, 2541, 108
0.000663742, 0.000231883, 0.000428744, 6.17e-06, 367, 2511, 189
0.000946328, 0.000269777, 0.000674916, 6.172e-06, 351, 2265, 135
0.000811808, 0.000225316, 0.000583999, 5.094e-06, 373, 2496, 135
0.000950786, 0.000285948, 0.000662641, 1.0726e-05, 352, 2300, 243
0.00080499, 0.000178268, 0.000623881, 8.215e-06, 357, 2172, 270
0.062333, 0.000121028, 0.000348559, 5.002e-06, 370, 2380, 243
0.000821721, 0.000214252, 0.000605286, 6.565e-06, 355, 2294, 162
0.00110562, 0.000292624, 0.000810123, 8.652e-06, 371, 2378, 216
0.000804076, 0.00023473, 0.000566496, 6.748e-06, 366, 2431, 216
0.00106825, 0.000310001, 0.000755811, 9.111e-06, 364, 2419, 189
0.000730472, 0.000204995, 0.000521379, 5.242e-06, 385, 2497, 162
0.000789103, 0.000250943, 0.000535266, 7.524e-06, 384, 2458, 243
0.000981192, 0.000319124, 0.000660409, 7.492e-06, 385, 2616, 162
0.000627438, 0.000185777, 0.000438374, 7.267e-06, 394, 2460, 243
0.000599634, 0.000230445, 0.000367238, 2.583e-06, 371, 2382, 81
0.0223663, 0.000160992, 0.000330042, 9.529e-06, 402, 2420, 162
0.00106843, 0.000296972, 0.00076844, 6.92e-06, 379, 2470, 162
0.000679701, 0.000212785, 0.000464893, 3.945e-06, 380, 2308, 81
0.000924276, 0.000308073, 0.000614397, 4.794e-06, 411, 2635, 108
0.000902372, 0.000219506, 0.000680485, 7.145e-06, 405, 2600, 216
0.00112423, 0.000297684, 0.000824519, 9.069e-06, 397, 2552, 216
0.000751544, 0.000212927, 0.00053442, 7.404e-06, 393, 2539, 216
0.00111245, 0.000298594, 0.000811102, 8.946e-06, 388, 2388, 189
0.000712318, 0.000243685, 0.000464781, 2.989e-06, 390, 2503, 81
0.00103597, 0.000313696, 0.000719764, 5.958e-06, 382, 2475, 135
0.00071809, 0.000202658, 0.000513099, 1.0073e-05, 368, 2290, 216
0.000725039, 0.000201895, 0.000521113, 8.102e-06, 377, 2489, 216
0.000907296, 0.0002945, 0.00061054, 8.556e-06, 377, 2557, 189
0.00121684, 0.000327971, 0.000886873, 1.1381e-05, 380, 2544, 243
0.000641424, 0.000204982, 0.000434333, 5.065e-06, 377, 2366, 162
0.00103845, 0.000286358, 0.000749486, 9.102e-06, 366, 2326, 189
0.00105922, 0.000305501, 0.000751051, 7.94e-06, 390, 2628, 189
0.00109236, 0.000307798, 0.000783032, 1.0343e-05, 396, 2567, 243
0.000966894, 0.000269487, 0.000694954, 8.839e-06, 390, 2369, 216
0.00073796, 0.000217685, 0.000517736, 4.954e-06, 410, 2737, 135
0.00101449, 0.000278784, 0.000733687, 1.1304e-05, 396, 2549, 270
0.000656096, 0.000206649, 0.000447292, 5.603e-06, 401, 2538, 135
0.00089709, 0.000304627, 0.000590421, 9.923e-06, 408, 2558, 216
0.000745265, 0.000201235, 0.000541946, 4.424e-06, 394, 2549, 135
0.000652642, 0.000214085, 0.000435147, 7.514e-06, 408, 2677, 216
0.000529983, 0.000188045, 0.000339382, 5.292e-06, 400, 2449, 189
0.000679688, 0.000193374, 0.000484355, 6.076e-06, 390, 2450, 189
0.000849401, 0.000226163, 0.000619564, 6.443e-06, 412, 2808, 189
0.00107, 0.000304553, 0.000763807, 9.435e-06, 379, 2486, 216
0.00108377, 0.000322336, 0.000759449, 7.537e-06, 390, 2479, 162
0.000673457, 0.000213829, 0.000455177, 5.861e-06, 380, 2532, 162
0.000638109, 0.000216308, 0.000417735, 5.458e-06, 363, 2283, 162
0.000902643, 0.000294833, 0.000605412, 7.272e-06, 373, 2482, 162
0.000954299, 0.000305433, 0.000646837, 8.928e-06, 366, 2364, 189
0.0166611, 0.000128196, 0.000334087, 4.011e-06, 374, 2424, 162
0.000765892, 0.000188134, 0.000575082, 1.0583e-05, 376, 2241, 351
0.000649057, 0.000185318, 0.000461107, 5.39e-06, 373, 2219, 135
0.000786635, 0.000211826, 0.000572223, 6.07e-06, 367, 2421, 162
0.00102961, 0.000277582, 0.000750159, 9.652e-06, 373, 2268, 243
0.000605527, 0.000205054, 0.000398127, 4.579e-06, 379, 2505, 108
0.000677852, 0.000208548, 0.000467237, 7.166e-06, 413, 2571, 216
0.00100342, 0.000289722, 0.000711573, 6.965e-06, 395, 2488, 162
0.00123359, 0.0002982, 0.000933688, 9.85e-06, 395, 2569, 216
0.000692363, 0.00020432, 0.000486262, 4.546e-06, 391, 2559, 135
0.000817409, 0.000308378, 0.000506491, 2.686e-06, 398, 2654, 54
0.00103145, 0.000311685, 0.000717377, 5.644e-06, 415, 2686, 135
0.000951791, 0.000290466, 0.000658785, 7.939e-06, 407, 2552, 162
0.000688983, 0.000248075, 0.000436728, 5.638e-06, 392, 2492, 162
0.000890087, 0.000288345, 0.000599826, 6.282e-06, 413, 2583, 135
0.00108219, 0.000302015, 0.000777477, 7.291e-06, 404, 2605, 162
0.000733858, 0.000217571, 0.000513468, 4.579e-06, 386, 2516, 135
0.00064625, 0.000216395, 0.000425631, 1.141e-06, 396, 2641, 27
0.000717116, 0.00025862, 0.00045602, 6.851e-06, 381, 2288, 162
0.000983679, 0.000305609, 0.000675684, 6.928e-06, 389, 2621, 162
0.000606815, 0.000232076, 0.000372264, 4.148e-06, 377, 2452, 108
0.000576123, 0.000198888, 0.000373295, 6.196e-06, 366, 2377, 189
0.000682505, 0.000199452, 0.000480627, 9.143e-06, 383, 2517, 324
0.00120796, 0.000316262, 0.000889312, 1.1628e-05, 375, 2520, 243
0.000878229, 0.000208124, 0.000667815, 5.148e-06, 378, 2425, 162
0.00135702, 0.000291506, 0.0010636, 8.13e-06, 388, 2514, 189
0.0199729, 0.000129731, 0.000557685, 6.06e-06, 393, 2609, 297
0.00117124, 0.000235598, 0.000932992, 8.714e-06, 390, 2529, 243
0.00108384, 0.000216303, 0.000865336, 7.349e-06, 379, 2322, 243
0.00113715, 0.000235619, 0.000897593, 9.19e-06, 388, 2520, 297
0.0193483, 0.000135174, 0.000540721, 6.242e-06, 399, 2471, 297
0.00131724, 0.000216305, 0.0010988, 7.812e-06, 381, 2596, 243
0.00138629, 0.000288394, 0.00109638, 9.649e-06, 386, 2420, 216
0.00158549, 0.00028538, 0.00129774, 1.2154e-05, 403, 2569, 297
0.00111248, 0.000196217, 0.000913792, 9.349e-06, 397, 2455, 270
0.0238549, 0.000115075, 0.000533494, 6.341e-06, 391, 2421, 378
0.00118401, 0.000202557, 0.00097936, 9.114e-06, 405, 2483, 297
0.00132267, 0.000210832, 0.0011074, 1.5086e-05, 399, 2451, 432
0.00192009, 0.000315635, 0.00160273, 1.2087e-05, 409, 2691, 297
0.0240393, 0.000130281, 0.000622946, 6.034e-06, 409, 2803, 378
0.00198275, 0.00031644, 0.0016643, 1.7412e-05, 427, 2750, 459
0.00192627, 0.000322642, 0.00160122, 1.7647e-05, 426, 2915, 459
0.00185449, 0.000301726, 0.00155086, 1.431e-05, 400, 2616, 378
0.0198602, 0.000143686, 0.000638937, 8.97e-06, 413, 2663, 513
0.00137785, 0.00022794, 0.00114767, 1.2787e-05, 413, 2708, 459
0.00151394, 0.000218872, 0.00129324, 1.39e-05, 408, 2765, 459
0.00185183, 0.000336065, 0.00151368, 1.3372e-05, 406, 2994, 351
0.00182214, 0.000350121, 0.00146967, 1.7483e-05, 408, 2776, 405
0.00143223, 0.000279803, 0.00115048, 1.1303e-05, 405, 2832, 270
0.00152991, 0.000270704, 0.00123446, 1.1524e-05, 414, 2933, 324
0.00114342, 0.000267466, 0.000873556, 1.1273e-05, 406, 2638, 324
0.00129485, 0.00028874, 0.0010045, 1.5087e-05, 415, 3074, 432
0.00200191, 0.000386337, 0.00161343, 2.041e-05, 410, 2890, 432
0.00153184, 0.000388854, 0.00114156, 1.422e-05, 398, 2865, 297
0.00163237, 0.000308178, 0.00132188, 1.4648e-05, 425, 3127, 351
0.0016789, 0.000391806, 0.00128523, 9.348e-06, 406, 2904, 189
0.00127819, 0.000258333, 0.00101738, 8.505e-06, 404, 2721, 243
0.00166927, 0.000393787, 0.00127307, 1.4262e-05, 408, 2842, 270
0.00148159, 0.000417049, 0.00106186, 2.1224e-05, 394, 2811, 405
0.001419, 0.000371822, 0.00104492, 1.2978e-05, 407, 2738, 297
0.00115907, 0.000199314, 0.000957883, 8.23e-06, 418, 2898, 297
0.00126487, 0.000248501, 0.00101393, 8.682e-06, 403, 2745, 270
0.00157636, 0.000364576, 0.00120938, 1.2571e-05, 400, 2727, 243
0.000990339, 0.00027439, 0.000713475, 8.672e-06, 408, 2762, 243
0.00124215, 0.000359493, 0.000880463, 8.384e-06, 404, 2706, 162
0.000900674, 0.000233877, 0.000664923, 4.747e-06, 405, 2706, 135
0.00125246, 0.000307032, 0.000942363, 1.0765e-05, 401, 2822, 297
0.0015774, 0.000360195, 0.00121505, 5.205e-06, 416, 2892, 108
0.00147321, 0.000376471, 0.0010947, 1.1639e-05, 402, 2755, 216
0.00101364, 0.000217071, 0.000794599, 7.039e-06, 403, 2556, 216
0.00152709, 0.000378648, 0.0011459, 1.4468e-05, 419, 2777, 297
0.000980784, 0.000270066, 0.000708405, 9.053e-06, 404, 2727, 216
0.00111681, 0.000245119, 0.000869487, 1.3465e-05, 393, 2781, 378
0.00108317, 0.000251077, 0.000829703, 6.044e-06, 411, 2817, 162
0.0014602, 0.000377794, 0.00108069, 1.8143e-05, 411, 2856, 378
0.00177067, 0.000383059, 0.00138571, 1.4487e-05, 399, 2878, 297
0.00124985, 0.000373314, 0.000873906, 8.149e-06, 411, 2899, 162
0.000960601, 0.000313296, 0.000644423, 7.535e-06, 401, 2646, 189
0.00153703, 0.000385812, 0.00114855, 1.1829e-05, 398, 2831, 243
0.00137764, 0.000337697, 0.00103839, 9.23e-06, 403, 2881, 162
0.000898979, 0.000393446, 0.000502853, 6.839e-06, 414, 2826, 189
0.00116576, 0.000302725, 0.000859516, 2.76e-06, 404, 2885, 54
0.0014355, 0.000399899, 0.00103286, 1.4432e-05, 408, 2875, 297
0.0015618, 0.000393312, 0.00116644, 1.1528e-05, 414, 2906, 216
0.00106508, 0.000256037, 0.000806811, 9.96e-06, 407, 2817, 243
0.0017378, 0.00044514, 0.00129035, 1.6701e-05, 411, 3139, 324
0.000814038, 0.000256096, 0.000555388, 3.953e-06, 410, 2861, 108
0.00103343, 0.00032881, 0.000702945, 7.99e-06, 405, 2699, 189
0.00105447, 0.000292151, 0.000760744, 4.156e-06, 401, 2814, 81
0.00160566, 0.000430123, 0.0011734, 1.1977e-05, 418, 2926, 216
0.00132754, 0.000375718, 0.000949547, 6.324e-06, 410, 2823, 108
0.000909511, 0.000260732, 0.000646872, 6.968e-06, 403, 2744, 189
0.000894238, 0.000314658, 0.000577406, 1.0342e-05, 412, 2902, 270
0.000816726, 0.000236616, 0.000578389, 2.483e-06, 404, 2634, 54
0.00102364, 0.000292028, 0.000729181, 6.858e-06, 403, 2648, 135
0.00124275, 0.00039029, 0.000850494, 9.671e-06, 413, 2994, 189
0.00136355, 0.000374909, 0.000986936, 9.25e-06, 412, 2928, 189
0.00110144, 0.000353224, 0.000746097, 3.189e-06, 404, 2726, 54
0.00100904, 0.000277368, 0.000729626, 4.259e-06, 406, 2740, 81
0.000957653, 0.000271138, 0.000683661, 7.887e-06, 420, 2854, 189
0.00130854, 0.000421406, 0.000883825, 6.193e-06, 396, 2868, 162
0.00121034, 0.000375933, 0.000832452, 4.358e-06, 410, 2912, 81
0.00100246, 0.000276456, 0.000723576, 7.877e-06, 412, 2876, 216
0.00109529, 0.000265301, 0.000827702, 1.0778e-05, 409, 2916, 162
0.000888155, 0.00025448, 0.000631598, 6.463e-06, 409, 2735, 162
0.00124716, 0.000393803, 0.000850882, 1.0222e-05, 415, 2886, 216
0.000840995, 0.000245372, 0.000593597, 1.0894e-05, 407, 2779, 270
0.00106843, 0.000386144, 0.000679661, 6.864e-06, 407, 2766, 135
0.00134169, 0.000391412, 0.000948119, 5.866e-06, 422, 3011, 108
0.000751206, 0.000237233, 0.000511625, 6.354e-06, 405, 2658, 162
0.000823924, 0.000288759, 0.000533191, 2.042e-06, 410, 2833, 54
0.00137879, 0.000389103, 0.000987675, 1.417e-05, 411, 2931, 297
0.00125794, 0.000427082, 0.00082855, 6.013e-06, 406, 2942, 108
0.000769075, 0.000294837, 0.000471954, 2.522e-06, 402, 2907, 54
0.000794633, 0.000295045, 0.00049669, 4.212e-06, 409, 2843, 108
0.00133901, 0.000375149, 0.000961557, 1.1068e-05, 405, 2680, 216
0.00130414, 0.000350448, 0.000951781, 1.3956e-05, 404, 2723, 297
0.00106229, 0.00022797, 0.000832041, 9.944e-06, 408, 2718, 297
0.00143326, 0.000381709, 0.00104949, 1.0163e-05, 404, 2721, 297
0.00151001, 0.00036581, 0.00114194, 1.3799e-05, 403, 2892, 297
0.00157212, 0.000366977, 0.00120323, 1.0468e-05, 405, 2679, 216
0.00117195, 0.00025521, 0.000914335, 1.0835e-05, 409, 2755, 270
0.00143095, 0.000331464, 0.00109634, 1.454e-05, 400, 2661, 351
0.00109085, 0.000235165, 0.000853184, 9.997e-06, 414, 2639, 324
0.00142466, 0.000334594, 0.0010883, 1.3938e-05, 407, 2728, 351
0.00150679, 0.000352304, 0.00115157, 1.4587e-05, 413, 2793, 351
0.0228691, 0.000136921, 0.00059176, 6.602e-06, 414, 2783, 378
0.0014723, 0.000332933, 0.00113736, 1.3442e-05, 408, 2934, 324
0.00127141, 0.000257461, 0.00101124, 8.526e-06, 410, 2968, 243
0.00141518, 0.000312356, 0.00110085, 1.3013e-05, 392, 2580, 324
0.00148436, 0.000336645, 0.00114613, 1.5729e-05, 387, 2763, 378
0.00109668, 0.00030787, 0.000785836, 6.985e-06, 381, 2636, 216
0.00099629, 0.000264533, 0.000729467, 1.4555e-05, 393, 2659, 378
0.00123198, 0.000264875, 0.000965016, 1.148e-05, 416, 2981, 351
0.00103238, 0.000223803, 0.000806288, 9.969e-06, 389, 2820, 324
0.00110901, 0.000228258, 0.000878517, 1.1775e-05, 406, 2847, 378
0.00155725, 0.000360028, 0.00119517, 1.1539e-05, 407, 2750, 297
0.0695136, 0.000147031, 0.000628223, 7.797e-06, 385, 2699, 351
0.00112912, 0.000322436, 0.000803797, 1.1875e-05, 412, 2822, 324
0.00132544, 0.000259611, 0.00106173, 1.0167e-05, 413, 2934, 351
0.00157562, 0.000345831, 0.00122836, 1.8322e-05, 403, 2777, 432
0.00164124, 0.000366702, 0.00127185, 1.3664e-05, 408, 2796, 324
0.00119209, 0.000247598, 0.000942295, 1.1086e-05, 403, 2697, 324
0.00170151, 0.000382198, 0.00131749, 1.3966e-05, 418, 2927, 351
0.0266102, 0.000148873, 0.000602545, 8.265e-06, 412, 2742, 432
0.00157529, 0.000334082, 0.00123912, 1.3078e-05, 413, 2703, 324
0.00139683, 0.00026354, 0.00113002, 1.1994e-05, 419, 2951, 405
0.00127352, 0.00025671, 0.00101474, 1.1126e-05, 416, 2894, 324
0.00134352, 0.000265491, 0.00107552, 1.4469e-05, 423, 2887, 432
0.0208478, 0.000153477, 0.000572468, 4.73e-06, 434, 2807, 243
0.00143982, 0.000238724, 0.00119905, 1.3421e-05, 433, 2759, 405
0.00131892, 0.000238125, 0.00107823, 1.329e-05, 436, 2869, 459
0.00170578, 0.000356172, 0.00134771, 1.3918e-05, 450, 3024, 405
0.00124054, 0.000244453, 0.000994123, 1.3027e-05, 430, 2760, 459
0.00144898, 0.000266664, 0.00118021, 1.7263e-05, 431, 2903, 540
0.021078, 0.000146457, 0.000563643, 7.781e-06, 426, 2734, 459
0.00171359, 0.000378279, 0.0013336, 1.1146e-05, 426, 2969, 297
0.00138836, 0.000249943, 0.00113696, 1.3164e-05, 450, 2893, 378
0.00130689, 0.00026111, 0.00104189, 1.4302e-05, 439, 2938, 405
0.0198778, 0.0001256, 0.000483392, 4.992e-06, 427, 2707, 297
0.00157472, 0.000261632, 0.00131086, 1.3542e-05, 434, 2985, 459
0.00134091, 0.000241944, 0.00109654, 1.3127e-05, 409, 2761, 432
0.00180583, 0.000336567, 0.00146749, 1.497e-05, 409, 2783, 378
0.0249342, 0.000140171, 0.000530174, 7.602e-06, 423, 2752, 405
0.00116619, 0.000218364, 0.000945356, 1.1425e-05, 420, 2536, 405
0.00105432, 0.000196249, 0.000855724, 1.2716e-05, 387, 2346, 405
0.00158444, 0.00032421, 0.00125773, 1.7189e-05, 392, 2568, 432
0.00120429, 0.00024828, 0.000954091, 9.682e-06, 387, 2702, 297
0.0252891, 0.000115128, 0.000531339, 1.0078e-05, 394, 2556, 432
0.00162696, 0.000329136, 0.00129597, 1.2826e-05, 387, 2629, 270
0.00122456, 0.000202477, 0.00102014, 9.781e-06, 373, 2274, 297
0.00152052, 0.00030879, 0.00120979, 1.3408e-05, 384, 2500, 324
0.00144879, 0.000273741, 0.00117283, 1.1825e-05, 374, 2326, 297
0.024503, 0.000197692, 0.000761789, 9.307e-06, 384, 2438, 351
0.00119667, 0.00023982, 0.00095424, 8.436e-06, 376, 2673, 270
0.00108252, 0.000214586, 0.000865653, 1.1253e-05, 378, 2428, 324
0.00124388, 0.000293512, 0.000948714, 1.2959e-05, 361, 2407, 351
0.00133348, 0.000289476, 0.00104134, 8.565e-06, 351, 2432, 189
0.000975094, 0.000208797, 0.000764475, 8.218e-06, 343, 2385, 243
0.00102399, 0.000196132, 0.00082583, 9.037e-06, 355, 2264, 297
0.0191437, 0.00014335, 0.000503612, 7.047e-06, 346, 2426, 270
0.00102012, 0.000200645, 0.000816666, 8.734e-06, 352, 2395, 270
0.0010184, 0.000192951, 0.000823785, 1.2707e-05, 349, 2207, 405
0.00118182, 0.000275088, 0.000905118, 8.665e-06, 345, 2282, 162
0.00123005, 0.000295638, 0.000932702, 1.0198e-05, 354, 2325, 216
0.000768339, 0.000196168, 0.000569862, 6.271e-06, 341, 2270, 189
0.00119336, 0.000279438, 0.000912186, 1.3421e-05, 352, 2302, 297
0.000819537, 0.000206243, 0.000611436, 6.264e-06, 350, 2587, 189
0.000633666, 0.000186996, 0.0004451, 3.995e-06, 356, 2256, 108
0.000870823, 0.000282408, 0.00058578, 7.498e-06, 341, 2283, 243
0.000968957, 0.000282472, 0.00068402, 3.96e-06, 351, 2410, 81
0.00111507, 0.000257158, 0.00085575, 9.502e-06, 353, 2272, 243
0.000809162, 0.000196298, 0.000611005, 7.832e-06, 360, 2307, 216
0.00108732, 0.000301017, 0.000783316, 1.1561e-05, 353, 2517, 243
0.000748623, 0.000174398, 0.000572222, 4.255e-06, 346, 2373, 135
0.00102446, 0.000287338, 0.00073466, 1.1427e-05, 356, 2532, 270
0.000722939, 0.000176979, 0.000544098, 5.084e-06, 355, 2201, 162
0.00077694, 0.000226743, 0.000547919, 6.602e-06, 349, 2479, 189
0.000798225, 0.000256843, 0.000539061, 7.923e-06, 356, 2310, 189
0.000983027, 0.000302135, 0.000678646, 4.367e-06, 346, 2099, 81
0.000733873, 0.000227217, 0.000504446, 4.639e-06, 349, 2435, 135
0.000774079, 0.000223836, 0.000547738, 6.855e-06, 350, 2343, 162
0.00108053, 0.000293493, 0.000784769, 7.411e-06, 348, 2398, 135
0.00105629, 0.000316786, 0.000736872, 1.741e-06, 358, 2350, 27
0.00101673, 0.000328442, 0.000685856, 8.188e-06, 349, 2510, 135
0.00112252, 0.000291726, 0.000828545, 1.0941e-05, 346, 2393, 216
0.00110643, 0.000339206, 0.000765196, 6.405e-06, 350, 2469, 108
0.00112949, 0.000320718, 0.000806579, 9.37e-06, 352, 2280, 189
0.001058, 0.000335405, 0.000720322, 3.322e-06, 352, 2531, 54
0.000845439, 0.000302603, 0.000539571, 3.837e-06, 347, 2299, 81
0.000734125, 0.000237973, 0.00049362, 1.569e-06, 350, 2410, 27
0.000752002, 0.000238926, 0.000510211, 4.165e-06, 353, 2592, 108
0.000981772, 0.000336709, 0.000642826, 6.452e-06, 344, 2386, 108
0.00106563, 0.000333113, 0.000728813, 6.131e-06, 351, 2403, 108
0.000914734, 0.000282062, 0.000630743, 7.988e-06, 344, 2294, 162
0.000858517, 0.000217394, 0.00063907, 8.098e-06, 339, 2234, 216
0.000834928, 0.000227056, 0.000605586, 4.254e-06, 347, 2451, 81
0.000664866, 0.00019801, 0.0004647, 4.8e-06, 346, 2310, 135
0.000926907, 0.00031709, 0.000607564, 3.039e-06, 352, 2417, 54
0.00100649, 0.000333653, 0.000670621, 3.707e-06, 346, 2280, 54
0.000941355, 0.000323486, 0.000616138, 4.935e-06, 348, 2348, 81
0.000957872, 0.000337219, 0.000618218, 4.771e-06, 351, 2413, 81
0.000850883, 0.00023532, 0.000612538, 7.078e-06, 352, 2610, 162
0.000970415, 0.00031134, 0.000656979, 4.274e-06, 344, 2306, 81
0.00108758, 0.000332358, 0.000753505, 8.012e-06, 357, 2560, 162
0.000842897, 0.000301088, 0.000539497, 4.626e-06, 346, 2219, 81
0.000660322, 0.000219206, 0.000438476, 3.795e-06, 348, 2319, 81
0.00092712, 0.000331593, 0.000593352, 3.452e-06, 346, 2223, 54
0.000517749, 0.000220261, 0.000295243, 4.801e-06, 341, 2262, 108
0.000656607, 0.000195621, 0.000459839, 1.357e-06, 350, 2404, 27
0.000772847, 0.000206492, 0.000564948, 1.294e-06, 338, 2253, 27
0.00106869, 0.000364373, 0.000701174, 1.3416e-05, 361, 2216, 189
0.000570598, 0.00020571, 0.000363527, 5.201e-06, 348, 2476, 162
0.000661735, 0.000311263, 0.000347836, 0, 345, 2118, 0
0.00113194, 0.000345282, 0.000784056, 6.141e-06, 359, 2444, 108
0.00111781, 0.000422637, 0.00069244, 5.314e-06, 350, 2607, 81
0.000595669, 0.00021113, 0.000382121, 4.775e-06, 341, 2232, 135
0.000884626, 0.000351533, 0.000530947, 6.684e-06, 354, 2323, 108
0.000603634, 0.000179504, 0.000422738, 3.483e-06, 358, 2414, 135
0.000822196, 0.000346965, 0.000472337, 5.325e-06, 341, 2159, 81
0.000847827, 0.000303519, 0.000542083, 1.804e-06, 361, 2530, 27
0.000778547, 0.000322016, 0.000454096, 1.147e-06, 353, 2375, 27
0.000659908, 0.000231143, 0.000424828, 5.287e-06, 353, 2494, 108
0.000852389, 0.000357722, 0.000492123, 3.32e-06, 355, 2366, 54
0.000654823, 0.000209814, 0.000442856, 5.954e-06, 343, 2339, 162
0.00102455, 0.000356698, 0.000665435, 8.126e-06, 361, 2388, 135
0.000621416, 0.000213096, 0.000405968, 2.331e-06, 343, 2300, 54
0.000680851, 0.000205593, 0.000473221, 2.383e-06, 338, 2198, 54
0.000891225, 0.000357928, 0.000531308, 6.393e-06, 356, 2493, 108
0.000786708, 0.000302451, 0.000482463, 1.643e-06, 338, 2213, 27
0.000676427, 0.000287479, 0.000385877, 2.989e-06, 347, 2472, 81
0.00092084, 0.000343707, 0.000574518, 5.016e-06, 346, 2443, 81
0.000765302, 0.000309605, 0.000453549, 0, 345, 2376, 0
0.000582054, 0.000226178, 0.000353679, 2.561e-06, 354, 2369, 54
0.000673602, 0.000271163, 0.00039931, 3.999e-06, 348, 2280, 81
0.000800839, 0.000233666, 0.000565151, 9.737e-06, 334, 2326, 216
0.000551728, 0.000214526, 0.00033464, 2.089e-06, 349, 2309, 54
0.000766585, 0.000249706, 0.00051461, 5.28e-06, 342, 2326, 108
0.000600848, 0.000215819, 0.000382525, 6.122e-06, 341, 2202, 162
0.000972383, 0.00035137, 0.000618789, 3.611e-06, 358, 2481, 54
0.000465143, 0.00019917, 0.000263943, 1.689e-06, 341, 2313, 54
0.000856319, 0.000331328, 0.000522766, 0, 354, 2480, 0
0.000865662, 0.000337814, 0.000524972, 3.645e-06, 348, 2541, 54
0.000648066, 0.000306319, 0.000339617, 0, 353, 2311, 0
0.000886139, 0.000298573, 0.000585154, 8.113e-06, 354, 2263, 135
0.000862558, 0.000292019, 0.000568461, 7.661e-06, 354, 2342, 135
0.000504645, 0.000229735, 0.000272048, 3.908e-06, 358, 2396, 81
0.00098118, 0.000270696, 0.000708426, 7.708e-06, 349, 2121, 162
0.000671593, 0.00027013, 0.000398966, 4.582e-06, 346, 2263, 108
0.00109401, 0.000342221, 0.000749781, 1.3122e-05, 357, 2459, 270
0.000963786, 0.000236191, 0.000724974, 1.2104e-05, 365, 2456, 324
0.0237709, 0.000138783, 0.000355023, 3.743e-06, 357, 2440, 162
0.000986767, 0.000221038, 0.000763486, 9.336e-06, 370, 2439, 243
0.000721439, 0.000204323, 0.000514961, 9.117e-06, 368, 2280, 270
0.00101541, 0.000296995, 0.000716343, 1.1172e-05, 380, 2336, 243
0.00127155, 0.000378396, 0.000890794, 1.7499e-05, 391, 2647, 351
0.00114817, 0.000314352, 0.000831014, 1.7714e-05, 392, 2519, 297
0.0232732, 0.000145501, 0.000453919, 4.451e-06, 389, 2578, 189
0.00124712, 0.000221978, 0.00102373, 6.558e-06, 384, 2697, 216
0.00138509, 0.000376984, 0.0010041, 1.6299e-05, 388, 2531, 324
0.00134895, 0.000351684, 0.000994342, 1.9951e-05, 391, 2468, 432
0.0206642, 0.000163501, 0.000334698, 5.903e-06, 390, 2305, 297
0.00143415, 0.000356732, 0.00107545, 1.0368e-05, 405, 2650, 216
0.00111035, 0.000269477, 0.000838613, 1.2091e-05, 413, 2965, 351
0.0298009, 0.00018457, 0.000883935, 8.962e-06, 422, 2901, 351
0.00111482, 0.000254229, 0.000858371, 1.2019e-05, 418, 2609, 324
0.00149743, 0.000348, 0.0011467, 1.3108e-05, 426, 2705, 351
0.00184878, 0.000429781, 0.0014162, 1.5031e-05, 432, 2992, 297
0.0230041, 0.000156049, 0.000503201, 7.058e-06, 442, 2688, 297
0.00169435, 0.000423702, 0.00126793, 2.3715e-05, 418, 2705, 459
0.00157524, 0.000403202, 0.00116911, 2.236e-05, 456, 2769, 459
0.0017252, 0.00042849, 0.00129408, 1.4323e-05, 446, 2888, 243
0.0247901, 0.000186507, 0.000543157, 6.651e-06, 446, 2898, 270
0.00131674, 0.000309449, 0.00100498, 1.2519e-05, 455, 2933, 351
0.00182432, 0.000427091, 0.00139415, 2.0615e-05, 458, 3171, 459
0.00125732, 0.000298001, 0.000956693, 1.0445e-05, 451, 3225, 324
0.00195379, 0.000426205, 0.00152534, 1.3111e-05, 449, 3078, 270
0.0010587, 0.000189982, 0.000867361, 8.012e-06, 449, 2837, 351
0.000963071, 0.000256405, 0.000704637, 1.0631e-05, 449, 2877, 324
0.00151705, 0.000422269, 0.0010931, 1.0866e-05, 456, 3190, 243
0.0015885, 0.000457599, 0.001128, 1.8809e-05, 445, 2839, 405
0.00122182, 0.000393375, 0.000825809, 1.0026e-05, 448, 2798, 189
0.00157112, 0.000446648, 0.00112198, 1.8261e-05, 449, 2916, 351
0.00176062, 0.000445167, 0.0013126, 1.5512e-05, 453, 3152, 324
0.00159612, 0.000410547, 0.00118323, 1.5233e-05, 457, 3031, 351
0.000765791, 0.000177301, 0.000586359, 7.287e-06, 452, 3062, 378
0.00123672, 0.000277072, 0.000957299, 1.3026e-05, 457, 2973, 405
0.00120822, 0.000298997, 0.000906837, 1.4108e-05, 436, 2875, 378
0.00131237, 0.000289922, 0.00101973, 1.5374e-05, 463, 3080, 405
0.00102571, 0.000337001, 0.00068605, 1.284e-05, 446, 2644, 378
0.00124204, 0.00033581, 0.000903832, 1.4873e-05, 451, 2867, 432
0.0016551, 0.000462731, 0.00119004, 1.2582e-05, 455, 2947, 243
0.00148977, 0.000437201, 0.00104985, 2.1086e-05, 460, 2873, 405
0.000863866, 0.000279402, 0.000582485, 7.29e-06, 469, 3245, 432
0.00114117, 0.000315369, 0.000824429, 1.2484e-05, 473, 3237, 378
0.00146768, 0.000392936, 0.00107217, 1.9771e-05, 462, 2830, 459
0.00164503, 0.000454954, 0.00118746, 2.27e-05, 457, 2960, 486
0.00158736, 0.000424727, 0.00116005, 1.4355e-05, 459, 3020, 324
0.00107822, 0.000361361, 0.000714465, 1.1531e-05, 454, 2850, 324
0.00104682, 0.000287442, 0.000756891, 9.106e-06, 447, 2955, 243
0.00097427, 0.00027198, 0.000699414, 7.586e-06, 449, 2880, 189
0.00103454, 0.00029681, 0.000735644, 1.1921e-05, 449, 2913, 324
0.00157282, 0.000438046, 0.00113216, 1.4277e-05, 449, 2985, 270
0.00158454, 0.000458113, 0.0011241, 1.9408e-05, 467, 2965, 378
0.00122181, 0.000342503, 0.000875593, 1.1431e-05, 467, 3275, 270
0.00129133, 0.000405213, 0.000883962, 1.7673e-05, 455, 2865, 378
0.00181399, 0.000596695, 0.00121393, 1.6971e-05, 469, 2915, 243
0.00111677, 0.00030714, 0.000807677, 1.2431e-05, 481, 3273, 378
0.00146285, 0.000514508, 0.000946159, 1.4001e-05, 460, 2896, 297
0.00104199, 0.000260434, 0.000779445, 7.105e-06, 464, 3027, 216
0.00170454, 0.000456379, 0.00124605, 2.0284e-05, 472, 2990, 432
0.00159505, 0.000312889, 0.00127905, 1.4019e-05, 472, 3097, 351
0.000787251, 0.000293781, 0.000491246, 1.5537e-05, 468, 2890, 405
0.00173614, 0.000430956, 0.00130213, 1.4422e-05, 460, 3063, 297
0.00151187, 0.000496775, 0.00101167, 1.802e-05, 477, 3083, 351
0.00126897, 0.000451368, 0.000816008, 1.7541e-05, 474, 3177, 378
0.00122583, 0.000298301, 0.000925359, 1.7041e-05, 469, 3067, 432
0.00141503, 0.000420731, 0.000991448, 1.4142e-05, 474, 3134, 297
0.00125227, 0.000351983, 0.00089732, 9.159e-06, 453, 2868, 270
0.00113574, 0.000271993, 0.000861271, 1.2625e-05, 443, 2906, 351
0.00147172, 0.000455277, 0.0010146, 1.532e-05, 470, 3291, 297
0.00105133, 0.000289447, 0.000759608, 9.797e-06, 460, 3106, 297
0.00128067, 0.000411775, 0.000866746, 7.353e-06, 458, 2968, 189
0.00136153, 0.000361084, 0.000998248, 1.9147e-05, 444, 2825, 432
0.0014446, 0.000438467, 0.00100359, 1.1074e-05, 430, 2860, 216
0.00143434, 0.000430305, 0.00100184, 1.3585e-05, 447, 2988, 270
0.00134391, 0.000412132, 0.00092929, 1.1345e-05, 442, 2843, 216
0.0010967, 0.000295322, 0.000799607, 1.0946e-05, 437, 3005, 297
0.000682565, 0.000294112, 0.000386431, 7.734e-06, 450, 2831, 351
0.00102123, 0.000282097, 0.000736884, 9.38e-06, 451, 3062, 243
0.00146072, 0.00043079, 0.00102724, 1.448e-05, 452, 2936, 324
0.00116014, 0.000319746, 0.000838198, 1.1815e-05, 461, 3074, 243
0.000929734, 0.000289479, 0.00063566, 1.1549e-05, 465, 2835, 270
0.000958261, 0.000285807, 0.000670061, 8.375e-06, 463, 2989, 216
0.00129305, 0.000400039, 0.000891489, 1.3657e-05, 461, 2879, 324
0.00149015, 0.000427559, 0.00106038, 1.4751e-05, 467, 3030, 297
0.00093198, 0.000286288, 0.000643254, 1.267e-05, 465, 2903, 351
0.000979605, 0.000293896, 0.000683031, 6.779e-06, 471, 2842, 162
0.000936161, 0.000413363, 0.000520495, 6.499e-06, 465, 2829, 216
0.00123094, 0.000448067, 0.000780065, 8.359e-06, 476, 3055, 162
0.000704655, 0.00027205, 0.000429007, 2.533e-06, 465, 2773, 81
0.00116744, 0.000435883, 0.000728649, 1.131e-05, 452, 2989, 243
0.000800298, 0.000241645, 0.000554645, 9.839e-06, 458, 2854, 324
0.00117609, 0.000393679, 0.000780424, 6.746e-06, 467, 3091, 162
0.00114885, 0.000366847, 0.000780069, 1.1336e-05, 473, 3090, 270
0.000730157, 0.000250448, 0.000477548, 6.304e-06, 468, 2940, 189
0.00128938, 0.000389038, 0.000897684, 1.1723e-05, 460, 3049, 243
0.00083036, 0.000249305, 0.00057854, 8.727e-06, 438, 2821, 270
0.00112152, 0.000396744, 0.000722891, 8.942e-06, 438, 2870, 189
0.000890375, 0.000259569, 0.000628178, 7.038e-06, 445, 2939, 189
0.000832709, 0.000243121, 0.000587094, 6.941e-06, 434, 2953, 189
0.00123994, 0.000372947, 0.000864895, 8.921e-06, 445, 2899, 189
0.0010634, 0.00037292, 0.000688722, 3.506e-06, 449, 3047, 81
0.000859663, 0.000251252, 0.000605434, 9.521e-06, 454, 2900, 270
0.000744766, 0.000264343, 0.000478064, 9.39e-06, 464, 2936, 270
0.00106702, 0.000354012, 0.000711104, 8.264e-06, 471, 3136, 216
0.000989347, 0.000269863, 0.000717302, 1.1361e-05, 458, 3117, 324
0.000785695, 0.000235753, 0.000548763, 4.664e-06, 459, 3133, 162
0.000825318, 0.000242003, 0.000579382, 8.89e-06, 476, 3076, 297
0.00076657, 0.000248249, 0.000513887, 4.269e-06, 472, 2984, 135
0.00112075, 0.000368456, 0.000750298, 9.284e-06, 462, 3072, 189
0.000847412, 0.000266361, 0.000579483, 5.085e-06, 462, 3130, 135
0.00116784, 0.000363137, 0.000802654, 1.3207e-05, 462, 2945, 351
0.000861053, 0.000250529, 0.000608408, 7.956e-06, 454, 3099, 243
0.000786896, 0.000253334, 0.000531223, 5.023e-06, 461, 2836, 135
0.000910871, 0.000271982, 0.000634518, 1.023e-05, 459, 2908, 297
0.00140571, 0.000406093, 0.000997899, 1.5407e-05, 470, 3327, 351
0.00112092, 0.000391975, 0.000726688, 1.218e-05, 466, 3157, 270
0.000948699, 0.000283905, 0.000658692, 4.19e-06, 462, 3203, 108
0.000935896, 0.00032129, 0.000612682, 8.727e-06, 460, 2773, 216
0.000910844, 0.000368216, 0.000540236, 8.472e-06, 472, 3143, 162
0.000942175, 0.000275316, 0.000664445, 6.807e-06, 476, 3184, 216
0.000744285, 0.000254082, 0.000488158, 6.708e-06, 479, 3044, 216
0.00111064, 0.000371598, 0.000737087, 1.0838e-05, 464, 2986, 243
0.00119441, 0.00039143, 0.000800754, 1.112e-05, 466, 2961, 243
0.000639855, 0.000229104, 0.000408381, 7.067e-06, 461, 2695, 216
0.000923778, 0.000282132, 0.000639718, 1.3278e-05, 471, 3369, 297
0.000892922, 0.000358336, 0.000532445, 4.814e-06, 466, 2866, 108
0.0007863, 0.000286149, 0.000496184, 5.974e-06, 464, 2973, 162
0.00094189, 0.000341458, 0.000598365, 1.1403e-05, 460, 2959, 270
0.0012418, 0.000392738, 0.000846627, 1.1205e-05, 470, 2940, 216
0.000732466, 0.000253858, 0.000474448, 4.626e-06, 457, 3114, 135
0.00108654, 0.000391727, 0.000692971, 1.1033e-05, 455, 2888, 243
0.000902461, 0.000276091, 0.000623914, 9.039e-06, 467, 3093, 243
0.00107, 0.00038352, 0.000684543, 9.76e-06, 461, 3068, 216
0.00106446, 0.000344406, 0.000717563, 1.1549e-05, 455, 3077, 297
0.000811925, 0.000261857, 0.000547985, 1.0737e-05, 470, 3041, 297
0.00120604, 0.00037364, 0.000830652, 9.661e-06, 465, 3045, 243
0.000888783, 0.000337814, 0.000548244, 7.544e-06, 460, 2961, 216
0.000743658, 0.000251186, 0.000489233, 8.068e-06, 457, 3140, 243
0.000468955, 0.00014367, 0.000323711, 5.26e-06, 454, 3030, 324
0.00121051, 0.00037331, 0.00083498, 9.784e-06, 455, 3113, 243
0.00086021, 0.000258664, 0.000597099, 9.26e-06, 451, 3060, 270
0.00115795, 0.000359395, 0.000796295, 1.2971e-05, 463, 3034, 297
0.000792886, 0.000263358, 0.000526833, 8.482e-06, 451, 3064, 243
0.000693745, 0.000268468, 0.00042233, 8.959e-06, 438, 2934, 324
0.000911648, 0.000282883, 0.000626064, 9.073e-06, 458, 3146, 297
0.000866418, 0.000258392, 0.000606402, 8.558e-06, 450, 3012, 270
0.000778347, 0.000262476, 0.000511574, 7.095e-06, 441, 2902, 216
0.00106775, 0.000354114, 0.000711441, 5.507e-06, 450, 2873, 135
0.00110674, 0.000367452, 0.000737121, 1.1447e-05, 458, 2993, 297
0.00109312, 0.000381281, 0.000709687, 6.024e-06, 452, 3103, 135
0.00107306, 0.000368425, 0.000702478, 3.892e-06, 460, 3180, 81
0.000721044, 0.000258513, 0.000460206, 6.676e-06, 456, 3093, 189
0.00105996, 0.000386399, 0.000671619, 9.742e-06, 452, 3024, 216
0.000755502, 0.000250535, 0.000501431, 7.705e-06, 457, 2836, 270
0.000739003, 0.000253307, 0.000483465, 7.557e-06, 463, 2917, 216
0.000731107, 0.000255058, 0.000461697, 5.333e-06, 456, 3020, 162
0.000722252, 0.000269464, 0.000448823, 8.419e-06, 453, 2988, 243
0.000966703, 0.000334862, 0.000629324, 6.396e-06, 442, 2863, 162
0.00109484, 0.000368157, 0.000724469, 1.0402e-05, 445, 2947, 216
0.00119799, 0.00036552, 0.000830962, 1.3849e-05, 436, 2914, 324
0.00104034, 0.000380237, 0.000657729, 7.777e-06, 446, 2940, 162
0.00119102, 0.000376305, 0.00081259, 1.1619e-05, 446, 2943, 243
0.000735745, 0.000240988, 0.000493138, 7.2e-06, 436, 2932, 216
0.000768149, 0.000275546, 0.00049046, 6.805e-06, 440, 2993, 216
0.000741199, 0.000253146, 0.00048325, 8.05e-06, 448, 2753, 243
0.000883534, 0.000256723, 0.000623906, 9.957e-06, 439, 2941, 297
0.000819395, 0.000291257, 0.000525623, 6.129e-06, 450, 2902, 189
0.000879533, 0.000364896, 0.000512551, 5.956e-06, 453, 2917, 135
0.000945074, 0.000344208, 0.000598461, 5.367e-06, 439, 2838, 108
0.000982528, 0.000335688, 0.000644046, 7.98e-06, 449, 2884, 189
0.000658696, 0.000237408, 0.000419357, 4.806e-06, 447, 2975, 162
0.000609827, 0.000237031, 0.00037148, 6.447e-06, 446, 2934, 189
0.000622203, 0.000255527, 0.000362908, 4.308e-06, 461, 2872, 108
0.00113754, 0.00038008, 0.000755389, 9.21e-06, 454, 3113, 216
0.00104157, 0.00038752, 0.000651409, 4.845e-06, 463, 3066, 108
0.00100706, 0.000389086, 0.000615932, 1.0769e-05, 450, 2826, 216
0.000733245, 0.000255245, 0.000474005, 5.99e-06, 445, 2965, 162
0.00070191, 0.0002384, 0.000461676, 4.009e-06, 446, 2848, 108
0.000749904, 0.000277172, 0.000470456, 5.711e-06, 440, 3027, 189
0.00121148, 0.000400557, 0.000808841, 9.907e-06, 447, 3151, 216
0.0013673, 0.000414918, 0.000950566, 1.36e-05, 454, 3191, 297
0.00109959, 0.000367824, 0.000730305, 9.056e-06, 457, 3036, 189
0.000731714, 0.000247962, 0.000482042, 8.44e-06, 458, 2935, 216
0.00088155, 0.000319081, 0.000558653, 1.2578e-05, 447, 2956, 324
0.000680822, 0.000244162, 0.000434672, 5.413e-06, 464, 2903, 162
0.000823074, 0.00027702, 0.000543938, 6.398e-06, 465, 2975, 216
0.000770888, 0.000250103, 0.000517812, 6.848e-06, 459, 2981, 216
0.00101903, 0.00036298, 0.000654176, 9.805e-06, 458, 3084, 216
0.000781188, 0.000256586, 0.000520459, 6.314e-06, 461, 3022, 189
0.000671856, 0.000237703, 0.000431975, 5.315e-06, 458, 2778, 162
0.000418659, 0.000157914, 0.000258808, 3.198e-06, 463, 3031, 162
0.00107026, 0.000375081, 0.000692983, 9.564e-06, 475, 3125, 243
0.00107481, 0.000400724, 0.000671886, 7.594e-06, 479, 3045, 162
0.00109031, 0.000377052, 0.000711322, 6.239e-06, 456, 2863, 135
0.000854075, 0.000262737, 0.000589706, 6.504e-06, 460, 3037, 189
0.000722963, 0.000268357, 0.000451962, 5.473e-06, 446, 3004, 162
0.000682936, 0.000243495, 0.000436191, 5.396e-06, 452, 3016, 162
0.00096416, 0.000262588, 0.000697268, 9.753e-06, 456, 3136, 243
0.0007542, 0.000230744, 0.000520362, 5.466e-06, 457, 2853, 189
0.000945491, 0.000288901, 0.000653975, 8.728e-06, 466, 3163, 270
0.00125937, 0.000399374, 0.000857699, 9.911e-06, 461, 3148, 216
0.000793674, 0.000264621, 0.000526952, 7.232e-06, 452, 3202, 216
0.00113245, 0.000396244, 0.000733398, 9.485e-06, 452, 3047, 189
0.00106516, 0.00035383, 0.000710108, 7.812e-06, 470, 3161, 162
0.00126831, 0.000396739, 0.000869774, 1.3934e-05, 452, 2985, 297
0.00117911, 0.00036596, 0.00081107, 1.1083e-05, 448, 3087, 243
0.00113635, 0.000378924, 0.000754369, 1.2582e-05, 463, 2983, 270
0.0010959, 0.000387326, 0.00070648, 1.097e-05, 459, 2928, 216
0.000973946, 0.000353242, 0.000618348, 1.0478e-05, 448, 2855, 216
0.000751388, 0.000260983, 0.0004882, 7.333e-06, 457, 2898, 216
0.000732867, 0.000259883, 0.000471025, 6.891e-06, 460, 2975, 216
0.00109728, 0.000390775, 0.000703413, 4.937e-06, 457, 2860, 108
0.00117562, 0.000384128, 0.000789933, 1.4034e-05, 456, 2999, 324
0.000892958, 0.000258187, 0.000631659, 9.138e-06, 458, 2964, 297
0.000655078, 0.000256121, 0.000396131, 4.455e-06, 446, 2822, 108
0.000719958, 0.000231355, 0.000486626, 1.0877e-05, 458, 2955, 351
0.00123663, 0.00039411, 0.000839561, 1.025e-05, 466, 3152, 243
0.000754835, 0.000243225, 0.000509129, 9.516e-06, 456, 2962, 324
0.00104958, 0.000373492, 0.000674082, 1.1198e-05, 460, 3150, 243
0.000759738, 0.000255924, 0.000500069, 9.199e-06, 459, 3039, 324
0.00104725, 0.000360581, 0.000684936, 1.2163e-05, 461, 2932, 270
0.00109151, 0.000366318, 0.000722241, 1.0218e-05, 477, 3003, 243
0.000786829, 0.000242032, 0.000542973, 1.1414e-05, 473, 3139, 378
0.0010723, 0.000377409, 0.000692669, 7.605e-06, 462, 2937, 162
0.000877979, 0.000257558, 0.000618119, 1.0181e-05, 468, 3023, 351
0.0009268, 0.000341606, 0.000582944, 6.065e-06, 463, 2844, 162
0.0191607, 0.000173467, 0.000378035, 6.161e-06, 445, 2979, 216
0.000957723, 0.000287797, 0.000665312, 1.0423e-05, 458, 2964, 243
0.000811089, 0.000323184, 0.000485685, 5.297e-06, 467, 2878, 162
0.000958158, 0.000328631, 0.000626774, 7.579e-06, 467, 2956, 189
0.00143775, 0.000496147, 0.000938491, 1.1445e-05, 466, 3061, 243
0.00101595, 0.000293684, 0.000719898, 1.0072e-05, 471, 3139, 297
0.000804236, 0.000270251, 0.000531803, 1.0881e-05, 461, 3034, 297
0.000942831, 0.000325373, 0.000615255, 8.546e-06, 428, 2765, 216
0.00135753, 0.000422745, 0.000931272, 1.1477e-05, 444, 2805, 216
0.00125942, 0.000415269, 0.000841906, 1.608e-05, 445, 2983, 378
0.000961033, 0.000315697, 0.000642833, 1.3092e-05, 436, 2819, 297
0.000913649, 0.000306277, 0.000605114, 8.588e-06, 447, 2854, 216
0.00112666, 0.000403322, 0.000721419, 8.394e-06, 435, 2728, 162
0.000848381, 0.000311919, 0.000532765, 1.0416e-05, 440, 3038, 270
0.0012682, 0.000383556, 0.00088163, 1.1604e-05, 437, 3046, 243
0.00101738, 0.000325197, 0.000689449, 1.1473e-05, 455, 3099, 324
0.00134585, 0.000471155, 0.000872997, 1.338e-05, 475, 3080, 270
0.00116397, 0.000426521, 0.000735029, 1.5056e-05, 475, 2924, 297
0.00107131, 0.000397889, 0.000671729, 7.815e-06, 466, 2940, 162
0.0198334, 0.00018084, 0.000346753, 5.407e-06, 476, 2956, 243
0.00112754, 0.000419758, 0.000705635, 1.3037e-05, 460, 2910, 324
0.00119828, 0.000394976, 0.000801462, 8.01e-06, 466, 3184, 162
0.000938868, 0.000282476, 0.000653982, 8.274e-06, 470, 3152, 243
0.0209774, 0.000207843, 0.000315443, 6.184e-06, 450, 3075, 270
0.0011511, 0.000369927, 0.000779357, 9.419e-06, 460, 3117, 189
0.000879682, 0.000272242, 0.000605197, 6.84e-06, 450, 2911, 162
0.000828916, 0.00030249, 0.000523583, 8.054e-06, 442, 2823, 189
0.00112452, 0.000398776, 0.000723299, 9.431e-06, 444, 2828, 189
0.00111485, 0.0004134, 0.000698718, 1.0676e-05, 449, 2986, 189
0.000780107, 0.000298107, 0.000479541, 9.479e-06, 440, 2829, 216
0.000936786, 0.000425974, 0.000508686, 7.551e-06, 449, 2978, 135
0.000942993, 0.000339671, 0.000602017, 6.362e-06, 450, 2735, 108
0.000771585, 0.000342797, 0.000424722, 5.802e-06, 446, 2840, 135
0.00106519, 0.000437195, 0.000626019, 1.1132e-05, 456, 2881, 216
0.00103316, 0.00042438, 0.000606026, 4.547e-06, 460, 3014, 81
0.000825583, 0.000312101, 0.00051072, 5.95e-06, 456, 2929, 135
0.00119002, 0.000408716, 0.000779599, 6.094e-06, 458, 3078, 108
0.00109772, 0.000420665, 0.00067504, 1.0028e-05, 458, 3093, 216
0.000772095, 0.000293011, 0.000476059, 9.069e-06, 458, 2986, 243
0.000890711, 0.000345669, 0.000541722, 6.2e-06, 460, 2816, 135
0.00102604, 0.000475529, 0.000547316, 5.988e-06, 460, 3009, 135
0.00129571, 0.000434826, 0.000859016, 8.861e-06, 457, 3174, 162
0.00111553, 0.000432618, 0.000681155, 1.3354e-05, 459, 3029, 270
0.00109535, 0.00044001, 0.000652524, 8.22e-06, 467, 3155, 162
0.00126833, 0.00043666, 0.000830129, 1.2567e-05, 460, 3091, 270
0.00118117, 0.00042667, 0.000752496, 8.914e-06, 448, 3087, 162
0.000847246, 0.000308717, 0.000536218, 6.183e-06, 459, 3088, 162
0.000802789, 0.000308918, 0.000490416, 7.311e-06, 465, 2911, 189
0.000776908, 0.000284247, 0.000489969, 7.607e-06, 454, 3132, 216
0.00106493, 0.00042818, 0.000633655, 5.983e-06, 468, 3108, 108
0.00109013, 0.000416523, 0.0006692, 1.0643e-05, 463, 2889, 216
0.00122219, 0.00046979, 0.000750646, 9.13e-06, 469, 3094, 162
0.00100534, 0.000461612, 0.00054104, 6.81e-06, 462, 3085, 162
0.000529473, 0.000170335, 0.000357009, 5.503e-06, 458, 3035, 243
0.000945329, 0.000319244, 0.000623884, 8.356e-06, 465, 2985, 189
0.000988051, 0.000283719, 0.000701938, 9.779e-06, 467, 3083, 297
0.00104875, 0.00045353, 0.000593239, 4.161e-06, 469, 3065, 81
0.00116684, 0.000437146, 0.000727643, 1.1017e-05, 463, 2979, 216
0.00071359, 0.000282475, 0.000427375, 6.446e-06, 452, 3062, 162
0.000990654, 0.000412119, 0.000576002, 5.04e-06, 453, 3044, 108
0.000609351, 0.000153747, 0.000454313, 2.788e-06, 453, 2949, 135
0.000759096, 0.000301082, 0.000455555, 6.637e-06, 454, 3021, 189
0.000436772, 0.000164277, 0.000270802, 3.663e-06, 446, 2940, 162
0.0012398, 0.000436918, 0.000799745, 7.22e-06, 458, 3042, 135
0.00112785, 0.000450906, 0.00067476, 3.475e-06, 456, 3054, 54
0.0186854, 0.00018667, 0.000312929, 5.082e-06, 452, 3015, 270
0.000911308, 0.000342969, 0.00056421, 9.922e-06, 458, 3011, 270
0.000959313, 0.000314221, 0.000642723, 5.49e-06, 456, 3139, 108
0.00154333, 0.000477535, 0.00106353, 1.5842e-05, 459, 2960, 297
0.00135462, 0.000452601, 0.000899008, 1.3152e-05, 457, 2875, 243
0.000916618, 0.000291177, 0.000623348, 1.1125e-05, 459, 3037, 351
0.00107636, 0.000382379, 0.000691702, 6.926e-06, 460, 2740, 162
0.000957595, 0.000399498, 0.000555123, 6.087e-06, 461, 3004, 135
0.00129224, 0.000436032, 0.00085371, 1.3368e-05, 451, 2791, 270
0.000748479, 0.000251546, 0.000495512, 5.072e-06, 460, 2948, 162
0.000723932, 0.000272792, 0.000449014, 6.142e-06, 474, 3155, 162
0.000785888, 0.000293286, 0.000490436, 3.005e-06, 465, 2967, 81
0.000803611, 0.000261212, 0.000540166, 9.498e-06, 476, 2982, 297
0.000997475, 0.000393, 0.000602277, 5.843e-06, 459, 3063, 108
0.000670389, 0.000248782, 0.000419155, 5.805e-06, 451, 3028, 189
0.000671492, 0.00029035, 0.000379368, 3.121e-06, 450, 2927, 81
0.0205091, 0.000160211, 0.000301252, 5.552e-06, 454, 2932, 270
0.000718326, 0.000280557, 0.000435788, 7.456e-06, 464, 2896, 243
0.00109013, 0.000368438, 0.000719997, 7.331e-06, 450, 2935, 189
0.00100342, 0.000339745, 0.000661931, 7.409e-06, 448, 3119, 189
0.0595993, 0.000163853, 0.000343471, 5.725e-06, 443, 3124, 270
0.000692587, 0.000246552, 0.000443544, 6.362e-06, 449, 2818, 162
0.0010372, 0.000385495, 0.000650195, 8.629e-06, 453, 3081, 189
0.000807473, 0.000269084, 0.000536309, 7.457e-06, 458, 3009, 243
0.0252197, 0.000182392, 0.000280978, 2.766e-06, 450, 2989, 108
0.00109226, 0.000374003, 0.000715979, 5.475e-06, 452, 3008, 135
0.000690506, 0.000258968, 0.000429282, 5.999e-06, 440, 2848, 162
0.00116742, 0.000365655, 0.000799977, 1.0021e-05, 449, 3239, 243
0.0609396, 0.000160548, 0.000367638, 3.977e-06, 438, 3218, 162
0.000866746, 0.000292966, 0.00057145, 7.646e-06, 437, 2811, 216
0.00102806, 0.000411361, 0.000614577, 8.402e-06, 424, 3112, 243
0.000858319, 0.000258029, 0.000596389, 8.591e-06, 411, 2725, 297
0.00116963, 0.00034783, 0.000820229, 1.0498e-05, 418, 2836, 243
0.0647007, 0.000147653, 0.000286674, 1.452e-06, 415, 2781, 54
0.000777296, 0.000247677, 0.000527414, 8.333e-06, 408, 2779, 270
0.000740137, 0.000233588, 0.00050266, 6.68e-06, 414, 2702, 162
0.00102915, 0.000334153, 0.00069306, 7.273e-06, 416, 2853, 162
0.000767169, 0.000253627, 0.000511818, 2.131e-06, 412, 2848, 54
0.00103954, 0.000347688, 0.000689571, 5.853e-06, 415, 2754, 108
0.000693977, 0.000227445, 0.000464853, 5.857e-06, 409, 2686, 189
0.000622882, 0.000213675, 0.000406858, 8.468e-06, 405, 2632, 243
0.000628043, 0.000236603, 0.000389347, 3.668e-06, 413, 2801, 108
0.000894875, 0.000321943, 0.000570853, 6.573e-06, 413, 2808, 135
0.000633039, 0.000237872, 0.000392614, 2.838e-06, 403, 2762, 81
0.000587603, 0.000231602, 0.000353803, 5.389e-06, 412, 2888, 162
0.000933765, 0.000327119, 0.000604963, 5.37e-06, 412, 2876, 108
0.00092375, 0.000351855, 0.000569635, 8.549e-06, 420, 2833, 162
0.000950427, 0.000335513, 0.000612382, 1.3082e-05, 413, 2724, 297
0.000620954, 0.000225094, 0.000391896, 4.296e-06, 403, 2641, 108
0.000798925, 0.000310669, 0.000485648, 2.441e-06, 419, 2766, 54
0.000616986, 0.000233773, 0.000381352, 3.221e-06, 404, 2933, 81
0.00054479, 0.000209955, 0.000331998, 6.495e-06, 414, 2552, 189
0.000886106, 0.000340149, 0.000544445, 6.557e-06, 413, 2992, 162
0.000994228, 0.00036361, 0.000627908, 5.643e-06, 411, 2986, 108
0.000641564, 0.000228185, 0.000410901, 6.497e-06, 405, 2630, 189
0.000603595, 0.000212621, 0.000388607, 2.965e-06, 408, 2591, 81
0.000867656, 0.000344014, 0.000521643, 3.786e-06, 420, 2992, 81
0.00053544, 0.000226283, 0.000307036, 4.68e-06, 411, 2504, 135
0.000795584, 0.000296352, 0.000495825, 3.442e-06, 401, 2523, 81
0.000845199, 0.000350245, 0.000492339, 7.285e-06, 408, 2771, 162
0.000580444, 0.000227171, 0.000349939, 3.706e-06, 413, 2936, 108
0.0008779, 0.000321899, 0.000554376, 4.356e-06, 408, 2712, 108
0.000766648, 0.00030982, 0.000454474, 2.315e-06, 403, 2714, 54
0.000574989, 0.000250295, 0.000322567, 3.955e-06, 416, 2908, 108
0.000819469, 0.000319593, 0.000498294, 7.309e-06, 408, 2672, 162
0.000711576, 0.000321838, 0.000386962, 4.506e-06, 402, 2619, 81
0.000605093, 0.000238591, 0.00036449, 7.409e-06, 419, 2831, 216
0.000843791, 0.000326492, 0.00051577, 4.22e-06, 403, 2786, 81
0.000873757, 0.000343312, 0.000528829, 5.234e-06, 406, 2847, 108
0.000820202, 0.000335452, 0.000482208, 1.872e-06, 417, 2845, 27
0.000510014, 0.000209463, 0.000298202, 4.399e-06, 405, 2667, 135
0.000839763, 0.00034589, 0.000491696, 6.01e-06, 409, 2896, 135
0.000503839, 0.000238364, 0.000263881, 1.28e-06, 405, 2725, 27
0.000898677, 0.000361549, 0.000535161, 5.378e-06, 421, 2862, 108
0.000581025, 0.000251932, 0.000326746, 5.697e-06, 413, 2896, 162
0.000789577, 0.000331885, 0.000455323, 2.82e-06, 414, 2741, 54
0.000512901, 0.000235383, 0.000274843, 3.134e-06, 411, 2760, 81
0.000755008, 0.000321945, 0.000431033, 3.928e-06, 414, 2716, 81
0.000531951, 0.000229005, 0.000301027, 5.276e-06, 403, 2767, 162
0.000572814, 0.000230466, 0.000340269, 2.699e-06, 415, 2794, 81
0.000837661, 0.000352791, 0.000482217, 2.71e-06, 410, 3021, 54
0.000865464, 0.000360471, 0.000502371, 0, 414, 2919, 0
0.00087237, 0.000369544, 0.000500881, 2.561e-06, 411, 3085, 54
0.000564571, 0.000231891, 0.000330782, 1.23e-06, 417, 2887, 27
0.000911609, 0.000401714, 0.0005071, 3.121e-06, 411, 2899, 54
0.000897044, 0.000403393, 0.000491332, 6.559e-06, 416, 2881, 108
0.000980982, 0.000282371, 0.000696708, 3.209e-06, 416, 2729, 54
0.000989506, 0.000401019, 0.000585799, 4.448e-06, 406, 2868, 81
0.000861946, 0.000404671, 0.000454569, 7.485e-06, 405, 2693, 135
0.00102938, 0.000382586, 0.000645086, 7.785e-06, 400, 2828, 135
0.0219996, 0.00016171, 0.000244448, 1.762e-06, 404, 2640, 54
0.000936297, 0.000410644, 0.000522431, 6.338e-06, 392, 2813, 108
0.000864157, 0.000357509, 0.000503979, 5.387e-06, 379, 2760, 108
0.000740238, 0.000233767, 0.0005041, 6.199e-06, 374, 2520, 162
0.000637402, 0.000240576, 0.000394717, 1.16e-06, 374, 2443, 27
0.000582654, 0.000205717, 0.000374527, 5.347e-06, 374, 2266, 135
0.000695875, 0.000245142, 0.000447336, 8.331e-06, 372, 2445, 216
0.000778, 0.000322417, 0.000453061, 4.755e-06, 366, 2635, 81
0.000642413, 0.000253008, 0.000386758, 1.249e-06, 373, 2638, 27
0.0011406, 0.000412084, 0.000722725, 7.817e-06, 379, 2945, 135
0.000515516, 0.000134294, 0.000379781, 1.724e-06, 366, 2378, 54
0.000879489, 0.000299282, 0.000577217, 5.837e-06, 378, 2766, 135
0.000955542, 0.000292371, 0.000660569, 6.343e-06, 372, 2461, 162
0.00108675, 0.000352564, 0.000732316, 1.473e-05, 377, 2591, 324
0.00093008, 0.000343667, 0.000584365, 8.835e-06, 372, 2650, 162
0.000809038, 0.000338943, 0.000468023, 3.572e-06, 375, 2452, 54
0.000840688, 0.000346843, 0.000491361, 4.121e-06, 372, 2501, 81
0.000894576, 0.000383535, 0.000508709, 3.433e-06, 378, 2868, 54
0.000646809, 0.000230954, 0.000413108, 7.944e-06, 375, 2274, 189
0.000871295, 0.000328135, 0.000540311, 8.636e-06, 365, 2494, 162
0.00119385, 0.000413817, 0.000777958, 6.112e-06, 377, 2864, 108
0.000720811, 0.000284709, 0.00043379, 5.79e-06, 371, 2434, 108
0.000930263, 0.000331554, 0.000596448, 4.269e-06, 383, 2605, 81
0.000626766, 0.000224638, 0.000398745, 7.274e-06, 366, 2400, 189
0.000723961, 0.000252688, 0.000469214, 6.452e-06, 374, 2717, 162
0.000541886, 0.000218963, 0.000320788, 5.722e-06, 384, 2359, 162
0.000616466, 0.000286652, 0.00032745, 0, 377, 2738, 0
0.000756413, 0.000253595, 0.000500141, 6.848e-06, 374, 2624, 135
0.000835635, 0.000343843, 0.000490228, 3.442e-06, 376, 2686, 54
0.000937575, 0.000353094, 0.00058198, 6.161e-06, 379, 2718, 108
0.000824479, 0.000350505, 0.0004722, 5.624e-06, 385, 2703, 108
0.00096154, 0.000337533, 0.000622623, 6.53e-06, 378, 2596, 135
0.000566046, 0.000235613, 0.000327723, 5.607e-06, 372, 2437, 135
0.000760816, 0.000345241, 0.000413313, 4.656e-06, 382, 2653, 81
0.000770466, 0.000336595, 0.000431733, 3.946e-06, 372, 2508, 81
0.000602018, 0.000265152, 0.000335396, 2.43e-06, 373, 2299, 54
0.000697587, 0.000257379, 0.000437312, 5.029e-06, 379, 2839, 108
0.000753502, 0.000382476, 0.000368617, 2.974e-06, 376, 2622, 54
0.000715484, 0.000276106, 0.000437307, 7.476e-06, 376, 2734, 189
0.00077133, 0.00036385, 0.000405862, 3.351e-06, 375, 2702, 54
0.000738205, 0.000336116, 0.000398933, 4.193e-06, 373, 2570, 81
0.000722088, 0.000321916, 0.000397801, 1.691e-06, 374, 2359, 27
0.000494866, 0.000217296, 0.000275249, 3.963e-06, 367, 2626, 108
0.000642508, 0.000274194, 0.000365763, 3.687e-06, 379, 2766, 81
0.000610595, 0.000237387, 0.000370385, 6.513e-06, 379, 2465, 162
0.000670801, 0.000256891, 0.000411166, 4.73e-06, 369, 2634, 81
0.000831378, 0.000377177, 0.000451074, 5.291e-06, 375, 2548, 81
0.000893939, 0.000359326, 0.000529114, 7.049e-06, 385, 2550, 135
0.000610176, 0.000290141, 0.000317547, 3.685e-06, 376, 2813, 81
0.000875702, 0.00023297, 0.000640217, 2.895e-06, 376, 2568, 54
0.000600313, 0.000271629, 0.000326679, 4.367e-06, 369, 2593, 81
0.000597728, 0.000249375, 0.000344102, 4.471e-06, 383, 2572, 108
0.00103035, 0.000339736, 0.000688401, 5.963e-06, 374, 2338, 108
0.000601103, 0.00024053, 0.000358154, 6.569e-06, 362, 2331, 162
0.000834289, 0.000314783, 0.000517158, 5.829e-06, 372, 2525, 135
0.00081981, 0.000258441, 0.000559304, 4.37e-06, 364, 2343, 108
0.000993251, 0.000346711, 0.000644782, 5.791e-06, 363, 2422, 81
0.000727101, 0.000318462, 0.000406551, 5.229e-06, 379, 2556, 162
0.000635892, 0.00024437, 0.000389242, 7.181e-06, 386, 2383, 189
0.000606866, 0.000282783, 0.000321938, 2.282e-06, 382, 2694, 54
0.000851368, 0.000405324, 0.000443033, 1.316e-06, 405, 2639, 27
0.000584715, 0.000244663, 0.000338047, 3.489e-06, 420, 2784, 108
0.000707841, 0.000260781, 0.000444411, 6.519e-06, 407, 2732, 162
0.00107009, 0.000462122, 0.000605407, 3.749e-06, 416, 2843, 54
0.000575901, 0.000251973, 0.00032134, 3.767e-06, 403, 2652, 81
0.000694203, 0.000248358, 0.000443949, 3.137e-06, 402, 2745, 81
0.02264, 0.000163348, 0.000274853, 4.926e-06, 399, 2690, 189
0.00110772, 0.000394923, 0.00071049, 8.475e-06, 416, 2744, 135
0.00101061, 0.000394968, 0.000613877, 3.363e-06, 413, 2712, 54
0.000866624, 0.000423605, 0.000441164, 8.048e-06, 423, 2883, 162
0.0668514, 0.000198752, 0.000335449, 4.542e-06, 432, 2878, 189
0.000705242, 0.000255918, 0.000444939, 3.478e-06, 426, 2842, 81
0.000746562, 0.000309718, 0.000434804, 4.122e-06, 443, 2837, 81
0.000568485, 0.000231627, 0.000334669, 6.447e-06, 438, 2963, 243
0.0251808, 0.000248096, 0.00037559, 4.737e-06, 424, 2787, 162
0.00110694, 0.000439534, 0.000665491, 1.3531e-05, 455, 3174, 270
0.000967687, 0.000449862, 0.000515708, 7.833e-06, 463, 3082, 162
0.000784288, 0.000316143, 0.000465426, 6.743e-06, 438, 3046, 135
0.0216876, 0.000166918, 0.000228577, 3.963e-06, 441, 2951, 189
0.000709326, 0.000295237, 0.000411509, 5.652e-06, 437, 3089, 135
0.000967874, 0.000408812, 0.000556294, 8.084e-06, 442, 2990, 162
0.000797069, 0.000377786, 0.000416074, 6.318e-06, 454, 2924, 135
0.0249642, 0.000232221, 0.000290667, 2.386e-06, 438, 3022, 81
0.000676571, 0.000299683, 0.000371582, 1.0027e-05, 423, 2635, 270
0.000674835, 0.000264604, 0.00040806, 4.934e-06, 439, 2999, 135
0.000767972, 0.000252883, 0.000514007, 3.855e-06, 426, 2932, 108
0.0268879, 0.00018656, 0.000459327, 6.839e-06, 438, 3294, 243
0.000904748, 0.000340609, 0.000562598, 9.372e-06, 404, 2652, 243
0.00102681, 0.00039965, 0.000624488, 8.225e-06, 405, 2747, 162
0.000947576, 0.00030553, 0.000639015, 9.39e-06, 417, 2707, 216
0.023256, 0.000153943, 0.000303033, 3.135e-06, 408, 2701, 135
0.000856469, 0.000403033, 0.000450626, 7.736e-06, 404, 2700, 189
0.000864432, 0.00026531, 0.000596465, 7.037e-06, 392, 2830, 189
0.000696574, 0.000264529, 0.000429833, 4.089e-06, 384, 2623, 108
0.0224805, 0.000144468, 0.000260456, 6.71e-06, 388, 2627, 270
0.000785028, 0.000289655, 0.000493662, 1.342e-06, 395, 2896, 27
0.000994786, 0.000395288, 0.000597849, 6.156e-06, 379, 2635, 108
0.00105912, 0.000362495, 0.000693804, 9.249e-06, 388, 2508, 162
0.000814301, 0.000331813, 0.000479287, 6.117e-06, 387, 2788, 135
0.000685436, 0.000244341, 0.00043631, 8.115e-06, 381, 2509, 216
0.00080349, 0.000310207, 0.000490746, 4.448e-06, 383, 2530, 81
0.000912888, 0.000400191, 0.000510797, 1.0971e-05, 382, 2731, 189
0.000843406, 0.000453002, 0.000387077, 2.499e-06, 382, 2621, 54
0.000568837, 0.000259478, 0.000305042, 4.773e-06, 381, 2667, 108
0.0004211, 0.00016069, 0.000256747, 4.448e-06, 389, 2578, 162
0.000976832, 0.000362014, 0.000612703, 3.666e-06, 393, 2517, 81
0.000611185, 0.000251492, 0.000357106, 2.852e-06, 385, 2652, 54
0.000893603, 0.000389421, 0.00050064, 7.276e-06, 392, 2627, 135
0.000716608, 0.000295732, 0.000418161, 3.453e-06, 379, 2758, 54
0.000663339, 0.000273795, 0.000386526, 1.476e-06, 377, 2433, 27
0.000971083, 0.000374418, 0.000593986, 4.315e-06, 387, 2761, 108
0.000779783, 0.000293936, 0.000482253, 3.788e-06, 383, 2654, 81
0.000630623, 0.000247053, 0.000380825, 5.919e-06, 374, 2428, 135
0.00086509, 0.000394002, 0.00046825, 4.668e-06, 383, 2653, 81
0.000891637, 0.000388995, 0.000500948, 5.122e-06, 381, 2738, 108
0.00103177, 0.000405234, 0.000623674, 9.197e-06, 385, 2619, 162
0.000755507, 0.000338066, 0.000412241, 5.391e-06, 393, 2480, 108
0.000872031, 0.000387173, 0.000482398, 4.864e-06, 382, 2455, 81
0.000862048, 0.000324773, 0.000535009, 3.499e-06, 385, 2569, 54
0.000539623, 0.000232605, 0.000303032, 2.741e-06, 379, 2424, 54
0.000686214, 0.000300604, 0.000383446, 2.489e-06, 390, 2694, 54
0.000793289, 0.000362242, 0.000429161, 4.32e-06, 392, 2524, 81
0.000617217, 0.000281419, 0.000334085, 4.027e-06, 375, 2347, 108
0.000821387, 0.000357703, 0.000462032, 3.638e-06, 395, 2393, 54
0.000763838, 0.000333216, 0.000427421, 5.81e-06, 389, 2261, 108
0.000960687, 0.000515178, 0.000442792, 5.329e-06, 385, 2765, 108
0.000338595, 0.000172581, 0.000164849, 1.892e-06, 389, 2469, 81
0.000530194, 0.00025111, 0.000276763, 1.467e-06, 384, 2453, 27
0.000648866, 0.000263387, 0.000382526, 6.572e-06, 380, 2803, 162
0.000619002, 0.000288141, 0.000327479, 1.748e-06, 392, 2715, 27
0.000518761, 0.000242837, 0.000273499, 1.366e-06, 380, 2295, 27
0.000614907, 0.000327446, 0.000284885, 1.424e-06, 391, 2779, 27
0.000698579, 0.00029772, 0.000398148, 3.522e-06, 398, 2508, 81
0.000645609, 0.000359439, 0.000283218, 2.851e-06, 391, 2508, 54
0.00053997, 0.000283163, 0.000253922, 2.535e-06, 393, 2682, 54
0.000949627, 0.000395434, 0.000552167, 3.31e-06, 387, 2650, 54
0.000870302, 0.000375393, 0.000492366, 2.861e-06, 385, 2540, 54
0.000823021, 0.0003835, 0.000432971, 1.56e-06, 391, 2778, 27
0.000836806, 0.000389716, 0.000444295, 1.897e-06, 377, 2566, 27
0.000605328, 0.000296629, 0.000306528, 1.387e-06, 384, 2568, 27
0.000645881, 0.000328775, 0.000315504, 3.744e-06, 395, 2774, 81
0.000797527, 0.000344603, 0.000450856, 2.804e-06, 387, 2828, 54
0.000804513, 0.000351816, 0.000450414, 3.152e-06, 385, 2545, 54
0.000532573, 0.000258646, 0.000271773, 2.164e-06, 379, 2706, 54
0.000865416, 0.000354468, 0.000507807, 4.506e-06, 372, 2475, 81
0.000712858, 0.000334996, 0.000375995, 4.438e-06, 385, 2643, 81
0.000782224, 0.000336314, 0.000442999, 3.026e-06, 380, 2690, 54
0.000567787, 0.00024842, 0.000316873, 1.917e-06, 384, 2540, 27
0.000615627, 0.000318545, 0.000294564, 3.05e-06, 380, 2693, 81
0.000819202, 0.000364334, 0.000452554, 4.289e-06, 384, 2631, 81
0.000578767, 0.000301913, 0.000273795, 4.538e-06, 392, 2439, 108
0.000811235, 0.000370945, 0.000438402, 3.163e-06, 392, 2592, 54
0.000936548, 0.000402636, 0.000531823, 0, 387, 2623, 0
0.000587232, 0.000287707, 0.000296704, 0, 383, 2812, 0
0.000910652, 0.000430042, 0.000478521, 3.47e-06, 379, 2833, 54
0.000327507, 0.000156664, 0.000169578, 1.647e-06, 395, 2741, 54
0.000846619, 0.000385379, 0.000458309, 1.819e-06, 389, 2584, 27
0.000844163, 0.000407124, 0.000434416, 3.12e-06, 377, 2624, 54
0.00087602, 0.000404941, 0.000468372, 5.051e-06, 394, 2641, 81
0.000429918, 0.000204238, 0.000223835, 2.299e-06, 388, 2636, 81
0.000468167, 0.000229219, 0.000235633, 2.306e-06, 377, 2665, 54
0.000676725, 0.00034548, 0.000328582, 2.973e-06, 391, 2649, 54
0.000693998, 0.000318604, 0.000372725, 1.664e-06, 385, 2634, 27
0.000690486, 0.000322881, 0.000364844, 0, 379, 2551, 0
0.000487843, 0.000227525, 0.000257755, 0, 386, 2561, 0
0.000740595, 0.000326206, 0.000411862, 4.968e-06, 384, 2717, 81
0.00079511, 0.0003249, 0.000468229, 1.861e-06, 386, 2831, 27
0.000463694, 0.000225339, 0.000236259, 1.307e-06, 392, 2603, 27
0.00064866, 0.000296587, 0.000349698, 2.817e-06, 389, 2431, 54
0.000632064, 0.000323868, 0.000304571, 1.595e-06, 391, 2634, 27
0.000509338, 0.000224665, 0.000282216, 1.59e-06, 385, 2407, 27
0.000434946, 0.000224333, 0.000206903, 1.18e-06, 392, 2599, 27
0.000659513, 0.00031213, 0.000345435, 1.645e-06, 386, 2651, 27
0.000640721, 0.000298174, 0.000340519, 1.548e-06, 377, 2422, 27
0.000476451, 0.000225125, 0.000248918, 2.543e-06, 388, 2780, 54
0.000693744, 0.000330132, 0.000361236, 1.781e-06, 388, 2563, 27
0.000439326, 0.000207109, 0.000230093, 2.014e-06, 374, 2388, 54
0.000756971, 0.00032607, 0.000429351, 2.572e-06, 391, 2626, 54
0.000635563, 0.000303186, 0.000330137, 3.523e-06, 383, 2662, 81
0.000750992, 0.000317465, 0.000430946, 5.42e-06, 378, 2706, 27
0.000479913, 0.000220474, 0.000257367, 2.112e-06, 387, 2580, 54
0.000449634, 0.000240075, 0.000205374, 1.984e-06, 379, 2475, 54
0.000592704, 0.000291428, 0.000299388, 0, 389, 2454, 0
0.000468285, 0.000216615, 0.000247716, 1.876e-06, 387, 2540, 54
0.000428099, 0.000224625, 0.000200967, 2.322e-06, 380, 2626, 54
0.00071081, 0.000318351, 0.000389966, 0, 391, 2523, 0
0.000682578, 0.000326226, 0.000353921, 2.704e-06, 381, 2580, 54
0.000633469, 0.00030988, 0.000321447, 0, 386, 2477, 0
0.000722275, 0.000327453, 0.000392929, 3.666e-06, 383, 2739, 81
0.000680509, 0.000310811, 0.000367372, 2.54e-06, 387, 2596, 54
0.000683421, 0.000327627, 0.000353412, 1.645e-06, 393, 2473, 27
0.000430709, 0.000230498, 0.000198529, 2.809e-06, 389, 2632, 54
0.000498941, 0.000230419, 0.00026396, 2.84e-06, 387, 2771, 81
0.000447104, 0.000212299, 0.000233858, 9.17e-07, 381, 2514, 27
0.000485829, 0.000227543, 0.00025605, 2.293e-06, 388, 2561, 54
0.00072884, 0.000344074, 0.000382691, 1.269e-06, 389, 2730, 27
0.000550805, 0.000279064, 0.000269584, 3.865e-06, 383, 2770, 108
0.000412537, 0.000223076, 0.000186619, 1.159e-06, 389, 2531, 27
0.000507934, 0.000225131, 0.000280799, 2.936e-06, 380, 2548, 81
0.000741683, 0.000352676, 0.000386297, 4.956e-06, 382, 2530, 81
0.000632699, 0.000360567, 0.000269856, 3.183e-06, 387, 2704, 81
0.000430941, 0.000207916, 0.000218719, 1.142e-06, 385, 2704, 27
0.000691422, 0.000313622, 0.000375545, 1.524e-06, 381, 2629, 27
0.000477107, 0.000226329, 0.000249029, 1.319e-06, 387, 2740, 27
0.000465292, 0.000230902, 0.000230088, 1.178e-06, 392, 2593, 27
0.00041119, 0.000207268, 0.000202167, 2.432e-06, 382, 2586, 54
0.000623364, 0.000305275, 0.000315496, 4.002e-06, 390, 2425, 81
0.000441271, 0.000232474, 0.000204775, 4.206e-06, 391, 2540, 108
0.000518937, 0.000221634, 0.000294808, 2.556e-06, 386, 2681, 54
0.000449518, 0.00023338, 0.000213523, 0, 382, 2652, 0
0.000466203, 0.000232524, 0.000231895, 2.546e-06, 380, 2603, 54
0.000656515, 0.000293037, 0.000361767, 0, 396, 2491, 0
0.0006785, 0.000348429, 0.000327775, 0, 386, 2795, 0
0.000509899, 0.000242358, 0.000265445, 1.393e-06, 391, 2725, 27
0.00046631, 0.000229217, 0.000232837, 0, 387, 2599, 0
0.000408607, 0.000191239, 0.000215678, 1.18e-06, 375, 2349, 27
0.000462867, 0.000216019, 0.000242681, 2.051e-06, 390, 2558, 54
0.000441615, 0.000229593, 0.000207784, 0, 389, 2580, 0
0.000693821, 0.000333597, 0.000357501, 0, 380, 2602, 0
0.000608471, 0.000348228, 0.00025734, 1.909e-06, 380, 2792, 27
0.00073824, 0.000346686, 0.000389451, 4.071e-06, 391, 2793, 81
0.000449127, 0.000213708, 0.000232931, 1.424e-06, 385, 2537, 27
0.000439012, 0.000249115, 0.000186841, 1.339e-06, 391, 2598, 27
0.000406177, 0.000218637, 0.000185367, 1.164e-06, 389, 2392, 27
0.000701426, 0.000309509, 0.000389652, 5.309e-06, 382, 2608, 108
0.000417314, 0.000214825, 0.000198955, 1.289e-06, 379, 2589, 27
0.000427784, 0.000210778, 0.000215136, 2.416e-06, 385, 2668, 54
0.000407231, 0.00021439, 0.000191406, 1.291e-06, 389, 2401, 27
0.000442301, 0.000215933, 0.000221861, 1.41e-06, 385, 2589, 27
0.000719769, 0.000340321, 0.000377429, 2.677e-06, 391, 2680, 54
0.000446361, 0.000224277, 0.000219227, 0, 392, 2695, 0
0.000455244, 0.000250523, 0.000201426, 1.549e-06, 378, 2489, 27
0.000675296, 0.000319138, 0.000353584, 2.338e-06, 387, 2509, 54
0.000417023, 0.000210385, 0.000203947, 2.046e-06, 388, 2572, 54
0.000543694, 0.000228642, 0.000310849, 2.028e-06, 371, 2569, 54
0.000463136, 0.000244936, 0.000215437, 0, 386, 2722, 0
0.000607312, 0.000353588, 0.000251699, 2.857e-06, 381, 2781, 81
0.000454683, 0.00021945, 0.000232653, 0, 391, 2613, 0
0.000635902, 0.000327889, 0.000306548, 1.617e-06, 387, 2717, 27
0.00076803, 0.000344485, 0.000420823, 2.661e-06, 388, 2905, 54
0.000626473, 0.00031221, 0.000312626, 0, 384, 2648, 0
0.000648399, 0.000309438, 0.000336855, 1.534e-06, 390, 2557, 27
0.000426546, 0.000223027, 0.00020159, 1.211e-06, 387, 2458, 27
0.00061097, 0.00029248, 0.000316363, 1.831e-06, 388, 2506, 27
0.000687628, 0.000323588, 0.000361966, 2.793e-06, 377, 2631, 54
0.000459593, 0.000229039, 0.000228165, 2.851e-06, 389, 2640, 54
0.000426678, 0.000227478, 0.000194983, 4.22e-06, 393, 2550, 108
0.000626517, 0.000258618, 0.000364409, 0, 378, 2700, 0
0.000418532, 0.000220165, 0.000196841, 2.157e-06, 391, 2802, 54
0.000430652, 0.000231149, 0.000197417, 1.212e-06, 386, 2498, 27
0.000701017, 0.000329257, 0.000369663, 3.757e-06, 380, 2469, 81
0.000658778, 0.000329453, 0.000327477, 2.709e-06, 388, 2723, 54
0.000605125, 0.00029419, 0.000308858, 1.714e-06, 388, 2329, 27
0.000465374, 0.000245722, 0.0002165, 1.43e-06, 391, 2656, 27
0.000408642, 0.000221646, 0.00018433, 0, 385, 2514, 0
0.000361066, 0.000190476, 0.000167971, 2.573e-06, 391, 2303, 81
0.000432979, 0.000220441, 0.000209831, 3.588e-06, 386, 2740, 108
0.000470375, 0.000245438, 0.000220872, 2.044e-06, 387, 2715, 54
0.000426283, 0.000214039, 0.000209971, 2.409e-06, 389, 2763, 54
0.000832476, 0.00034697, 0.000483086, 1.609e-06, 388, 2643, 27
0.000521571, 0.000206437, 0.000311362, 6.512e-06, 382, 2503, 189
0.000602274, 0.000229874, 0.00036941, 2.649e-06, 393, 2573, 81
0.000696052, 0.000305877, 0.000388375, 2.614e-06, 384, 2537, 54
0.0229918, 0.000129282, 0.000209112, 3.476e-06, 404, 2654, 189
0.000874399, 0.00032357, 0.000548979, 5.957e-06, 416, 2699, 135
0.000600995, 0.000231937, 0.000364219, 1.0942e-05, 406, 2701, 351
0.000470094, 0.000203493, 0.00026519, 4.224e-06, 407, 2703, 135
0.000513296, 0.000223007, 0.000288545, 3.877e-06, 414, 2717, 108
0.000581156, 0.00023782, 0.000341192, 6.836e-06, 420, 2599, 189
0.000791161, 0.000340968, 0.000448538, 5.975e-06, 406, 2766, 135
0.000540342, 0.000237033, 0.000301267, 3.942e-06, 412, 2678, 108
0.0211983, 0.000142154, 0.000210243, 3.494e-06, 406, 2855, 135
0.000835688, 0.000369065, 0.000464779, 3.908e-06, 435, 2884, 81
0.0005847, 0.000227218, 0.00035514, 2.974e-06, 439, 2626, 81
0.0217871, 0.000141471, 0.000199771, 2.153e-06, 448, 2875, 108
0.000633348, 0.00022606, 0.000404757, 4.132e-06, 441, 2752, 108
0.000879183, 0.000390484, 0.000486609, 4.097e-06, 445, 2890, 81
0.0005537, 0.000285695, 0.000265388, 5.519e-06, 470, 2944, 162
0.0223339, 0.000170065, 0.000248083, 2.554e-06, 457, 3055, 108
0.000908701, 0.000363444, 0.000543206, 2.554e-06, 456, 3100, 54
0.000965845, 0.000373143, 0.000591285, 1.0236e-05, 445, 2905, 189
0.000697842, 0.000360069, 0.000335115, 4.892e-06, 444, 2775, 162
0.000930435, 0.000359254, 0.000568785, 6.818e-06, 436, 2915, 162
0.000579584, 0.000235159, 0.000341826, 4.321e-06, 431, 2852, 135
0.00084344, 0.000358211, 0.000483256, 9.285e-06, 452, 3060, 189
0.0234758, 0.000165697, 0.000243969, 2.174e-06, 428, 2810, 81
0.00069543, 0.00027606, 0.000417361, 5.96e-06, 427, 2922, 162
0.000582888, 0.000237518, 0.000343291, 4.439e-06, 445, 3021, 135
0.0227208, 0.000152164, 0.000275137, 3.55e-06, 439, 2916, 162
0.000582686, 0.000242052, 0.000338601, 2.838e-06, 443, 3015, 81
0.000631308, 0.000232607, 0.000396172, 6.302e-06, 430, 2911, 189
0.000823344, 0.00036432, 0.000456667, 1.595e-06, 429, 2890, 27
0.0583639, 0.00014685, 0.000258575, 2.971e-06, 440, 3007, 108
0.00080094, 0.000330373, 0.000468649, 3.591e-06, 431, 2785, 81
0.00102139, 0.000413159, 0.000605391, 1.66e-06, 427, 2954, 27
0.0241881, 0.000215225, 0.000265334, 2.21e-06, 426, 2864, 54
0.00111887, 0.00041692, 0.000699198, 4.322e-06, 410, 3080, 81
0.00096443, 0.000403309, 0.000558213, 7.235e-06, 415, 2716, 108
0.000932658, 0.000392528, 0.000537526, 8.113e-06, 421, 3003, 135
0.000667921, 0.000271233, 0.000394484, 4.542e-06, 396, 2661, 108
0.0209287, 0.000169199, 0.000194471, 3.696e-06, 391, 2632, 162
0.000679651, 0.000291273, 0.000386606, 7.013e-06, 373, 2276, 162
0.000584121, 0.000260178, 0.000321205, 6.276e-06, 382, 2469, 135
0.000811626, 0.000326944, 0.000483188, 7.484e-06, 370, 2536, 162
0.000762307, 0.000303118, 0.000456487, 7.403e-06, 361, 2205, 162
0.0177763, 0.000139701, 0.000217095, 2.096e-06, 376, 2579, 54
0.000578809, 0.000206487, 0.000370627, 6.111e-06, 387, 2379, 189
0.000632596, 0.000269841, 0.000360864, 1.435e-06, 386, 2704, 27
0.0007517, 0.000362671, 0.000387293, 3.248e-06, 382, 2586, 54
0.000678261, 0.000277643, 0.000398721, 7.212e-06, 381, 2402, 135
0.000601906, 0.000271643, 0.000327774, 4.53e-06, 369, 2548, 108
0.000854541, 0.000297418, 0.000554797, 9.072e-06, 382, 2460, 189
0.000856372, 0.000327021, 0.000527556, 6.432e-06, 384, 2434, 108
0.000875608, 0.000334305, 0.00053947, 4.17e-06, 396, 2709, 81
0.0191166, 0.000148322, 0.000215579, 1.497e-06, 388, 2573, 54
0.000912574, 0.0003477, 0.000562181, 5.264e-06, 385, 2496, 81
0.000527696, 0.000189402, 0.000336466, 4.915e-06, 399, 2345, 162
0.000598859, 0.000218576, 0.000378395, 7.312e-06, 380, 2275, 162
0.000577902, 0.000233669, 0.000342086, 6.692e-06, 387, 2528, 162
0.00101102, 0.000345251, 0.000663408, 5.275e-06, 378, 2431, 108
0.000689306, 0.000271475, 0.000415456, 5.799e-06, 379, 2390, 108
0.0252321, 0.00013701, 0.000254179, 3.281e-06, 381, 2524, 135
0.000549309, 0.000258042, 0.000289087, 6.379e-06, 382, 2444, 162
0.000737286, 0.000282165, 0.000452148, 7.669e-06, 372, 2296, 162
0.000494577, 0.000210884, 0.000281415, 0, 374, 2303, 0
0.000789416, 0.000326764, 0.000460255, 3.248e-06, 365, 2467, 54
0.000775843, 0.000316299, 0.00045669, 4.358e-06, 366, 2328, 81
0.0204566, 0.000124148, 0.00021096, 4.84e-06, 359, 2262, 162
0.000539255, 0.000237461, 0.000299618, 5.509e-06, 339, 2131, 135
0.000595437, 0.00021391, 0.000379334, 5.255e-06, 341, 2147, 135
0.000604872, 0.000255859, 0.000345206, 5.873e-06, 350, 2201, 108
0.000729565, 0.000236668, 0.000491198, 4.621e-06, 344, 2039, 108
0.00051373, 0.000180126, 0.000331439, 7.098e-06, 343, 2094, 189
0.000780284, 0.000338592, 0.000439325, 3.552e-06, 346, 2275, 81
0.00075002, 0.000298627, 0.000449629, 5.349e-06, 353, 2199, 108
0.000548785, 0.000322377, 0.000224001, 1.995e-06, 338, 2173, 54
0.000791023, 0.000326228, 0.000462027, 5.872e-06, 350, 2386, 135
0.000491003, 0.000199066, 0.000290813, 3.042e-06, 350, 2390, 108
0.000670149, 0.000305655, 0.000362008, 1.552e-06, 343, 2220, 27
0.000637056, 0.000321615, 0.00031159, 2.39e-06, 353, 2250, 54
0.000701381, 0.000255242, 0.000444344, 5.111e-06, 354, 2173, 108
0.000940507, 0.000321479, 0.000617268, 1.1208e-05, 341, 2320, 216
0.00055038, 0.000247265, 0.000301306, 3.638e-06, 357, 2397, 108
0.000463497, 0.000231537, 0.000229094, 2.394e-06, 340, 2115, 54
0.000585794, 0.000249863, 0.000332159, 7.453e-06, 348, 2286, 189
0.000508261, 0.000221233, 0.000284784, 1.232e-06, 349, 2397, 27
0.000687046, 0.000293229, 0.000387729, 5.456e-06, 343, 2153, 108
0.000769876, 0.000317801, 0.000449553, 7.404e-06, 356, 2498, 162
0.000442397, 0.000164918, 0.000275777, 2.665e-06, 346, 2263, 81
0.000755422, 0.000308577, 0.000445302, 3.443e-06, 347, 2258, 54
0.00060922, 0.000284186, 0.000322444, 4.844e-06, 353, 2349, 108
0.00061152, 0.000271702, 0.000332331, 4.237e-06, 352, 2141, 81
0.000766795, 0.000314441, 0.000449922, 4.838e-06, 352, 2318, 108
0.000423791, 0.000200815, 0.000219705, 1.365e-06, 349, 2189, 27
0.000673698, 0.000297465, 0.000373946, 2.297e-06, 334, 2134, 27
0.000798457, 0.000334171, 0.000462705, 4.232e-06, 346, 2408, 81
0.000664049, 0.000318651, 0.000343243, 4.547e-06, 354, 2366, 81
0.000613668, 0.000274545, 0.000337017, 5.633e-06, 340, 2239, 108
0.000314174, 0.000146405, 0.000165952, 2.339e-06, 357, 2214, 81
0.000511327, 0.000275408, 0.000233457, 5.074e-06, 345, 2348, 108
0.000365081, 0.000187666, 0.000175124, 0, 345, 2159, 0
0.000647755, 0.00031224, 0.000332616, 1.649e-06, 354, 2359, 27
0.000666194, 0.000293986, 0.000369858, 4.751e-06, 342, 2119, 81
0.000703124, 0.000313314, 0.000386552, 3.262e-06, 356, 2296, 54
0.000494446, 0.000237251, 0.000255013, 2.655e-06, 349, 2190, 54
0.000653785, 0.000315783, 0.000336178, 1.623e-06, 353, 2490, 27
0.000682103, 0.000353451, 0.00032507, 5.038e-06, 358, 2429, 81
0.000794373, 0.000315066, 0.000476934, 1.355e-06, 347, 2409, 27
0.000923608, 0.000338865, 0.000581824, 8.366e-06, 359, 2336, 162
0.000703389, 0.000288808, 0.000412519, 2.512e-06, 358, 2344, 54
0.000738986, 0.00030268, 0.000434491, 1.621e-06, 354, 2225, 27
0.000753572, 0.000296435, 0.000454503, 5.259e-06, 362, 2420, 135
0.00102668, 0.000410122, 0.000613739, 9.398e-06, 362, 2374, 135
0.00051492, 0.000204685, 0.000308022, 3.816e-06, 367, 2553, 108
0.0241857, 0.000132278, 0.000206295, 3.224e-06, 364, 2432, 135
0.000483351, 0.000186203, 0.000294532, 4.008e-06, 366, 2245, 108
0.000556441, 0.00023427, 0.00031811, 6.065e-06, 370, 2466, 162
0.000717801, 0.000312225, 0.000403562, 4.126e-06, 386, 2363, 81
0.000496571, 0.000220161, 0.000271425, 2.857e-06, 383, 2482, 81
0.0222521, 0.000126253, 0.000202765, 1.249e-06, 382, 2697, 54
0.000763477, 0.000303786, 0.000457894, 4.388e-06, 372, 2581, 108
0.000546624, 0.000226534, 0.000318227, 4.061e-06, 378, 2478, 135
0.000731028, 0.000284182, 0.000444963, 6.174e-06, 388, 2479, 135
0.000750409, 0.000309089, 0.000437815, 2.71e-06, 373, 2419, 54
0.00048029, 0.000212474, 0.000263285, 3.69e-06, 389, 2540, 108
0.0219782, 0.000122538, 0.000167009, 6.63e-07, 382, 2509, 27
0.000486607, 0.000220171, 0.000264111, 1.978e-06, 373, 2396, 54
0.000502189, 0.000212543, 0.000287643, 3.581e-06, 363, 2199, 108
0.000713642, 0.000297948, 0.000413841, 4.586e-06, 373, 2494, 108
0.0237239, 0.00012938, 0.000196771, 8.065e-06, 366, 2401, 108
0.000729428, 0.000291574, 0.000435366, 1.761e-06, 375, 2378, 27
0.000605299, 0.000282118, 0.00031998, 4.771e-06, 386, 2531, 108
0.000721984, 0.0003159, 0.000403777, 8.465e-06, 384, 2467, 162
0.000805347, 0.000335137, 0.000468444, 3.019e-06, 412, 2611, 54
0.0241532, 0.000132697, 0.000214515, 3.923e-06, 410, 2523, 189
0.00062969, 0.000231366, 0.000395825, 3.771e-06, 430, 2956, 108
0.0005496, 0.000233522, 0.000312746, 2.446e-06, 427, 2939, 54
0.000936613, 0.000364867, 0.000569445, 7.495e-06, 428, 3013, 189
0.000536878, 0.000224769, 0.000310112, 2.967e-06, 434, 2845, 81
0.0240675, 0.000150425, 0.000192283, 2.582e-06, 446, 3123, 108
0.000866877, 0.000361747, 0.000502589, 5.976e-06, 432, 2908, 135
0.000904955, 0.000344584, 0.000557717, 6e-06, 450, 3234, 135
0.000716646, 0.000388918, 0.000325758, 2.809e-06, 427, 3126, 54
0.000980888, 0.000403002, 0.000575625, 2.856e-06, 442, 3080, 54
0.0678213, 0.000154761, 0.000205821, 3.306e-06, 440, 3001, 135
0.000736273, 0.00032722, 0.000405886, 6.984e-06, 431, 2900, 189
0.000861886, 0.000348415, 0.000511055, 9.658e-06, 440, 2900, 189
0.000607473, 0.000275762, 0.000328761, 4.041e-06, 455, 3012, 108
0.000567903, 0.000264013, 0.000299568, 2.25e-06, 447, 2957, 54
0.0272095, 0.000165036, 0.000254363, 3.48e-06, 436, 3060, 135
0.000844527, 0.000358011, 0.000484206, 4.088e-06, 422, 2842, 81
0.000533819, 0.000239958, 0.000290992, 2.657e-06, 431, 2801, 54
0.0236861, 0.00013205, 0.00019395, 1.967e-06, 445, 2861, 108
0.000858558, 0.000376878, 0.00047878, 4.465e-06, 447, 2993, 81
0.000863339, 0.000321907, 0.000539485, 8.689e-06, 420, 2505, 189
0.000847955, 0.000322893, 0.000523448, 5.651e-06, 417, 2743, 135
0.0254426, 0.000121358, 0.000307272, 8.25e-06, 404, 2589, 189
0.000995046, 0.000381249, 0.000611298, 5.732e-06, 421, 2975, 108
0.000490801, 0.000209631, 0.000279762, 4.81e-06, 419, 2658, 162
0.000561272, 0.000226977, 0.000332461, 5.112e-06, 406, 2872, 135
0.0248596, 0.000136004, 0.000220689, 2.187e-06, 397, 2463, 108
0.000604514, 0.000222166, 0.000380538, 5.938e-06, 382, 2657, 162
0.000556022, 0.000228703, 0.000325303, 3.784e-06, 383, 2735, 108
0.000699262, 0.000293177, 0.000404095, 3.83e-06, 390, 2368, 81
0.0239689, 0.000123954, 0.000196386, 2.36e-06, 385, 2494, 108
0.000566778, 0.000216432, 0.000348501, 7.229e-06, 379, 2332, 189
0.000786121, 0.000328621, 0.000454932, 4.837e-06, 376, 2644, 108
0.000505757, 0.000203161, 0.000298714, 4.811e-06, 354, 2439, 135
0.000455607, 0.000215153, 0.000236303, 3.345e-06, 352, 2623, 81
0.0219324, 0.0001365, 0.000188479, 2.602e-06, 342, 2331, 108
0.000425157, 0.00018512, 0.000238759, 3.65e-06, 345, 2193, 108
0.000488323, 0.000206199, 0.000279596, 2.359e-06, 345, 2412, 54
0.000448287, 0.000201888, 0.000244009, 1.224e-06, 342, 2525, 27
0.000635452, 0.000293163, 0.000340169, 2.89e-06, 347, 2459, 54
0.000422893, 0.000189891, 0.000230592, 2.026e-06, 342, 2254, 54
0.000638066, 0.000312799, 0.000321558, 4.297e-06, 341, 2354, 81
0.000482735, 0.00022547, 0.000255737, 0, 342, 2463, 0
0.000381603, 0.000192594, 0.000187213, 0, 335, 2150, 0
0.000536227, 0.000258315, 0.000275821, 2.817e-06, 340, 2096, 54
0.000390658, 0.000193864, 0.000194913, 1.796e-06, 345, 2363, 54
0.000414726, 0.000214832, 0.000197352, 2.105e-06, 342, 2327, 54
0.000639411, 0.000290017, 0.000346841, 3.303e-06, 341, 2367, 54
0.00067356, 0.000286022, 0.00038579, 1.741e-06, 340, 2380, 27
0.00049828, 0.0001976, 0.00029862, 5.132e-06, 339, 2314, 135
0.000624891, 0.000248095, 0.000374066, 4.219e-06, 350, 2312, 81
0.00043051, 0.000259772, 0.000168685, 1.062e-06, 340, 2252, 27
0.000438844, 0.000209934, 0.000225961, 1.212e-06, 339, 2228, 27
0.000781295, 0.000353758, 0.000424873, 2.0012e-05, 350, 2354, 162
0.000733392, 0.000326459, 0.000403546, 4.665e-06, 334, 2299, 81
0.000487491, 0.000275271, 0.000210364, 0, 344, 2267, 0
0.000467344, 0.000213944, 0.000251112, 1.278e-06, 345, 2176, 27
0.000458125, 0.00023274, 0.000224028, 1.973e-06, 340, 2321, 54
0.000531365, 0.000272606, 0.000255888, 1.39e-06, 343, 2126, 27
0.000636502, 0.000299739, 0.000334555, 4.815e-06, 329, 2115, 81
0.000494564, 0.0002625, 0.000229208, 2.341e-06, 340, 2343, 54
0.000683546, 0.00031996, 0.000360671, 0, 339, 2363, 0
0.000752895, 0.000358919, 0.000392211, 2.244e-06, 338, 2474, 27
0.000723316, 0.000336403, 0.000384467, 1.666e-06, 349, 2376, 27
0.000631959, 0.00031279, 0.000317064, 2.338e-06, 335, 2145, 27
0.00042879, 0.000210516, 0.000216217, 4.292e-06, 345, 2294, 108
0.000497515, 0.000266989, 0.00022707, 0, 337, 2430, 0
0.000446101, 0.000217811, 0.000226235, 3.303e-06, 335, 2299, 81
0.000766196, 0.000357842, 0.00040563, 2.45e-06, 345, 2351, 27
0.000360382, 0.00018741, 0.000168618, 2.433e-06, 338, 2136, 54
0.000374023, 0.000183457, 0.000188332, 1.223e-06, 334, 2083, 27
0.000462793, 0.000227034, 0.0002334, 0, 343, 2585, 0
0.000685295, 0.000376687, 0.000305058, 1.5048e-05, 348, 2464, 81
0.000623618, 0.000327298, 0.000292594, 1.95e-06, 342, 2447, 27
0.000734287, 0.000364528, 0.000366688, 0, 341, 2393, 0
0.000657389, 0.000328904, 0.00032665, 2.023e-06, 343, 2279, 27
0.000524816, 0.000284314, 0.000238168, 3.41e-06, 349, 2320, 54
0.00074875, 0.000357475, 0.000387713, 0, 338, 2293, 0
0.000552632, 0.000225887, 0.0003242, 1.861e-06, 340, 2269, 27
0.000629058, 0.000314629, 0.000311828, 1.745e-06, 344, 2184, 27
0.000681753, 0.000326244, 0.000353602, 3.091e-06, 336, 2251, 54
0.000404231, 0.000209227, 0.000192778, 1.656e-06, 343, 2197, 27
0.000487139, 0.00027341, 0.000211389, 2.645e-06, 349, 2591, 54
0.00071279, 0.000332303, 0.000377817, 1.808e-06, 332, 2315, 27
0.000398649, 0.000219809, 0.00017605, 3.154e-06, 340, 2273, 81
0.000417519, 0.000215725, 0.000199586, 1.289e-06, 348, 2370, 27
0.000498338, 0.000284365, 0.000211784, 1.592e-06, 342, 2389, 27
0.000652987, 0.00035094, 0.000299359, 0, 340, 2413, 0
0.000519715, 0.000320817, 0.000195949, 0, 344, 2374, 0
0.000693025, 0.000345157, 0.000345667, 0, 341, 2228, 0
0.000514587, 0.000261941, 0.000248899, 1.498e-06, 340, 2463, 27
0.000447291, 0.000239203, 0.000205499, 0, 346, 2392, 0
0.000482627, 0.000266575, 0.000213252, 2.77e-06, 343, 2402, 54
0.000616271, 0.000305487, 0.000308062, 3.687e-06, 347, 2456, 81
0.000701483, 0.00035213, 0.000346892, 1.871e-06, 342, 2252, 27
0.000573134, 0.000293805, 0.000277363, 1.659e-06, 344, 2171, 27
0.000560444, 0.000404364, 0.000152679, 1.119e-06, 341, 2307, 27
0.000502664, 0.00026966, 0.000230474, 2.662e-06, 347, 2315, 54
0.00075242, 0.000386305, 0.000362561, 2.111e-06, 345, 2424, 27
0.000888281, 0.000264185, 0.000618007, 0, 333, 2183, 0
0.000634969, 0.000329239, 0.000303224, 0, 348, 2131, 0
0.000544142, 0.000282065, 0.000259786, 0, 340, 2151, 0
0.000397046, 0.000213465, 0.000181314, 1.288e-06, 329, 2213, 27
0.000612762, 0.000306475, 0.000303622, 0, 349, 2362, 0
0.000470124, 0.000234706, 0.000230739, 2.561e-06, 338, 2380, 54
0.000457956, 0.000244461, 0.000211101, 1.5e-06, 336, 2439, 27
0.000576372, 0.000300789, 0.000273066, 1.462e-06, 339, 2301, 27
0.000653057, 0.00035119, 0.000299633, 4.31e-06, 337, 2260, 81
0.000342958, 0.000195495, 0.000145827, 1.774e-06, 352, 2313, 54
0.000487976, 0.000244984, 0.000240876, 0, 345, 2417, 0
0.000617276, 0.00030368, 0.00031167, 1.625e-06, 345, 2447, 27
0.000413246, 0.000218918, 0.00019043, 2.904e-06, 344, 2279, 54
0.000627232, 0.000282845, 0.000341586, 2.891e-06, 344, 2276, 54
0.000301685, 0.000158924, 0.000141461, 0, 342, 2594, 0
0.000630782, 0.000335129, 0.000293916, 1.809e-06, 339, 2397, 27
0.000384152, 0.00018758, 0.000192371, 1.965e-06, 338, 2168, 54
0.000764837, 0.000370574, 0.000391528, 5.143e-06, 346, 2244, 54
0.000412078, 0.000221518, 0.00018759, 0, 343, 2261, 0
0.000425302, 0.000240017, 0.000182661, 0, 337, 2262, 0
0.000590209, 0.000317881, 0.000269586, 0, 344, 2167, 0
0.000612096, 0.000322654, 0.000287126, 2.304e-06, 339, 2230, 27
0.000450194, 0.000249492, 0.000197276, 0, 347, 2559, 0
0.000409897, 0.000240392, 0.000167418, 0, 337, 2315, 0
0.000583234, 0.00030377, 0.000277615, 1.644e-06, 335, 2248, 27
0.000424587, 0.000222812, 0.000199956, 2.389e-06, 348, 2265, 54
0.000717178, 0.000348511, 0.00036642, 1.595e-06, 341, 2449, 27
0.000555802, 0.000294067, 0.000259823, 0, 348, 2274, 0
0.000618449, 0.000316327, 0.000300187, 3.797e-06, 344, 2278, 54
0.000532245, 0.000243087, 0.000287352, 0, 339, 2447, 0
0.000650588, 0.000364145, 0.000284187, 2.314e-06, 355, 2424, 54
0.000440529, 0.000242412, 0.000195978, 0, 344, 2442, 0
0.000604044, 0.000329268, 0.000270916, 0, 338, 2357, 0
0.00058506, 0.000300932, 0.000281741, 1.538e-06, 346, 2346, 27
0.000360508, 0.000203987, 0.000154321, 0, 341, 2188, 0
0.000449452, 0.000240158, 0.000207086, 1.377e-06, 343, 2436, 27
0.000388501, 0.000204345, 0.000182366, 1.212e-06, 345, 2326, 27
0.000731101, 0.000387575, 0.000340882, 0, 337, 2201, 0
0.00055947, 0.000305499, 0.000250894, 0, 343, 2172, 0
0.000300365, 0.000164954, 0.000133916, 9.28e-07, 338, 2144, 27
0.000581737, 0.000281212, 0.000298208, 1.684e-06, 330, 2031, 27
0.000389343, 0.00021528, 0.000171742, 0, 348, 2320, 0
0.000634632, 0.000331478, 0.000300915, 1.827e-06, 345, 2582, 27
0.000390195, 0.000217126, 0.000170532, 0, 340, 2336, 0
0.000670762, 0.00037407, 0.000294465, 2.06e-06, 346, 2389, 27
0.000609721, 0.000321895, 0.000285488, 2.155e-06, 339, 2429, 27
0.000424749, 0.000242514, 0.000180222, 0, 341, 2218, 0
0.000473589, 0.000226409, 0.000244586, 0, 342, 2177, 0
0.00045181, 0.00021869, 0.000230162, 1.207e-06, 349, 2293, 27
0.00074237, 0.000354565, 0.000385488, 3.231e-06, 341, 2401, 54
0.00059962, 0.000315654, 0.000281628, 0, 332, 2067, 0
0.000412125, 0.000229256, 0.000180405, 1.178e-06, 333, 2251, 27
0.000591569, 0.000312359, 0.000276967, 0, 336, 2047, 0
0.000513365, 0.000320288, 0.000190836, 0, 339, 2303, 0
0.000539499, 0.000290599, 0.000246456, 1.739e-06, 340, 2153, 27
0.000581538, 0.000295208, 0.000283517, 0, 337, 2265, 0
0.000426133, 0.000229931, 0.000193921, 4.46e-06, 336, 2313, 81
0.000681025, 0.000341659, 0.00033594, 1.685e-06, 349, 2423, 27
0.000430346, 0.000231955, 0.000196047, 2.286e-06, 337, 2190, 54
0.000587542, 0.000306394, 0.000278197, 0, 345, 2282, 0
0.000660899, 0.000328167, 0.00033117, 3.547e-06, 343, 2458, 54
0.000654944, 0.000343213, 0.00030937, 1.937e-06, 334, 2450, 27
0.000631664, 0.000346725, 0.000281815, 0, 351, 2291, 0
0.000599737, 0.00030739, 0.000289309, 0, 348, 2433, 0
0.000598106, 0.000311332, 0.000284604, 1.823e-06, 345, 2375, 27
0.00043839, 0.000227899, 0.000207622, 0, 351, 2332, 0
0.000599997, 0.000319294, 0.00027777, 0, 340, 2312, 0
0.000436702, 0.000253086, 0.00018128, 0, 338, 2540, 0
0.000554232, 0.000259716, 0.000291847, 0, 345, 2433, 0
0.000610558, 0.000323286, 0.000285315, 0, 344, 2252, 0
0.000584379, 0.000337204, 0.000244998, 0, 345, 2548, 0
0.000575543, 0.000280107, 0.000293168, 1.715e-06, 329, 2212, 27
0.000392974, 0.000237966, 0.000153446, 0, 340, 2519, 0
0.000633249, 0.000326125, 0.000305506, 3.098e-06, 340, 2275, 54
0.000433817, 0.000219465, 0.000211554, 0, 329, 2147, 0
0.000789656, 0.000377239, 0.000410021, 0, 352, 2520, 0
0.000535506, 0.000267213, 0.000266182, 3.182e-06, 345, 2240, 54
0.000615841, 0.000327026, 0.000286717, 1.707e-06, 337, 2295, 27
0.000510615, 0.000294413, 0.000212923, 0, 347, 2621, 0
0.000492363, 0.000254672, 0.000235559, 0, 342, 2390, 0
0.00058025, 0.000342, 0.00023537, 1.508e-06, 337, 2280, 27
0.000450066, 0.000269186, 0.000178087, 0, 346, 2401, 0
0.000433028, 0.000217041, 0.000213751, 0, 339, 2383, 0
0.000390604, 0.000211446, 0.000176777, 1.505e-06, 344, 2165, 27
0.000280105, 0.000172935, 0.000104549, 0, 343, 2236, 0
0.000617677, 0.000324906, 0.000290386, 0, 334, 2255, 0
0.000492375, 0.000288835, 0.000201495, 1.928e-06, 338, 2247, 27
0.000619787, 0.000316939, 0.000300592, 2.122e-06, 333, 2167, 27
0.000517269, 0.000288364, 0.000226489, 1.424e-06, 340, 2210, 27
0.000636308, 0.000309983, 0.000324188, 3.114e-06, 338, 2184, 54
0.000713561, 0.000362451, 0.000348224, 1.896e-06, 342, 2396, 27
0.000543618, 0.000290904, 0.000250433, 0, 333, 1995, 0
0.000379143, 0.000204974, 0.000171776, 2.111e-06, 342, 2311, 54
0.000710409, 0.000308642, 0.000398834, 2.954e-06, 341, 2252, 54
0.000390416, 0.000220454, 0.0001675, 0, 344, 2339, 0
0.000609041, 0.000318167, 0.000288001, 1.977e-06, 346, 2374, 27
0.000592101, 0.000282482, 0.000306906, 0, 337, 2497, 0
0.000657933, 0.000335191, 0.000320973, 1.727e-06, 344, 2317, 27
0.000390776, 0.000206162, 0.000182277, 0, 343, 2266, 0
0.000661566, 0.0003516, 0.000307148, 0, 343, 2431, 0
0.000595447, 0.000326678, 0.000266048, 0, 349, 2312, 0
0.000506981, 0.000305152, 0.000198112, 1.371e-06, 350, 2481, 27
0.000670941, 0.000331789, 0.000336825, 0, 343, 2503, 0
0.000636411, 0.000333918, 0.000299463, 2.875e-06, 342, 2507, 54
0.000641759, 0.000338323, 0.000301903, 1.688e-06, 345, 2334, 27
0.000608002, 0.000329976, 0.000275579, 0, 341, 2234, 0
0.000654998, 0.000358795, 0.000293046, 0, 338, 2354, 0
0.000540176, 0.000293721, 0.000243924, 0, 343, 2046, 0
0.000351331, 0.000196767, 0.000152403, 1.265e-06, 331, 2084, 27
0.000626379, 0.000339903, 0.000284452, 0, 341, 2413, 0
0.000461007, 0.000254858, 0.000203582, 0, 344, 2334, 0
0.000256907, 0.000134273, 0.000121523, 2.042e-06, 332, 2358, 81
0.000389352, 0.000215907, 0.000169416, 0, 343, 2310, 0
0.000502477, 0.000301148, 0.000198461, 0, 342, 2319, 0
0.000594855, 0.000294416, 0.000298146, 0, 335, 2337, 0
0.000436252, 0.000235771, 0.00019803, 1.373e-06, 342, 2323, 27
0.000384379, 0.000208635, 0.000173757, 3.768e-06, 346, 2351, 81
0.000488601, 0.000261115, 0.00022566, 1.465e-06, 345, 2186, 27
0.000548127, 0.000289229, 0.000256421, 1.536e-06, 343, 2329, 27
0.000373725, 0.000203935, 0.000168115, 1.393e-06, 345, 2122, 27
0.000371977, 0.000204648, 0.000165188, 1.379e-06, 341, 2380, 27
0.000359226, 0.00018573, 0.000169779, 3.97e-06, 335, 1891, 108
0.000323602, 0.000180172, 0.000139864, 2.051e-06, 333, 1934, 54
0.000334372, 0.000188516, 0.000143398, 2.414e-06, 341, 2113, 54
0.000516392, 0.000261245, 0.00025404, 2.772e-06, 339, 2183, 54
0.000570953, 0.00028872, 0.000280732, 2.548e-06, 348, 2376, 54
0.000366281, 0.000193763, 0.000170578, 2.105e-06, 336, 2251, 54
0.000496003, 0.000278206, 0.000215474, 0, 338, 2241, 0
0.000376302, 0.000210983, 0.00016269, 0, 342, 2456, 0
0.000553392, 0.000276346, 0.000274231, 1.46e-06, 343, 2173, 27
0.000507552, 0.000265437, 0.000239789, 0, 345, 2200, 0
0.000360465, 0.000207736, 0.000151134, 0, 339, 2430, 0
0.000357256, 0.000199144, 0.000155939, 0, 349, 2422, 0
0.000518284, 0.000273204, 0.000243177, 0, 343, 2219, 0
0.000353498, 0.000202708, 0.000148435, 0, 345, 2390, 0
0.000583128, 0.000294093, 0.000284873, 2.673e-06, 342, 2257, 54
0.000380074, 0.000195917, 0.000182048, 0, 344, 2219, 0
0.00046231, 0.00025001, 0.000210215, 0, 344, 2075, 0
0.000375985, 0.000211326, 0.000161929, 0, 343, 2277, 0
0.000552434, 0.000288441, 0.00026153, 0, 347, 2457, 0
0.000395641, 0.000217215, 0.00017668, 0, 332, 2277, 0
0.000348217, 0.000194827, 0.00015079, 0, 338, 2303, 0
0.000504211, 0.000267066, 0.000235092, 1.424e-06, 332, 2182, 27
0.000526073, 0.000287232, 0.000236339, 3.1357e-05, 335, 2310, 81
0.000400277, 0.000228204, 0.000167857, 1.21e-06, 347, 2432, 27
0.000321561, 0.000181448, 0.000138083, 1.907e-06, 344, 2319, 54
0.000380426, 0.000198297, 0.000179661, 1.201e-06, 343, 2419, 27
0.000461096, 0.000247982, 0.000211653, 0, 344, 2117, 0
0.000525236, 0.000279245, 0.000243572, 0, 340, 2312, 0
0.000543576, 0.000282016, 0.000259017, 1.586e-06, 338, 2249, 27
0.000410455, 0.000217517, 0.000191581, 1.165e-06, 340, 2075, 27
0.000799007, 0.000419667, 0.000376885, 0, 338, 2384, 0
0.000716831, 0.000393179, 0.00032006, 2.163e-06, 343, 2272, 27
0.000724739, 0.000351808, 0.00036966, 0, 341, 2022, 0
0.00102711, 0.000737271, 0.000286044, 0, 340, 2117, 0
0.000394863, 0.000196315, 0.000195884, 0, 337, 2164, 0
0.000348285, 0.000186099, 0.000160708, 1.255e-06, 333, 2054, 27
0.000407535, 0.000210422, 0.000192936, 1.199e-06, 338, 2131, 27
0.000566645, 0.000297564, 0.000267638, 1.826e-06, 341, 2168, 27
0.000504208, 0.000251738, 0.000251037, 5.173e-06, 337, 2218, 108
0.000479386, 0.000309923, 0.000167457, 2.311e-06, 340, 2171, 54
0.000347956, 0.00019986, 0.000144074, 0, 336, 2319, 0
0.000371767, 0.000208858, 0.000158906, 2.022e-06, 335, 2220, 54
0.000362689, 0.000198583, 0.000161345, 1.231e-06, 349, 2287, 27
0.000539427, 0.000272266, 0.000265003, 3.976e-06, 336, 2348, 81
0.00037107, 0.000222951, 0.00014527, 0, 348, 2374, 0
0.000454781, 0.000241803, 0.000208775, 1.195e-06, 345, 2394, 27
0.000541488, 0.000283873, 0.000256138, 0, 339, 2444, 0
0.000567698, 0.000301338, 0.000264688, 0, 351, 2433, 0
0.000371614, 0.000209537, 0.000159667, 0, 346, 2367, 0
0.000518709, 0.000281382, 0.000235014, 0, 335, 2366, 0
0.000545539, 0.000280966, 0.000262639, 1.421e-06, 340, 2407, 27
0.000382467, 0.000203153, 0.000176891, 2.225e-06, 346, 2386, 54
0.000521649, 0.000266346, 0.000253351, 3.132e-06, 342, 2188, 54
0.000369895, 0.000211312, 0.000154557, 1.253e-06, 342, 2302, 27
0.000513666, 0.000270514, 0.000239924, 0, 342, 2131, 0
0.000569879, 0.000301466, 0.000266798, 2.762e-06, 343, 2282, 54
0.000480148, 0.000260725, 0.000216951, 0, 333, 2318, 0
0.000318818, 0.000191488, 0.000125049, 0, 340, 2081, 0
0.000353907, 0.000192863, 0.000159985, 9.51e-07, 346, 2277, 27
0.000503456, 0.000260834, 0.00024068, 0, 337, 2200, 0
0.000428638, 0.000244149, 0.000182284, 0, 351, 2329, 0
0.000680879, 0.000350828, 0.000327488, 0, 340, 2330, 0
0.000330437, 0.000183746, 0.000143033, 0, 337, 2129, 0
0.000382552, 0.000234688, 0.000145573, 0, 346, 2383, 0
0.000570258, 0.000290374, 0.000277491, 0, 331, 2320, 0
0.000326949, 0.00018687, 0.000135868, 0, 346, 2303, 0
0.000371069, 0.00020405, 0.000164562, 3.375e-06, 349, 2432, 81
0.000552345, 0.000311705, 0.000238496, 1.48e-06, 336, 2225, 27
0.000488154, 0.000261649, 0.000224085, 1.585e-06, 341, 2278, 27
0.000411447, 0.000213203, 0.00019563, 0, 344, 2302, 0
0.000516374, 0.000280324, 0.000234406, 0, 345, 2286, 0
0.000372757, 0.000199672, 0.000171285, 1.398e-06, 335, 2339, 27
0.000513379, 0.000278864, 0.000233082, 0, 338, 2394, 0
0.000491054, 0.000270763, 0.000218489, 0, 341, 2214, 0
0.000352542, 0.000217807, 0.000130824, 0, 339, 2303, 0
0.000532387, 0.0002779, 0.00025235, 1.659e-06, 341, 2351, 27
0.000353544, 0.000204594, 0.000146039, 1.042e-06, 340, 2219, 27
0.000386043, 0.000216527, 0.00016583, 3.253e-06, 339, 2430, 81
0.000374612, 0.000209514, 0.000162538, 1.371e-06, 342, 2263, 27
0.000410391, 0.000223858, 0.000184057, 0, 350, 2312, 0
0.000542603, 0.000292951, 0.000247741, 1.573e-06, 343, 2353, 27
0.000355566, 0.000198996, 0.000153795, 1.239e-06, 345, 2396, 27
0.000416761, 0.000232996, 0.000179904, 0, 350, 2478, 0
0.000394709, 0.000212661, 0.000179927, 1.695e-06, 340, 2207, 27
0.000394584, 0.000230991, 0.000161104, 0, 342, 2125, 0
0.000382404, 0.00021612, 0.000163672, 0, 347, 2351, 0
0.000648562, 0.000360263, 0.000286118, 0, 351, 2500, 0
0.000397482, 0.000211385, 0.000184095, 0, 340, 2235, 0
0.000348851, 0.000196268, 0.000151165, 1.127e-06, 338, 2217, 27
0.000397612, 0.000224976, 0.000170682, 0, 342, 2403, 0
0.000416565, 0.000244818, 0.000167813, 2.294e-06, 343, 2302, 54
0.000381542, 0.000214662, 0.000163714, 1.3e-06, 338, 2342, 27
0.000337826, 0.000193413, 0.000142038, 0, 341, 2309, 0
0.000383991, 0.00022857, 0.000153815, 0, 340, 2165, 0
0.000525725, 0.000316667, 0.000206398, 0, 350, 2559, 0
0.000318251, 0.000188891, 0.000125112, 0, 344, 2093, 0
0.000523034, 0.00027464, 0.000246468, 1.611e-06, 337, 2265, 27
0.000330427, 0.000188137, 0.000140243, 0, 344, 2254, 0
0.000345802, 0.000197158, 0.000147286, 0, 347, 2417, 0
0.000383231, 0.000212793, 0.000168803, 1.15e-06, 332, 2343, 27
0.000379339, 0.000205237, 0.000171838, 2.166e-06, 350, 2499, 54
0.000345961, 0.000200759, 0.000142689, 0, 344, 2395, 0
0.000362077, 0.000216922, 0.00014031, 1.038e-06, 339, 2262, 27
0.00035911, 0.000198107, 0.000159357, 1.139e-06, 342, 2385, 27
0.000383143, 0.000218502, 0.000162653, 0, 344, 2368, 0
0.000489535, 0.000253771, 0.00023334, 1.654e-06, 343, 2214, 27
0.000378944, 0.000200967, 0.00017392, 2.764e-06, 332, 2399, 54
0.000477744, 0.000257448, 0.000218151, 0, 331, 2103, 0
0.000344135, 0.000202373, 0.000139331, 0, 338, 2264, 0
0.000357128, 0.000188024, 0.000167034, 0, 342, 2102, 0
0.0003696, 0.000208303, 0.000159143, 0, 341, 2495, 0
0.000526422, 0.000274484, 0.000249892, 0, 332, 2030, 0
0.000383814, 0.000196334, 0.000185414, 2.438e-06, 332, 2272, 54
0.00038548, 0.000215946, 0.00016645, 1.237e-06, 340, 2209, 27
0.000351994, 0.000208428, 0.00013985, 0, 343, 2260, 0
0.000418571, 0.000237923, 0.000178495, 0, 342, 2527, 0
0.00036671, 0.000202612, 0.000162379, 1.225e-06, 341, 2454, 27
0.000319216, 0.000173175, 0.000143753, 0, 342, 2117, 0
0.000380705, 0.000221664, 0.000155942, 0, 346, 2370, 0
0.000609197, 0.000361086, 0.000245169, 0, 342, 2278, 0
0.000319848, 0.000179019, 0.000138886, 0, 337, 2130, 0
0.000547035, 0.000280867, 0.000263974, 0, 342, 2313, 0
0.000371726, 0.000196273, 0.000171046, 0, 341, 2350, 0
0.000507744, 0.000277368, 0.000227877, 1.542e-06, 335, 2292, 27
0.000559014, 0.000299032, 0.000257604, 0, 342, 2326, 0
0.000616458, 0.000303213, 0.000310767, 4.102e-06, 333, 2361, 81
0.000473212, 0.000258392, 0.000212538, 0, 344, 2086, 0
0.000341091, 0.000196726, 0.000141804, 2.529e-06, 333, 2079, 54
0.000366829, 0.000190875, 0.000174286, 1.16e-06, 339, 2212, 27
0.000346993, 0.000197723, 0.000145756, 0, 343, 2235, 0
0.000371195, 0.000218945, 0.000150093, 1.329e-06, 345, 2030, 27
0.000610829, 0.000338907, 0.000267097, 0, 347, 2644, 0
0.000402243, 0.000228755, 0.000171662, 1.127e-06, 349, 2288, 27
0.000597622, 0.000330516, 0.000264289, 0, 340, 2488, 0
0.000604823, 0.000331045, 0.000271401, 0, 346, 2448, 0
0.000407792, 0.000225801, 0.000179363, 0, 347, 2370, 0
0.000258613, 0.000139903, 0.000117694, 0, 338, 2252, 0
0.000603731, 0.000336765, 0.00026426, 0, 340, 2557, 0
0.000640124, 0.00032447, 0.000313349, 1.531e-06, 338, 2506, 27
0.000440321, 0.00026059, 0.000176507, 0, 344, 2350, 0
0.000372644, 0.000213713, 0.000155013, 0, 334, 2282, 0
0.000414379, 0.000229503, 0.000182332, 0, 338, 2233, 0
0.000368351, 0.000214806, 0.000150182, 0, 340, 2191, 0
0.000540194, 0.00030312, 0.000235249, 0, 336, 2210, 0
0.000576756, 0.000312124, 0.000261987, 3.166e-06, 341, 2193, 54
0.000393838, 0.000231367, 0.000159712, 2.342e-06, 341, 2284, 54
0.000623008, 0.000331801, 0.000288352, 1.69e-06, 327, 2476, 27
0.000438638, 0.00022051, 0.000215387, 1.587e-06, 335, 2359, 27
0.000615395, 0.000340955, 0.000272556, 0, 349, 2496, 0
0.000405837, 0.000207104, 0.000196369, 1.203e-06, 337, 2318, 27
0.000632504, 0.000336695, 0.000294083, 0, 345, 2239, 0
0.000630954, 0.000335357, 0.000292614, 0, 338, 2427, 0
0.000357654, 0.000229524, 0.000125684, 0, 329, 2268, 0
0.000609262, 0.000337258, 0.000268506, 4.74e-06, 350, 2306, 81
0.000502869, 0.00025731, 0.000242155, 0, 342, 2324, 0
0.000383379, 0.00022768, 0.000153478, 1.472e-06, 339, 2413, 27
0.000582027, 0.000303471, 0.000276569, 0, 339, 2210, 0
0.000651839, 0.00031294, 0.000336265, 0, 348, 2303, 0
0.000678195, 0.000361134, 0.000314425, 0, 342, 2321, 0
0.000543956, 0.000280085, 0.000261551, 0, 334, 2320, 0
0.000257763, 0.000150957, 0.000105432, 7.42e-07, 348, 2414, 27
0.000438409, 0.000211434, 0.000222543, 0, 345, 2361, 0
0.000435551, 0.000226694, 0.000206533, 0, 339, 2308, 0
0.000659176, 0.000327645, 0.000328743, 1.766e-06, 336, 2399, 27
0.000576971, 0.000298132, 0.000277024, 0, 335, 2199, 0
0.000690689, 0.000354373, 0.00033356, 2.907e-06, 349, 2538, 54
0.000421582, 0.000243976, 0.000175161, 0, 344, 2497, 0
0.000626462, 0.000327493, 0.000297104, 1.798e-06, 340, 2296, 27
0.000596259, 0.000312484, 0.00028223, 0, 341, 2246, 0
0.00057348, 0.000371822, 0.000198335, 0, 348, 2622, 0
0.000462883, 0.00024179, 0.000216761, 1.252e-06, 343, 2314, 27
0.000440217, 0.000273348, 0.000163698, 0, 341, 2268, 0
0.00067348, 0.000364442, 0.000305941, 0, 342, 2416, 0
0.000707928, 0.000388521, 0.000316812, 0, 337, 2414, 0
0.000660993, 0.000351039, 0.000307002, 1.852e-06, 348, 2548, 27
0.000553752, 0.000304355, 0.00024766, 1.411e-06, 336, 2258, 27
0.000580615, 0.0003027, 0.000275781, 1.678e-06, 344, 2319, 27
0.000418486, 0.000255779, 0.000159779, 0, 343, 2288, 0
0.000551506, 0.000298028, 0.000251133, 1.598e-06, 335, 2315, 27
0.000422338, 0.000258498, 0.000160897, 0, 344, 2137, 0
0.000679273, 0.000356306, 0.000320649, 1.77e-06, 345, 2661, 27
0.000426979, 0.000237326, 0.000185304, 1.176e-06, 337, 2309, 27
0.000365726, 0.000210879, 0.000152379, 0, 339, 2266, 0
0.000415577, 0.000270968, 0.000142415, 1.376e-06, 342, 2278, 27
0.000694793, 0.000390067, 0.000301415, 0, 340, 2425, 0
0.000438561, 0.000244128, 0.000190848, 1.483e-06, 351, 2405, 27
0.000737297, 0.000382362, 0.000351945, 0, 338, 2422, 0
0.000443462, 0.000277409, 0.000163754, 1.641e-06, 336, 2134, 27
0.00044472, 0.000260866, 0.000171373, 0, 350, 2369, 0
0.000522032, 0.000279843, 0.000239083, 0, 345, 2321, 0
0.00064227, 0.00034772, 0.00029155, 0, 341, 2389, 0
0.00034205, 0.000194267, 0.000146239, 0, 336, 2335, 0
0.000607607, 0.000335209, 0.00026976, 0, 339, 2446, 0
0.000396589, 0.000224139, 0.000170059, 0, 345, 2152, 0
0.000638984, 0.00035006, 0.000286296, 0, 337, 2193, 0
0.000400944, 0.000220721, 0.000178863, 0, 345, 2385, 0
0.000609437, 0.000355263, 0.000250215, 0, 334, 2418, 0
0.000533625, 0.000294795, 0.000236936, 3.689e-06, 345, 2236, 54
0.000613222, 0.000333107, 0.000277007, 0, 333, 2401, 0
0.000663383, 0.000350838, 0.000309497, 0, 330, 2127, 0
0.000644195, 0.000354185, 0.000287905, 1.7e-06, 346, 2347, 27
0.000573682, 0.000319186, 0.000251731, 0, 345, 2136, 0
0.000570837, 0.000309131, 0.000259051, 0, 338, 2141, 0
0.000548286, 0.000314919, 0.000231451, 1.388e-06, 344, 2376, 27
0.000504591, 0.00031896, 0.000183427, 0, 337, 2496, 0
0.000365689, 0.000204411, 0.000159161, 1.849e-06, 345, 2432, 27
0.000568968, 0.000289104, 0.000277693, 0, 344, 2243, 0
0.000582801, 0.000311516, 0.000268356, 2.3e-06, 336, 2222, 27
0.000538555, 0.000296975, 0.000239431, 0, 339, 2488, 0
0.000348474, 0.000194828, 0.000150809, 1.556e-06, 347, 2336, 27
0.000353179, 0.000197479, 0.000153193, 1.148e-06, 345, 2428, 27
0.000368407, 0.000197495, 0.000167446, 0, 339, 2085, 0
0.000673705, 0.000358521, 0.000312672, 1.865e-06, 343, 2311, 27
0.000359821, 0.000202728, 0.000155077, 0, 328, 2361, 0
0.000491169, 0.000270266, 0.000217833, 0, 345, 2221, 0
0.000380462, 0.000228923, 0.000146899, 0, 337, 2393, 0
0.000560668, 0.000304407, 0.000252296, 1.528e-06, 346, 2537, 27
0.000395744, 0.000231611, 0.000160598, 0, 343, 2309, 0
0.000320908, 0.000181717, 0.000137081, 0, 342, 2248, 0
0.000599392, 0.000301455, 0.000296038, 0, 345, 2387, 0
0.00051153, 0.00028179, 0.000227815, 0, 338, 2314, 0
0.000592897, 0.000309601, 0.000281083, 0, 346, 2540, 0
0.000607442, 0.00031271, 0.000292392, 0, 340, 2480, 0
0.000521288, 0.00028605, 0.000233406, 0, 341, 2314, 0
0.000389371, 0.00021288, 0.000172948, 0, 349, 2466, 0
0.000560738, 0.000307989, 0.000248289, 0, 340, 2312, 0
0.000339608, 0.00017777, 0.000159619, 0, 339, 2261, 0
0.000348904, 0.000190107, 0.000156837, 0, 340, 2261, 0
0.000348553, 0.000197762, 0.000148618, 1.19e-06, 344, 2280, 27
0.000394616, 0.000243029, 0.00014942, 0, 334, 2191, 0
0.000522823, 0.000273807, 0.000247272, 1.506e-06, 338, 2201, 27
0.000537338, 0.000295859, 0.00023879, 0, 345, 2394, 0
0.000345056, 0.000191082, 0.000151883, 0, 345, 2305, 0
0.000509865, 0.000278576, 0.000228901, 0, 340, 2255, 0
0.000504527, 0.000261964, 0.000240973, 0, 331, 2265, 0
0.000541313, 0.000288742, 0.000250425, 0, 341, 2357, 0
0.000286341, 0.000164968, 0.000118814, 0, 344, 1907, 0
0.000505469, 0.000275363, 0.000227378, 0, 338, 2314, 0
0.000319479, 0.000184822, 0.000131251, 0, 340, 2229, 0
0.000530473, 0.000276755, 0.000251325, 0, 333, 2226, 0
0.000356323, 0.000212265, 0.00014211, 0, 338, 2214, 0
0.000301753, 0.000172291, 0.000127208, 0, 340, 2152, 0
0.000531131, 0.000280042, 0.000248898, 1.941e-06, 340, 2340, 27
0.000326565, 0.000186404, 0.000137914, 0, 344, 2276, 0
0.000516669, 0.00027376, 0.000240847, 1.395e-06, 333, 2180, 27
0.000372842, 0.00020173, 0.000168766, 0, 350, 2389, 0
0.000493218, 0.000265329, 0.000225864, 1.396e-06, 337, 2206, 27
0.000336116, 0.000197099, 0.000137065, 0, 344, 2195, 0
0.000493288, 0.000270998, 0.000219959, 0, 341, 2180, 0
0.00048914, 0.000272301, 0.000214497, 1.504e-06, 337, 2534, 27
0.000580131, 0.000308433, 0.00026951, 1.686e-06, 349, 2398, 27
0.000670067, 0.000352376, 0.00031463, 2.084e-06, 344, 2360, 27
0.000511423, 0.000281186, 0.000227949, 0, 335, 2318, 0
0.000486614, 0.000273623, 0.000211062, 0, 343, 2263, 0
0.000540481, 0.000289495, 0.000249032, 0, 343, 2223, 0
0.000333142, 0.00019652, 0.000134881, 0, 344, 2264, 0
0.000581664, 0.000319232, 0.000260198, 0, 350, 2593, 0
0.000380786, 0.000211138, 0.00016638, 0, 334, 2195, 0
0.000371563, 0.000220114, 0.000148059, 1.251e-06, 336, 2518, 27
0.00045903, 0.000215131, 0.000241839, 1.63e-06, 350, 2243, 27
0.000325534, 0.00017936, 0.000143635, 0, 339, 2127, 0
0.00033675, 0.000191963, 0.000142654, 0, 342, 2357, 0
0.000510673, 0.000275749, 0.000231951, 0, 340, 2258, 0
0.000501866, 0.000267965, 0.000232152, 0, 338, 2327, 0
0.000353144, 0.000185841, 0.00016493, 1.374e-06, 335, 2259, 27
0.000544619, 0.000282425, 0.000259716, 0, 340, 2298, 0
0.00035332, 0.000194701, 0.000156094, 0, 342, 2448, 0
0.000316815, 0.000181652, 0.000132974, 0, 341, 2306, 0
0.000535629, 0.000274971, 0.000258313, 1.434e-06, 348, 2338, 27
0.000404474, 0.000219337, 0.000182982, 0, 344, 2241, 0
0.000340379, 0.000195366, 0.000141848, 0, 340, 2249, 0
0.000463115, 0.000250036, 0.000210988, 1.55e-06, 341, 2140, 27
0.000538856, 0.000277692, 0.000259197, 0, 341, 2467, 0
0.000375393, 0.000213732, 0.000158916, 0, 340, 2242, 0
0.000618821, 0.000339527, 0.000276391, 0, 340, 2180, 0
0.00035071, 0.000198154, 0.000150677, 1.189e-06, 343, 2324, 27
0.000347247, 0.000199171, 0.000144154, 0, 340, 2338, 0
0.000471399, 0.000292976, 0.000175786, 0, 351, 2459, 0
0.000503465, 0.000272116, 0.000229265, 2.53e-06, 335, 2222, 54
0.000490603, 0.000258893, 0.000229008, 1.697e-06, 334, 2262, 27
0.000582778, 0.000320041, 0.000259433, 1.704e-06, 349, 2381, 27
0.000468786, 0.000258329, 0.000208374, 0, 330, 2224, 0
0.000405452, 0.000222072, 0.000180856, 1.182e-06, 343, 2329, 27
0.000475473, 0.000299521, 0.000172517, 0, 343, 2242, 0
0.000425193, 0.000264412, 0.000157754, 1.722e-06, 329, 2121, 27
0.000342902, 0.000189484, 0.00015145, 0, 343, 2210, 0
0.000604796, 0.000359026, 0.000242501, 0, 336, 2402, 0
0.000569311, 0.000313966, 0.000252409, 0, 343, 2250, 0
0.000482826, 0.000245393, 0.000233528, 1.182e-06, 338, 2339, 27
0.000549871, 0.000360666, 0.000186407, 0, 334, 2237, 0
0.000487354, 0.000311443, 0.000172269, 0, 347, 2319, 0
0.000414545, 0.000230612, 0.000182078, 1.738e-06, 337, 2104, 27
0.000335971, 0.000177341, 0.000156533, 1.062e-06, 343, 2109, 27
0.00057872, 0.000314003, 0.00026297, 0, 342, 2221, 0
0.000582525, 0.00031909, 0.000260115, 0, 340, 2203, 0
0.000626497, 0.000342619, 0.000281877, 2.154e-06, 346, 2259, 27
0.000729056, 0.000397098, 0.000329, 0, 340, 2426, 0
0.000451115, 0.000275186, 0.000173139, 0, 339, 2557, 0
0.000637499, 0.000345053, 0.000289679, 0, 338, 2369, 0
0.000630884, 0.00033561, 0.000292498, 0, 344, 2349, 0
0.000419732, 0.000243766, 0.000173288, 1.591e-06, 341, 2297, 27
0.000532443, 0.000302624, 0.000227318, 2.048e-06, 335, 2598, 27
0.000404825, 0.000230591, 0.000170678, 0, 349, 2214, 0
0.000447116, 0.000267641, 0.0001768, 0, 349, 2180, 0
0.000659059, 0.000369918, 0.000286134, 0, 338, 2304, 0
0.000697287, 0.000369709, 0.000323999, 0, 339, 2264, 0
0.000396687, 0.000230988, 0.000163063, 1.357e-06, 339, 2409, 27
0.000364232, 0.000206448, 0.000155412, 0, 342, 2169, 0
0.000363606, 0.000204733, 0.000156954, 0, 343, 2253, 0
0.000529947, 0.000297534, 0.000229502, 0, 342, 2073, 0
0.000403633, 0.000223016, 0.000178566, 0, 330, 2320, 0
0.000606372, 0.000326828, 0.000277195, 2.034e-06, 341, 2067, 27
0.000642362, 0.000344863, 0.000294796, 0, 347, 2224, 0
0.000610328, 0.000337417, 0.000269759, 0, 339, 2160, 0
0.000598277, 0.000362735, 0.000232087, 0, 341, 2223, 0
0.000529699, 0.000279657, 0.000247302, 0, 341, 2255, 0
0.000477297, 0.000286712, 0.00018789, 1.808e-06, 343, 2165, 27
0.000936148, 0.000453392, 0.000479474, 0, 339, 2235, 0
0.000560682, 0.000306565, 0.000251785, 0, 344, 2178, 0
0.000469501, 0.000268904, 0.000198148, 0, 340, 2323, 0
0.000608041, 0.000323319, 0.000282498, 1.878e-06, 340, 2390, 27
0.000455054, 0.000251814, 0.000200888, 0, 340, 2328, 0
0.000826077, 0.000443373, 0.000379906, 0, 344, 2307, 0
0.000630122, 0.000342749, 0.000284762, 0, 340, 2313, 0
0.000575967, 0.00029533, 0.000278036, 0, 341, 2160, 0
0.000451942, 0.000252549, 0.000197037, 0, 344, 2189, 0
0.000374849, 0.000215201, 0.000156938, 0, 336, 2188, 0
0.00034858, 0.000198521, 0.000147541, 1.417e-06, 347, 2283, 27
0.000440133, 0.00022807, 0.000209719, 0, 337, 2453, 0
0.000619053, 0.000359595, 0.000256738, 0, 329, 2301, 0
0.000450088, 0.00024389, 0.000203043, 0, 350, 2389, 0
0.000700133, 0.000397847, 0.000299217, 0, 338, 2219, 0
0.000402076, 0.000247434, 0.000151997, 0, 341, 2452, 0
0.000505487, 0.000345371, 0.000157064, 0, 341, 2294, 0
0.000648126, 0.000372906, 0.000272212, 1.701e-06, 334, 2492, 27
0.00062766, 0.000335768, 0.000290105, 2.227e-06, 347, 2371, 27
0.00039993, 0.000239255, 0.000157957, 0, 341, 2324, 0
0.000448812, 0.000231434, 0.000214885, 0, 349, 2336, 0
0.000634362, 0.000339659, 0.000291493, 0, 347, 2439, 0
0.000352952, 0.000222483, 0.000128272, 0, 343, 2387, 0
0.000546591, 0.000303126, 0.00024116, 0, 343, 2145, 0
0.000313665, 0.000182297, 0.000129405, 0, 341, 2111, 0
0.000515351, 0.000261246, 0.000251646, 0, 339, 2237, 0
0.000438052, 0.000255909, 0.000179579, 0, 346, 2380, 0
0.000534279, 0.000292857, 0.000237779, 0, 338, 2038, 0
0.000388961, 0.000221223, 0.000163473, 0, 338, 2267, 0
0.000493942, 0.000282665, 0.000207093, 0, 336, 2289, 0
0.000586743, 0.000327167, 0.000256332, 0, 342, 2274, 0
0.000452371, 0.000254921, 0.00019533, 1.368e-06, 343, 2416, 27
0.000487012, 0.000322842, 0.000161819, 0, 342, 2379, 0
0.000452351, 0.000279932, 0.000170461, 0, 337, 2235, 0
0.000423256, 0.000237601, 0.000183271, 0, 350, 2260, 0
0.000610267, 0.000323562, 0.000284031, 0, 338, 2304, 0
0.000391143, 0.000222835, 0.000165938, 0, 343, 2373, 0
0.000370112, 0.000167685, 0.000200559, 4.179e-06, 350, 2330, 81
0.000490205, 0.000268487, 0.000217283, 0, 339, 2435, 0
0.000354315, 0.000228994, 0.000123305, 1.067e-06, 346, 2435, 27
0.000613594, 0.000332294, 0.00027846, 0, 344, 2312, 0
0.00052283, 0.000289742, 0.000230641, 0, 341, 2264, 0
0.0004554, 0.000226988, 0.000225807, 0, 351, 2315, 0
0.000587216, 0.000320539, 0.00026472, 0, 340, 2263, 0
0.000439363, 0.000249758, 0.000187053, 0, 348, 2382, 0
0.000408161, 0.000241072, 0.000164911, 0, 347, 2393, 0
0.000412235, 0.000216969, 0.00019327, 0, 339, 2300, 0
0.000562059, 0.000333723, 0.000226155, 0, 339, 2453, 0
0.000418519, 0.00025162, 0.000164051, 2.741e-06, 342, 2313, 54
0.000440256, 0.000254563, 0.000182056, 0, 339, 2463, 0
0.000439497, 0.000232625, 0.000204245, 0, 343, 2409, 0
0.000618369, 0.000335998, 0.000279292, 0, 337, 2397, 0
0.000597866, 0.000315237, 0.000280105, 0, 338, 2302, 0
0.000666071, 0.000338156, 0.000324245, 0, 351, 2448, 0
0.000500796, 0.000280558, 0.000218545, 1.734e-06, 341, 2033, 27
0.000638112, 0.000327497, 0.000308464, 0, 345, 2265, 0
0.000569296, 0.000310822, 0.00025581, 1.893e-06, 335, 2222, 27
0.000667988, 0.000345708, 0.000320211, 3.806e-06, 349, 2433, 54
0.000518639, 0.000290693, 0.000225374, 0, 339, 2371, 0
0.000552036, 0.000309938, 0.000240046, 0, 337, 2261, 0
0.000774056, 0.000392578, 0.00037879, 2.105e-06, 335, 2367, 27
0.000649511, 0.000376336, 0.000270935, 0, 335, 2368, 0
0.000396951, 0.000221135, 0.000173299, 0, 337, 2408, 0
0.000607299, 0.000321972, 0.000282575, 0, 335, 2094, 0
0.000313052, 0.000177893, 0.000132393, 0, 334, 2112, 0
0.00037579, 0.000261711, 0.00011146, 0, 338, 2295, 0
0.000565144, 0.000317739, 0.00024469, 0, 343, 2261, 0
0.00063355, 0.000347797, 0.000283705, 0, 337, 2433, 0
0.000685582, 0.00036808, 0.000314782, 0, 341, 2577, 0
0.000641354, 0.00035065, 0.000288212, 0, 346, 2365, 0
0.000592267, 0.000311961, 0.000278217, 1.782e-06, 335, 2539, 27
0.000433663, 0.00023894, 0.000191868, 1.759e-06, 348, 2399, 27
0.000648402, 0.000359088, 0.000286948, 1.948e-06, 347, 2473, 27
0.000615895, 0.000331753, 0.000280572, 0, 345, 2473, 0
0.00041127, 0.000229442, 0.000179473, 0, 349, 2421, 0
0.000616112, 0.000331058, 0.000283366, 1.746e-06, 340, 2156, 27
0.000640926, 0.00033779, 0.000300747, 2e-06, 344, 2456, 27
0.000539697, 0.000283502, 0.00025339, 1.616e-06, 349, 2349, 27
0.000499703, 0.000269856, 0.00022755, 0, 342, 2387, 0
0.000400703, 0.000220535, 0.000177769, 0, 342, 2293, 0
0.000377921, 0.000227367, 0.000147394, 0, 338, 2166, 0
0.000617811, 0.00035819, 0.00025653, 1.812e-06, 348, 2390, 27
0.000438693, 0.000245391, 0.000190794, 0, 335, 2435, 0
0.000440035, 0.000233934, 0.000201419, 1.379e-06, 323, 2204, 27
0.000535258, 0.000313424, 0.000218995, 0, 346, 2513, 0
0.000600156, 0.000358014, 0.000239675, 0, 342, 2250, 0
0.00057685, 0.000301951, 0.000272528, 0, 333, 2271, 0
0.000704943, 0.000364362, 0.000337764, 0, 346, 2305, 0
0.000599224, 0.000333081, 0.000263791, 0, 344, 2145, 0
0.000612009, 0.00033581, 0.000273965, 0, 342, 2323, 0
0.00044542, 0.000253961, 0.000189396, 1.719e-06, 349, 2547, 27
0.000483396, 0.000287048, 0.000193335, 0, 345, 2624, 0
0.000423382, 0.000236933, 0.000183725, 0, 344, 2193, 0
0.000330348, 0.000185642, 0.000141277, 0, 346, 2354, 0
0.000355737, 0.000209826, 0.000142845, 1.081e-06, 332, 2166, 27
0.000333235, 0.000190461, 0.000138883, 0, 334, 2006, 0
0.000607938, 0.000321038, 0.000284371, 0, 337, 2298, 0
0.000370738, 0.00024748, 0.000120837, 0, 341, 2124, 0
0.000418872, 0.000238801, 0.000177718, 1.535e-06, 338, 2028, 27
0.00038871, 0.000225267, 0.000159544, 1.288e-06, 334, 2229, 27
0.000606729, 0.000324163, 0.000280267, 0, 337, 2317, 0
0.000547461, 0.00030334, 0.00024085, 0, 339, 2269, 0
0.000639074, 0.000367687, 0.000268779, 0, 345, 2339, 0
0.000451802, 0.000274768, 0.000174789, 0, 337, 2401, 0
0.000394803, 0.000224184, 0.00016758, 0, 342, 2137, 0
0.00038909, 0.000227282, 0.000158635, 0, 342, 2289, 0
0.000622766, 0.000336317, 0.000284526, 0, 340, 2460, 0
0.000508822, 0.000247615, 0.000259256, 2.941e-06, 349, 2293, 54
0.000640804, 0.000334016, 0.000304428, 0, 348, 2368, 0
0.000695676, 0.000373706, 0.000319522, 1.817e-06, 346, 2626, 27
0.000409065, 0.000230677, 0.000175554, 1.52e-06, 354, 2176, 27
0.000506698, 0.000309811, 0.000194474, 0, 343, 2387, 0
0.000393259, 0.000238243, 0.000152731, 0, 341, 2422, 0
0.000681197, 0.000377079, 0.000301226, 0, 346, 2546, 0
0.000656802, 0.000365245, 0.000287925, 0, 342, 2305, 0
0.000498949, 0.000305925, 0.000190604, 1.908e-06, 341, 2252, 27
0.000558415, 0.000312986, 0.000242991, 0, 340, 2284, 0
0.000624779, 0.000354639, 0.000267188, 0, 337, 2312, 0
0.000488771, 0.000308121, 0.000177173, 0, 339, 2278, 0
0.000437488, 0.000270929, 0.00016408, 0, 347, 2471, 0
0.000430902, 0.000247249, 0.000180911, 0, 334, 2414, 0
0.000388431, 0.000222907, 0.000163607, 0, 346, 2294, 0
0.000600486, 0.000366137, 0.000231399, 0, 349, 2307, 0
0.000507569, 0.00030827, 0.000196686, 2.003e-06, 333, 2329, 54
0.000603831, 0.000322302, 0.000278896, 0, 343, 2327, 0
0.000597103, 0.000326945, 0.000267372, 1.375e-06, 342, 2337, 27
0.000443428, 0.000279238, 0.000161503, 0, 342, 2461, 0
0.000576017, 0.000315977, 0.000257212, 0, 343, 2222, 0
0.000367067, 0.000215327, 0.000149586, 0, 347, 2207, 0
0.000344149, 0.0001982, 0.000143174, 0, 339, 2331, 0
0.000386703, 0.000238631, 0.000144138, 1.059e-06, 332, 2243, 27
0.000458057, 0.000233962, 0.000221761, 1.539e-06, 334, 1989, 27
0.000375394, 0.000202747, 0.00017023, 1.51e-06, 341, 2258, 27
0.000363822, 0.000206865, 0.000154693, 0, 339, 2305, 0
0.000561079, 0.000295136, 0.000263875, 0, 344, 2457, 0
0.00031304, 0.00018868, 0.000122354, 0, 338, 2136, 0
0.000352845, 0.000220665, 0.000128089, 0, 339, 2128, 0
0.000484661, 0.000264913, 0.000217999, 1.321e-06, 350, 2356, 27
0.000477825, 0.000264484, 0.000211122, 0, 341, 2209, 0
0.000346192, 0.000190769, 0.000153756, 0, 340, 2276, 0
0.000366627, 0.000224216, 0.000137994, 0, 342, 2379, 0
0.000533861, 0.000278175, 0.000252951, 0, 340, 2288, 0
0.00058334, 0.000298517, 0.000282276, 0, 345, 2438, 0
0.000556634, 0.000300077, 0.000254495, 0, 346, 2457, 0
0.00049149, 0.00025958, 0.000230128, 1.438e-06, 345, 2153, 27
0.000511488, 0.000269744, 0.000240162, 0, 342, 2194, 0
0.000399625, 0.000215827, 0.000181276, 1.49e-06, 338, 2516, 27
0.000497709, 0.000272229, 0.000223594, 0, 338, 2418, 0
0.000510471, 0.000276054, 0.000232498, 0, 346, 2522, 0
0.000538516, 0.000291579, 0.000244766, 0, 337, 2325, 0
0.000519621, 0.000288016, 0.000229428, 0, 347, 2444, 0
0.000501325, 0.000269576, 0.000229683, 0, 333, 2260, 0
0.000582078, 0.000310093, 0.000269472, 0, 334, 2244, 0
0.000357676, 0.000206597, 0.000149003, 0, 343, 2215, 0
0.000501911, 0.000267163, 0.000232197, 0, 341, 2259, 0
0.000534246, 0.000286471, 0.000245548, 0, 339, 2262, 0
0.000348283, 0.000198793, 0.000146683, 0, 342, 2365, 0
0.00034398, 0.000200414, 0.000139154, 0, 338, 2326, 0
0.000438493, 0.000201225, 0.000234837, 2.123e-06, 342, 2348, 27
0.000528884, 0.000280141, 0.000246631, 1.551e-06, 342, 2507, 27
0.000495063, 0.000277932, 0.000215114, 0, 340, 2309, 0
0.000332993, 0.000189502, 0.000141579, 0, 347, 2328, 0
0.000407576, 0.000190757, 0.000215089, 1.312e-06, 339, 2151, 27
0.000400598, 0.000232533, 0.000163957, 0, 341, 2331, 0
0.000530775, 0.000296356, 0.000231829, 0, 339, 2342, 0
0.000570424, 0.000300987, 0.000266664, 1.492e-06, 335, 2318, 27
0.000357706, 0.000195297, 0.00016028, 0, 341, 2339, 0
0.000499143, 0.000275621, 0.00022097, 0, 339, 2098, 0
0.000356928, 0.00020086, 0.00015432, 0, 340, 2333, 0
0.000352728, 0.000202964, 0.000147202, 0, 348, 2384, 0
0.000331139, 0.000196368, 0.000130982, 0, 341, 2164, 0
0.000364598, 0.000210875, 0.000151062, 0, 333, 2345, 0
0.00037853, 0.000220663, 0.000155913, 0, 346, 2360, 0
0.000530059, 0.000287853, 0.000239744, 0, 337, 2435, 0
0.000371315, 0.000211753, 0.000156863, 0, 344, 2280, 0
0.000366762, 0.000211153, 0.000153539, 0, 342, 2356, 0
0.000382596, 0.000235229, 0.000144942, 0, 336, 2408, 0
0.000548653, 0.000288541, 0.000258722, 0, 349, 2484, 0
0.000490998, 0.000268983, 0.000219621, 0, 344, 2229, 0
0.000526811, 0.000289895, 0.000234543, 0, 338, 2516, 0
0.000561898, 0.000305253, 0.000253577, 0, 338, 2178, 0
0.000374886, 0.000212128, 0.000160732, 1.395e-06, 345, 2435, 27
0.00051527, 0.000274325, 0.000239066, 0, 344, 2069, 0
0.000230724, 0.000143932, 8.3375e-05, 0, 339, 2330, 0
0.000388683, 0.00022943, 0.000155613, 1.406e-06, 344, 2443, 27
0.000324354, 0.00018685, 0.000135416, 1.476e-06, 344, 2185, 27
0.000507547, 0.000280766, 0.000225059, 0, 338, 2433, 0
0.000521614, 0.000290708, 0.000228307, 0, 338, 2356, 0
0.000359872, 0.000220848, 0.00013596, 0, 342, 2187, 0
0.000497463, 0.000270283, 0.000224358, 0, 334, 2294, 0
0.00047169, 0.000265952, 0.000204359, 1.901e-06, 348, 2241, 27
0.00051606, 0.000277018, 0.000237074, 1.421e-06, 342, 2402, 27
0.000385553, 0.000223111, 0.000159765, 0, 336, 2384, 0
0.000325072, 0.000182547, 0.000140475, 0, 347, 2261, 0
0.000518927, 0.000287117, 0.000230199, 0, 330, 2205, 0
0.000351, 0.000194211, 0.000154823, 0, 341, 2505, 0
0.000345002, 0.000191439, 0.000150139, 0, 345, 2251, 0
0.000509012, 0.000277165, 0.000229354, 1.729e-06, 341, 2353, 27
0.000469818, 0.000258037, 0.000209422, 0, 341, 2182, 0
0.000321567, 0.000184711, 0.000134826, 0, 340, 2272, 0
0.000358167, 0.000206269, 0.000149528, 0, 340, 2252, 0
0.00033477, 0.000189437, 0.000143007, 0, 338, 2236, 0
0.000520905, 0.000280332, 0.000238692, 0, 339, 2253, 0
0.000321684, 0.000189292, 0.000130236, 0, 341, 2237, 0
0.000322026, 0.000183702, 0.000135532, 0, 343, 2223, 0
0.000495408, 0.000272683, 0.000220435, 0, 342, 2314, 0
0.000555513, 0.000296892, 0.00025621, 0, 338, 2358, 0
0.00048903, 0.000261461, 0.000225265, 0, 341, 2196, 0
0.000381421, 0.000219097, 0.000159534, 0, 342, 2353, 0
0.000513041, 0.000285688, 0.000225308, 0, 348, 2423, 0
0.00053443, 0.000287757, 0.000244776, 1.622e-06, 341, 2407, 27
0.000372887, 0.000203796, 0.000165767, 0, 347, 2426, 0
0.000515489, 0.000285969, 0.000227478, 0, 347, 2356, 0
0.000614878, 0.000335824, 0.000276352, 0, 338, 2172, 0
0.000491208, 0.000255291, 0.000233236, 1.948e-06, 342, 2325, 27
0.000525341, 0.000288471, 0.000234288, 0, 345, 2290, 0
0.000675185, 0.000368576, 0.000303051, 0, 350, 2341, 0
0.00053365, 0.000294766, 0.000237069, 0, 343, 2436, 0
0.000522866, 0.000288849, 0.000230981, 0, 344, 2475, 0
0.000551267, 0.00029484, 0.00025406, 1.442e-06, 343, 2415, 27
0.000487683, 0.000275394, 0.000210177, 0, 342, 2288, 0
0.000489556, 0.000266007, 0.000220741, 0, 340, 2124, 0
0.000372671, 0.000211263, 0.000159115, 0, 342, 2416, 0
0.000472336, 0.000258569, 0.000211956, 0, 341, 2302, 0
0.000314691, 0.000179312, 0.000133888, 1.186e-06, 340, 2162, 27
0.000335763, 0.000194295, 0.00013997, 0, 345, 2280, 0
0.000343495, 0.000190759, 0.00014947, 8.82e-07, 340, 2376, 27
0.000342814, 0.000196214, 0.000142878, 0, 343, 2251, 0
0.000555739, 0.000300658, 0.000253268, 0, 346, 2477, 0
0.000488486, 0.000262559, 0.00022355, 1.88e-06, 334, 2177, 27
0.000347082, 0.000200656, 0.00014492, 0, 345, 2430, 0
0.00053627, 0.000290334, 0.000244267, 0, 348, 2364, 0
0.0003931, 0.000226745, 0.000164157, 0, 340, 2294, 0
0.000519334, 0.000273748, 0.000243209, 1.532e-06, 340, 2166, 27
0.000530374, 0.000280352, 0.00024793, 1.593e-06, 339, 2391, 27
0.000290973, 0.000167276, 0.000121209, 1.499e-06, 342, 2084, 27
0.000347111, 0.000184694, 0.000159405, 0, 335, 2301, 0
0.000326035, 0.000182298, 0.00014201, 0, 326, 2232, 0
0.000485468, 0.000264978, 0.000218325, 0, 334, 2236, 0
0.0003873, 0.000196877, 0.000188013, 1.062e-06, 346, 2345, 27
0.000356409, 0.000226247, 0.000126313, 0, 340, 2167, 0
0.000338293, 0.000183642, 0.00014607, 0, 342, 2162, 0
0.000380731, 0.000220431, 0.000157225, 0, 333, 2306, 0
0.000326996, 0.000190292, 0.000132901, 1.317e-06, 342, 2196, 27
0.000320518, 0.000191571, 0.000127027, 0, 341, 2159, 0
0.000566708, 0.000308054, 0.00025651, 1.517e-06, 344, 2488, 27
0.000340783, 0.000198153, 0.000139707, 0, 343, 2226, 0
0.000364683, 0.00022314, 0.000138257, 1.152e-06, 340, 2257, 27
0.000670759, 0.000297571, 0.0003707, 0, 350, 2384, 0
0.000557089, 0.000308565, 0.000246099, 0, 342, 2250, 0
0.000324778, 0.000187594, 0.000135021, 0, 339, 2201, 0
0.000488959, 0.00026786, 0.000219362, 0, 343, 2286, 0
0.000343886, 0.000213888, 0.000125726, 0, 345, 2050, 0
0.000337849, 0.000213015, 0.00012061, 0, 340, 2146, 0
0.000489177, 0.000262504, 0.000222938, 0, 344, 2280, 0
0.000370437, 0.000228033, 0.000138394, 1.17e-06, 331, 2318, 27
0.000567069, 0.000318782, 0.000245521, 0, 345, 2550, 0
0.000341428, 0.000189405, 0.000149639, 0, 332, 2110, 0
0.000386593, 0.000225257, 0.000159035, 0, 343, 2188, 0
0.000874093, 0.000451031, 0.000419055, 0, 348, 2397, 0
0.000357497, 0.000205352, 0.000149289, 0, 347, 2408, 0
0.000380759, 0.000216998, 0.000159521, 0, 346, 2493, 0
0.00056942, 0.000343217, 0.000224083, 1.486e-06, 347, 2492, 27
0.00060851, 0.000329505, 0.000276225, 0, 336, 2500, 0
0.000402909, 0.000229153, 0.000171517, 1.849e-06, 348, 2454, 27
0.000616206, 0.000328954, 0.000284852, 0, 345, 2418, 0
0.000644209, 0.00034181, 0.00029897, 0, 341, 2421, 0
0.000385281, 0.000218732, 0.000164055, 1.749e-06, 345, 2220, 27
0.000650473, 0.000358311, 0.000289052, 0, 337, 2360, 0
0.000390494, 0.000223977, 0.000164018, 0, 341, 2299, 0
0.000583508, 0.000317629, 0.000263181, 1.892e-06, 333, 2298, 27
0.00035829, 0.000199658, 0.000157056, 1.446e-06, 336, 2350, 27
0.000591836, 0.000298007, 0.000291233, 2.349e-06, 331, 2070, 27
0.000409973, 0.000194623, 0.000213544, 0, 335, 2407, 0
0.000439816, 0.000232158, 0.000205254, 2.184e-06, 334, 2019, 27
0.000605826, 0.000352078, 0.000250179, 0, 339, 2265, 0
0.00038417, 0.000230902, 0.00015049, 0, 331, 2305, 0
0.000597626, 0.000334981, 0.00025958, 0, 336, 2296, 0
0.000445649, 0.000245678, 0.00019701, 2.329e-06, 348, 2462, 54
0.000401022, 0.000237766, 0.000161022, 0, 334, 2435, 0
0.000301636, 0.000195934, 0.000103951, 0, 350, 2326, 0
0.000408452, 0.000233824, 0.000172785, 0, 336, 2102, 0
0.000661577, 0.000359125, 0.000300311, 0, 336, 2514, 0
0.000421875, 0.000231549, 0.000188488, 0, 348, 2437, 0
0.000564178, 0.000311774, 0.000249347, 0, 341, 2267, 0
0.000593955, 0.000318328, 0.000273019, 0, 340, 2204, 0
0.000374164, 0.000204842, 0.000167661, 0, 340, 2171, 0
0.000356886, 0.000191127, 0.000164441, 0, 347, 2430, 0
0.000220532, 0.000125029, 9.4419e-05, 0, 340, 2341, 0
0.000366224, 0.000203576, 0.000161053, 0, 337, 2260, 0
0.000371004, 0.000212819, 0.000155489, 0, 342, 2284, 0
0.000592082, 0.000367988, 0.000221114, 0, 345, 2288, 0
0.000341884, 0.000198876, 0.000141167, 0, 338, 2238, 0
0.000246914, 0.000139824, 0.000103392, 0, 340, 2499, 0
0.000235261, 0.000133362, 0.000100739, 0, 339, 2437, 0
0.000235324, 0.000133452, 0.000100457, 0, 343, 2214, 0
0.00047068, 0.000274152, 0.000193205, 0, 343, 2301, 0
0.00057036, 0.000316567, 0.000250841, 1.877e-06, 337, 2236, 27
0.000381367, 0.000221588, 0.000157843, 0, 344, 2330, 0
0.000573691, 0.000309075, 0.000262027, 0, 338, 2270, 0
0.000505251, 0.000276666, 0.000225704, 0, 329, 2145, 0
0.000553757, 0.000287936, 0.00026328, 4.139e-06, 354, 2451, 108
0.000843393, 0.000385845, 0.000455026, 5.299e-06, 354, 2456, 81
0.000612959, 0.000228569, 0.000379434, 4.346e-06, 355, 2396, 108
0.0234475, 0.000138571, 0.000167874, 1.439e-06, 365, 2503, 54
0.000603949, 0.000282275, 0.00032002, 2.535e-06, 367, 2438, 54
0.00053773, 0.000229256, 0.000305978, 3.758e-06, 377, 2411, 81
0.0233406, 0.000139171, 0.0001622, 2.035e-06, 384, 2568, 81
0.00067163, 0.000238148, 0.000431556, 7.371e-06, 386, 2517, 189
0.000748062, 0.000361021, 0.000384801, 7.297e-06, 403, 2504, 162
0.000552394, 0.000273963, 0.000276487, 4.413e-06, 411, 2752, 108
0.0209212, 0.000156514, 0.000197603, 2.804e-06, 407, 2722, 108
0.00105934, 0.000484267, 0.000572674, 1.0343e-05, 413, 2790, 189
0.00085239, 0.000420458, 0.000429284, 7.654e-06, 405, 2756, 135
0.0211966, 0.000158706, 0.00018654, 3.377e-06, 427, 2616, 135
0.000992257, 0.000424519, 0.000565871, 1.625e-06, 438, 2908, 27
0.000698247, 0.000344272, 0.000350472, 2.964e-06, 435, 2858, 54
0.000605636, 0.000274777, 0.00032868, 3.269e-06, 438, 2943, 108
0.0200481, 0.000167244, 0.000204789, 6.43e-07, 419, 2708, 27
0.000504708, 0.000248807, 0.000254137, 1.869e-06, 421, 2796, 54
0.000674966, 0.000430727, 0.000241478, 2.91e-06, 445, 2893, 54
0.0255073, 0.00018157, 0.000202108, 1.142e-06, 442, 2885, 54
0.000762958, 0.000317908, 0.000442355, 3.898e-06, 442, 3077, 81
0.00101354, 0.000409136, 0.000602025, 7.65e-06, 444, 2838, 162
0.000667574, 0.000275317, 0.000389321, 4.327e-06, 437, 2963, 108
0.000698627, 0.000292125, 0.000404568, 5.612e-06, 427, 2885, 135
0.000958906, 0.000433345, 0.000523354, 1.2584e-05, 436, 2987, 270
0.0215827, 0.000166482, 0.000231607, 3.324e-06, 437, 2994, 162
0.00101563, 0.000439943, 0.000573471, 8.946e-06, 455, 3221, 162
0.000936241, 0.000401085, 0.000532484, 9.773e-06, 447, 2895, 189
0.00107382, 0.000443415, 0.000628103, 1.1307e-05, 439, 2958, 189
0.000979629, 0.000442046, 0.000535844, 8.628e-06, 442, 3094, 162
0.0626052, 0.00023279, 0.000333678, 3.409e-06, 435, 2979, 108
0.000876173, 0.000405939, 0.000468757, 5.366e-06, 431, 3106, 108
0.00083476, 0.000357348, 0.000474569, 4.931e-06, 434, 3050, 135
0.000825514, 0.00030847, 0.000514505, 9.948e-06, 432, 3135, 216
0.000725144, 0.000275797, 0.000446672, 7.592e-06, 422, 2656, 135
0.0010976, 0.000438976, 0.000655912, 1.103e-05, 436, 3056, 216
0.000940805, 0.000361142, 0.000577288, 8.278e-06, 428, 2800, 162
0.000892458, 0.000372738, 0.00051725, 6.375e-06, 439, 3111, 135
0.000898982, 0.000390943, 0.000506004, 4.386e-06, 435, 3017, 81
0.0581808, 0.000153326, 0.000249345, 2.75e-06, 434, 2927, 108
0.000755138, 0.000339453, 0.000412866, 1.612e-06, 437, 3085, 27
0.000806951, 0.000351531, 0.000452913, 7.026e-06, 439, 2953, 162
0.000531996, 0.000237377, 0.000290282, 2.974e-06, 449, 2857, 81
0.000828605, 0.000357678, 0.000468431, 4.936e-06, 446, 2919, 108
0.000585335, 0.000255236, 0.000327644, 5.412e-06, 454, 3126, 162
0.000765066, 0.000357404, 0.000406275, 5.153e-06, 440, 2833, 108
0.000849782, 0.0003546, 0.000493622, 1.0371e-05, 427, 2839, 216
0.000814804, 0.000364542, 0.000448064, 7.067e-06, 437, 3125, 162
0.000893066, 0.000358671, 0.000532446, 4.352e-06, 442, 2910, 81
0.00100128, 0.000383007, 0.000616614, 5.646e-06, 436, 3030, 108
0.00081449, 0.000336163, 0.000476563, 6.341e-06, 416, 2663, 135
0.0617546, 0.000143443, 0.000174575, 2.846e-06, 428, 2843, 135
0.000826119, 0.000380211, 0.000443084, 1.456e-06, 453, 3085, 27
0.000525494, 0.000254042, 0.000269166, 8.1e-06, 444, 2813, 243
0.000637365, 0.000261203, 0.00037331, 4.706e-06, 435, 3216, 135
0.000748423, 0.000329323, 0.000417636, 5.616e-06, 406, 2945, 135
0.000708458, 0.000303204, 0.000403633, 5.048e-06, 412, 2489, 108
0.0241725, 0.000143226, 0.00018416, 2.311e-06, 401, 2586, 108
0.000834707, 0.000310137, 0.000522073, 3.725e-06, 398, 2458, 81
0.000496051, 0.000205318, 0.000288965, 1.927e-06, 388, 2704, 54
0.000616012, 0.000350596, 0.00026297, 3.263e-06, 381, 2350, 81
0.000703496, 0.000323988, 0.000377106, 1.706e-06, 381, 2682, 27
0.000540646, 0.000217679, 0.000319082, 1.22e-06, 388, 2573, 27
0.0230545, 0.000116902, 0.000176966, 2.341e-06, 385, 2509, 108
0.000699256, 0.00029216, 0.000404966, 7.424e-06, 393, 2527, 162
0.000757353, 0.000323336, 0.000431778, 5.856e-06, 393, 2511, 108
0.000667064, 0.000305272, 0.000360376, 5.462e-06, 390, 2458, 108
0.000486171, 0.000202247, 0.000281506, 3.152e-06, 370, 2357, 81
0.0224405, 0.000111391, 0.000170314, 2.094e-06, 370, 2262, 108
0.000423436, 0.000191162, 0.00022972, 3.66e-06, 382, 2374, 81
0.000529719, 0.000220881, 0.000306418, 2.985e-06, 385, 2344, 54
0.000756299, 0.000345113, 0.000408757, 6.101e-06, 404, 2781, 135
0.0258731, 0.000196299, 0.000239615, 4.369e-06, 388, 2465, 135
0.000632023, 0.000238108, 0.000391373, 4.282e-06, 378, 2547, 108
0.000476014, 0.000192138, 0.000281876, 3.85e-06, 378, 2462, 81
0.000745821, 0.000320575, 0.000422727, 4.981e-06, 364, 2607, 108
0.0196572, 0.000108164, 0.000125273, 1.229e-06, 368, 2441, 54
0.000464488, 0.000214058, 0.00024765, 6.496e-06, 380, 2490, 162
0.000427944, 0.000193342, 0.000231164, 3.862e-06, 374, 2310, 108
0.000424602, 0.000195608, 0.000227194, 2.04e-06, 382, 2462, 54
0.000555093, 0.000276523, 0.000276105, 4.388e-06, 355, 2317, 81
0.000712077, 0.000282984, 0.000426896, 2.737e-06, 373, 2243, 54
0.000496125, 0.000202504, 0.000290866, 4.069e-06, 355, 2287, 108
0.000484778, 0.000234951, 0.00024588, 1.697e-06, 358, 2467, 27
0.000564926, 0.000288755, 0.000273015, 2.218e-06, 365, 2695, 54
0.000689417, 0.000288943, 0.000398586, 2.844e-06, 369, 2458, 54
0.000444253, 0.000214235, 0.000228155, 4.909e-06, 368, 2405, 135
0.000610824, 0.000268992, 0.000339639, 1.097e-05, 359, 2231, 162
0.000511973, 0.000205746, 0.000303618, 2.332e-06, 355, 2436, 54
0.000394869, 0.00018397, 0.000208846, 2.417e-06, 362, 2173, 54
0.000646669, 0.000309609, 0.0003357, 3.096e-06, 361, 2474, 54
0.000431972, 0.000179969, 0.000246822, 2.239e-06, 362, 2421, 54
0.000655322, 0.000307058, 0.000346123, 5.276e-06, 363, 2374, 108
0.000759944, 0.000344595, 0.000412523, 5.084e-06, 367, 2514, 81
0.000392252, 0.000198295, 0.000191565, 1.988e-06, 365, 2477, 54
0.00059701, 0.000274381, 0.000320285, 2.823e-06, 361, 2338, 54
0.000423517, 0.000199872, 0.000221328, 0, 355, 2253, 0
0.000472356, 0.000229315, 0.000241576, 1.915e-06, 363, 2334, 54
0.000460721, 0.000203571, 0.000253235, 2.988e-06, 362, 2556, 81
0.00036104, 0.000188723, 0.000170348, 0, 362, 2291, 0
0.00063338, 0.000322439, 0.000308966, 1.714e-06, 362, 2661, 27
0.000394067, 0.000196737, 0.000194792, 2.305e-06, 368, 2404, 54
0.000630816, 0.000290826, 0.000337983, 0, 363, 2316, 0
0.000692513, 0.000335903, 0.000354517, 2.832e-06, 356, 2670, 54
0.000366914, 0.00019185, 0.000172879, 1.066e-06, 367, 2293, 27
0.000425045, 0.000197872, 0.000223835, 5.353e-06, 355, 2374, 162
0.000619008, 0.00028614, 0.000330198, 1.441e-06, 364, 2424, 27
0.000424931, 0.000200584, 0.000221903, 2.364e-06, 369, 2434, 54
0.000420553, 0.000225575, 0.000191241, 1.983e-06, 363, 2283, 54
0.000556948, 0.000273047, 0.000281457, 1.48e-06, 359, 2279, 27
0.0006342, 0.000280247, 0.000351907, 5.902e-06, 358, 2158, 108
0.000746059, 0.000330204, 0.000413878, 5.214e-06, 361, 2473, 81
0.000718819, 0.000335789, 0.000380373, 5.751e-06, 353, 2428, 108
0.000604953, 0.000343566, 0.000259088, 0, 361, 2624, 0
0.000667465, 0.000316619, 0.000349264, 1.559e-06, 364, 2560, 27
0.00066678, 0.000317392, 0.000347333, 1.95e-06, 357, 2210, 27
0.000762635, 0.000347873, 0.000412222, 1.846e-06, 366, 2375, 27
0.000371351, 0.000222242, 0.000146665, 6.784e-06, 362, 2242, 54
0.00050833, 0.000259336, 0.000246035, 1.614e-06, 355, 2446, 27
0.000668128, 0.000294368, 0.000371277, 3.038e-06, 366, 2146, 54
0.000684902, 0.000355267, 0.000327323, 2.045e-06, 353, 2273, 27
0.000413089, 0.000218258, 0.000192259, 2.565e-06, 367, 2355, 54
0.000612479, 0.00029651, 0.000314221, 3.943e-06, 370, 2143, 81
0.000641306, 0.000307002, 0.000331325, 0, 358, 2348, 0
0.000736719, 0.000369092, 0.000365403, 0, 363, 2717, 0
0.000515941, 0.000250605, 0.000263347, 2.772e-06, 368, 2390, 54
0.000530288, 0.000292167, 0.000236394, 0, 349, 2416, 0
0.000665997, 0.000321933, 0.00034229, 4.51e-06, 372, 2505, 81
0.000533643, 0.000278805, 0.000251367, 3.029e-06, 353, 2139, 54
0.000674008, 0.000351334, 0.000320447, 1.615e-06, 362, 2528, 27
0.000750986, 0.00034981, 0.00039884, 3.311e-06, 361, 2499, 54
0.000455009, 0.000206058, 0.0002465, 4.976e-06, 370, 2185, 108
0.000479395, 0.000222644, 0.000254859, 4.723e-06, 374, 2407, 108
0.000811635, 0.000336732, 0.000472705, 7.584e-06, 371, 2304, 135
0.000548798, 0.000238746, 0.000307086, 1.652e-06, 360, 2218, 27
0.00077988, 0.000353762, 0.00042408, 4.392e-06, 374, 2456, 81
0.000539355, 0.000236302, 0.000300076, 5.378e-06, 382, 2504, 135
0.0213282, 0.000154679, 0.000168394, 2.534e-06, 380, 2519, 108
0.000705608, 0.00028832, 0.000415835, 7.391e-06, 384, 2587, 189
0.000736198, 0.000315367, 0.000418805, 3.098e-06, 375, 2263, 54
0.000803705, 0.000322676, 0.000478421, 5.889e-06, 358, 2264, 108
0.0229881, 0.000130389, 0.00017531, 2.365e-06, 352, 2269, 108
0.000343475, 0.000156216, 0.000185163, 3.356e-06, 344, 2005, 108
0.00065726, 0.000299126, 0.000354439, 4.318e-06, 343, 2300, 81
0.00080148, 0.000322485, 0.000476794, 9.267e-06, 335, 2257, 162
0.000742065, 0.000316789, 0.000422437, 5.837e-06, 322, 2072, 108
0.021852, 0.000154703, 0.000174111, 2.505e-06, 317, 2174, 81
0.000746339, 0.000312727, 0.000429801, 3.859e-06, 327, 2127, 81
0.000751417, 0.000320581, 0.000428649, 1.796e-06, 336, 2343, 27
0.000699247, 0.000316604, 0.00038002, 8.12e-06, 353, 1998, 135
0.000773883, 0.000347179, 0.000423735, 6.54e-06, 352, 2201, 108
0.0261591, 0.000124716, 0.00015492, 2.327e-06, 358, 2261, 81
0.000630015, 0.000233831, 0.000393868, 7.456e-06, 374, 2576, 189
0.00096194, 0.000393621, 0.000565986, 8.737e-06, 384, 2556, 135
0.000542515, 0.000241066, 0.000299594, 3.957e-06, 393, 2560, 135
0.000986847, 0.000391266, 0.000592608, 7.835e-06, 402, 2764, 135
0.0332552, 0.000221227, 0.000176882, 4.414e-06, 397, 2665, 162
0.000769083, 0.00047799, 0.000287749, 4.393e-06, 411, 2786, 108
0.000960406, 0.000426037, 0.000532214, 6.213e-06, 435, 3004, 108
0.000661827, 0.000288546, 0.000370894, 3.371e-06, 427, 2701, 81
0.0010412, 0.000449147, 0.00058937, 4.185e-06, 444, 2899, 54
0.02669, 0.000169843, 0.000187819, 2.426e-06, 434, 2846, 108
0.000776817, 0.000401328, 0.000373268, 4.249e-06, 450, 2971, 81
0.00071503, 0.000296278, 0.000416564, 4.768e-06, 441, 2754, 108
0.00070982, 0.000291385, 0.000415994, 7.287e-06, 439, 3095, 162
0.0632141, 0.000187376, 0.000278634, 1.771e-06, 454, 3149, 81
0.000810116, 0.000430756, 0.000376447, 4.345e-06, 455, 3140, 108
0.000632243, 0.000331672, 0.000297588, 4.823e-06, 440, 2736, 108
0.00061406, 0.000296143, 0.000315488, 7.696e-06, 449, 2835, 189
0.0290026, 0.000171603, 0.000198854, 2.04e-06, 448, 2832, 81
0.00111773, 0.000487357, 0.000627635, 6.804e-06, 468, 3038, 108
0.000550229, 0.000273645, 0.000274484, 2.739e-06, 447, 2802, 54
0.00097508, 0.000444511, 0.000527934, 1.763e-06, 450, 2968, 27
0.0249936, 0.000196461, 0.000203633, 3.354e-06, 435, 2992, 135
0.000796402, 0.000383609, 0.000410475, 5.6e-06, 419, 2773, 108
0.000625967, 0.000276982, 0.000346401, 5.627e-06, 419, 2843, 135
0.000608109, 0.000269644, 0.000336276, 6.305e-06, 428, 2768, 162
0.000606962, 0.000267579, 0.000336977, 1.689e-06, 419, 2615, 27
0.0245135, 0.000165911, 0.000291925, 2.658e-06, 429, 2604, 81
0.000595384, 0.000288147, 0.000304513, 8.2e-06, 417, 2609, 162
0.000812658, 0.000352995, 0.000457824, 4.232e-06, 414, 2529, 81
0.000822532, 0.000354736, 0.000465757, 4.075e-06, 410, 2540, 54
0.000556939, 0.000253268, 0.000300798, 6.206e-06, 403, 2486, 135
0.0271136, 0.000118457, 0.000160853, 6.44e-07, 388, 2614, 27
0.000843603, 0.000268175, 0.000573659, 1.0766e-05, 400, 2586, 162
0.00097221, 0.000398494, 0.000571373, 6.294e-06, 394, 2672, 108
0.000792132, 0.000389872, 0.000399847, 6.166e-06, 383, 2458, 108
0.0244082, 0.000153751, 0.000251799, 3.131e-06, 401, 2852, 135
0.000500708, 0.000234262, 0.000264558, 2.814e-06, 352, 2547, 54
0.000755616, 0.000340025, 0.000412971, 4.936e-06, 349, 2405, 81
0.000791571, 0.000327484, 0.0004614, 3.367e-06, 357, 2490, 54
0.0246955, 0.00013351, 0.00022187, 3.094e-06, 339, 2324, 108
0.00071651, 0.000321178, 0.000393215, 3.009e-06, 331, 2345, 54
0.000586317, 0.000249554, 0.00033391, 0, 317, 2501, 0
0.000829249, 0.000291444, 0.000535771, 6.86e-06, 318, 2011, 108
0.0267762, 0.000133533, 0.000166284, 1.875e-06, 340, 2415, 81
0.000856256, 0.000331747, 0.000522512, 5.944e-06, 332, 2487, 108
0.000560835, 0.000213519, 0.000344622, 2.999e-06, 333, 2069, 54
0.000729194, 0.000321469, 0.000405718, 4.825e-06, 341, 2361, 81
0.00069999, 0.000279592, 0.000418375, 7.255e-06, 319, 2191, 135
0.000838584, 0.000312103, 0.000524471, 4.805e-06, 333, 2421, 81
0.000401109, 0.000184091, 0.000214101, 2.092e-06, 336, 2056, 54
0.00074335, 0.000299167, 0.000442244, 7.711e-06, 333, 2313, 135
0.000510017, 0.000234232, 0.000273173, 2.683e-06, 326, 2393, 54
0.000509782, 0.000235915, 0.000271564, 2.164e-06, 319, 2284, 54
0.000520814, 0.000211024, 0.000305899, 2.045e-06, 333, 2318, 54
0.000620156, 0.000229325, 0.000388037, 6.784e-06, 327, 2079, 135
0.000549371, 0.00020191, 0.000345286, 2.294e-06, 335, 2138, 54
0.000843693, 0.000387037, 0.000453114, 3.841e-06, 333, 2495, 54
0.000590505, 0.000274152, 0.000314717, 2.326e-06, 325, 2291, 54
0.00100003, 0.00038767, 0.000609039, 3.754e-06, 332, 2428, 54
0.000722072, 0.000322479, 0.000396537, 4.582e-06, 340, 2482, 81
0.000538341, 0.000228967, 0.000306674, 2.599e-06, 323, 2398, 54
0.000699575, 0.000339083, 0.000358175, 0, 335, 2424, 0
0.000690576, 0.000263501, 0.000423964, 3.89e-06, 333, 2368, 81
0.000474735, 0.000198198, 0.000271289, 0, 327, 2255, 0
0.000472868, 0.000213963, 0.000255892, 0, 339, 2452, 0
0.000590603, 0.000285119, 0.000303311, 3.465e-06, 330, 2371, 54
0.000546815, 0.000254827, 0.000288082, 6.924e-06, 330, 2011, 135
0.000432594, 0.000193319, 0.000236716, 1.252e-06, 328, 2219, 27
0.000578859, 0.000253603, 0.000322247, 4.053e-06, 335, 2368, 81
0.000556076, 0.000301449, 0.000251192, 4.481e-06, 330, 2370, 108
0.000716484, 0.000336959, 0.000376859, 3.667e-06, 336, 2349, 54
0.00068431, 0.00031255, 0.000369745, 3.061e-06, 330, 2381, 54
0.000723913, 0.000350692, 0.000371221, 3.271e-06, 333, 2527, 54
0.00041177, 0.000208728, 0.000201086, 3.806e-06, 321, 2338, 81
0.000765176, 0.00034856, 0.000414525, 5.365e-06, 333, 2508, 81
0.000674183, 0.000305237, 0.000366638, 6.029e-06, 324, 2212, 108
0.000805619, 0.000459109, 0.000343199, 1.949e-06, 325, 2570, 27
0.000427421, 0.000213793, 0.000211521, 1.468e-06, 324, 2142, 27
0.000665708, 0.00032429, 0.000337828, 3.381e-06, 332, 2417, 54
0.000410554, 0.000199112, 0.000208005, 1.173e-06, 332, 2150, 27
0.000799415, 0.000353467, 0.000442095, 3.557e-06, 341, 2354, 54
0.000450928, 0.000233789, 0.000214657, 0, 328, 2471, 0
0.000520092, 0.000274312, 0.000243623, 3.329e-06, 327, 2182, 81
0.000636802, 0.00029349, 0.000340867, 3.145e-06, 330, 2261, 54
0.000642907, 0.000314245, 0.000326528, 1.664e-06, 330, 2398, 27
0.000424083, 0.000202527, 0.000219584, 1.221e-06, 325, 2235, 27
0.000444853, 0.000215024, 0.000227531, 4.621e-06, 335, 2082, 81
0.000721569, 0.000356523, 0.000363074, 0, 320, 2387, 0
0.000566743, 0.000276245, 0.000288445, 0, 331, 2261, 0
0.000552541, 0.000275444, 0.000272669, 2.898e-06, 330, 2113, 54
0.000429809, 0.000191739, 0.000235166, 0, 329, 2230, 0
0.000569356, 0.000286154, 0.000281464, 2.073e-06, 330, 2279, 27
0.000458963, 0.000237173, 0.000219484, 2.134e-06, 333, 2432, 54
0.000737393, 0.000339312, 0.000395972, 1.77e-06, 338, 2463, 27
0.000663135, 0.000334218, 0.000326752, 1.793e-06, 334, 2546, 27
0.000383681, 0.00019845, 0.000183643, 1.36e-06, 328, 2374, 27
0.000537776, 0.00028281, 0.000253185, 1.318e-06, 329, 2452, 27
0.000358774, 0.000186793, 0.00017006, 0, 331, 2368, 0
0.000544463, 0.000317837, 0.00022265, 0, 331, 2431, 0
0.000428315, 0.000247207, 0.000176328, 0, 337, 2232, 0
0.000609288, 0.000290961, 0.000316057, 3.332e-06, 327, 2346, 54
0.000518431, 0.000318799, 0.000197259, 2.614e-06, 333, 2481, 54
0.000476065, 0.000282444, 0.00019068, 1.375e-06, 319, 2234, 27
0.000522146, 0.000215232, 0.00030426, 3.222e-06, 338, 2293, 81
0.000610928, 0.000309299, 0.000298755, 2.96e-06, 342, 2372, 54
0.000568716, 0.000278004, 0.000288392, 3.438e-06, 329, 2210, 54
0.000374085, 0.000213133, 0.000158806, 0, 334, 2440, 0
0.000653977, 0.000326594, 0.000325573, 0, 332, 2565, 0
0.00065241, 0.000305644, 0.000345379, 6.01e-06, 319, 2322, 108
0.000664832, 0.00031082, 0.000351463, 2.825e-06, 326, 2402, 54
0.000729112, 0.000341784, 0.000384636, 3.753e-06, 336, 2489, 54
0.000450563, 0.000250066, 0.000197548, 1.737e-06, 329, 2070, 27
0.000631064, 0.000320378, 0.000308085, 0, 342, 2279, 0
0.000611508, 0.000316149, 0.00029232, 0, 330, 2299, 0
0.00040127, 0.00020746, 0.000192331, 2.511e-06, 342, 2384, 54
0.00045346, 0.00019749, 0.000252176, 1.737e-06, 337, 2122, 27
0.000442488, 0.000231522, 0.000207965, 0, 324, 2456, 0
0.000653619, 0.0003374, 0.000314033, 5.366e-06, 342, 2440, 108
0.000499726, 0.000284841, 0.000211558, 0, 328, 1933, 0
0.000411172, 0.000225679, 0.000182704, 2.565e-06, 329, 2347, 54
0.000432351, 0.000225833, 0.000203881, 1.342e-06, 326, 2465, 27
0.000600968, 0.0003079, 0.000290395, 3.392e-06, 330, 2111, 54
0.000623359, 0.000322951, 0.000298317, 3.204e-06, 331, 2399, 54
0.000522668, 0.000294169, 0.000226143, 1.641e-06, 335, 2456, 27
0.000418218, 0.000218077, 0.000198461, 1.784e-06, 325, 2021, 27
0.000405386, 0.000181487, 0.000221795, 4.358e-06, 328, 2176, 108
0.000695231, 0.000294251, 0.000399434, 0, 335, 2385, 0
0.000617083, 0.000258194, 0.000356211, 3.029e-06, 313, 2149, 54
0.000713759, 0.000281482, 0.000430619, 4.601e-06, 325, 2326, 108
0.000491976, 0.000256285, 0.000232826, 4.287e-06, 323, 2175, 135
0.020584, 0.000143115, 0.000179008, 0, 338, 2225, 0
0.000430915, 0.000200483, 0.000228533, 3.024e-06, 338, 2482, 81
0.00047481, 0.000206794, 0.000265575, 0, 333, 2347, 0
0.0216451, 0.000113543, 0.000152173, 1.365e-06, 343, 2213, 54
0.0004211, 0.000199702, 0.000217216, 2.272e-06, 322, 2227, 54
0.000631699, 0.000274292, 0.000355075, 7.237e-06, 355, 2338, 162
0.0211408, 0.000109122, 0.000114829, 0, 357, 2280, 0
0.000417103, 0.000187945, 0.000225051, 3.663e-06, 364, 2224, 108
0.000653721, 0.000293143, 0.000358428, 2.886e-06, 374, 2284, 54
0.0219099, 0.000135852, 0.000174733, 2.105e-06, 379, 2431, 81
0.000494958, 0.000208389, 0.000284254, 4.578e-06, 400, 2459, 135
0.00050911, 0.000220686, 0.000285484, 2.681e-06, 411, 2560, 81
0.000812423, 0.000348811, 0.000461887, 3.433e-06, 424, 2778, 54
0.0234465, 0.000129937, 0.000170867, 1.911e-06, 421, 2722, 108
0.000528795, 0.000218703, 0.000307576, 5.608e-06, 429, 2748, 162
0.000545712, 0.000251434, 0.000290405, 6.006e-06, 457, 2851, 189
0.0226489, 0.000148795, 0.000205223, 3.065e-06, 469, 2914, 135
0.000885167, 0.000401836, 0.000481213, 0, 471, 3015, 0
0.000967921, 0.000421681, 0.000544011, 5.824e-06, 465, 3061, 108
0.000793514, 0.000360803, 0.0004305, 6.469e-06, 456, 2987, 135
0.0205882, 0.000196815, 0.000201217, 2.541e-06, 450, 3018, 81
0.000528398, 0.00024459, 0.000281435, 4.636e-06, 448, 2784, 135
0.000819834, 0.000329783, 0.000488788, 9.803e-06, 466, 3100, 243
0.000568173, 0.000261127, 0.000305112, 3.557e-06, 473, 3315, 108
0.000514732, 0.000262261, 0.00024987, 4.245e-06, 457, 3041, 108
0.0215917, 0.000150553, 0.000197679, 3.64e-06, 455, 3082, 162
0.000850076, 0.00039655, 0.000451422, 5.649e-06, 455, 3142, 108
0.000502128, 0.000241688, 0.000258072, 1.916e-06, 441, 2809, 54
0.000531318, 0.000275664, 0.000254182, 0, 444, 2787, 0
0.000481054, 0.000222316, 0.000256684, 1.839e-06, 446, 2819, 54
0.000782848, 0.000359006, 0.000421552, 4.079e-06, 458, 3065, 81
0.000591583, 0.000261984, 0.00032763, 4.394e-06, 466, 3154, 135
0.000552043, 0.000251437, 0.000298752, 3.291e-06, 465, 3091, 81
0.000608997, 0.000255125, 0.000352221, 3.031e-06, 457, 3085, 81
0.0215521, 0.00015306, 0.000229245, 8.859e-06, 451, 2925, 189
0.000744452, 0.000364672, 0.00037804, 4.65e-06, 457, 2831, 108
0.000591163, 0.000253734, 0.000335534, 4.247e-06, 486, 3252, 162
0.00056847, 0.000248874, 0.000317204, 2.304e-06, 479, 3053, 54
0.000617439, 0.00026987, 0.000345519, 5.304e-06, 483, 3082, 135
0.000599069, 0.000271828, 0.000325145, 2.96e-06, 486, 3195, 81
0.000494564, 0.000239452, 0.000253533, 5.134e-06, 467, 2854, 135
0.000485262, 0.000238316, 0.000245378, 3.036e-06, 470, 2843, 81
0.000733425, 0.000356134, 0.000374901, 2.492e-06, 461, 2865, 54
0.0232231, 0.00016375, 0.00021785, 3.297e-06, 458, 3084, 81
0.000539996, 0.000246676, 0.000291904, 2.307e-06, 443, 2879, 81
0.000278975, 0.000133534, 0.000143122, 1.624e-06, 436, 2981, 81
0.00053016, 0.000257815, 0.000270425, 4.355e-06, 457, 3092, 108
0.0564051, 0.000155839, 0.000205671, 2.823e-06, 465, 3154, 108
0.000669789, 0.000270588, 0.000396959, 6.984e-06, 451, 3043, 189
0.000777199, 0.000355677, 0.000418804, 4.296e-06, 451, 2853, 81
0.000592113, 0.00029058, 0.000299074, 5.317e-06, 455, 3058, 135
0.000711252, 0.00033314, 0.000375709, 4.436e-06, 463, 2791, 108
0.0232123, 0.000147141, 0.000215687, 2.385e-06, 463, 3082, 108
0.000862264, 0.000386394, 0.000473154, 1.0019e-05, 447, 2916, 216
0.00053137, 0.000241462, 0.000287931, 6.831e-06, 445, 2948, 216
0.0201371, 0.000186789, 0.000244572, 4.965e-06, 437, 3059, 216
0.000441487, 0.000225081, 0.000213833, 1.257e-06, 430, 2757, 27
0.000492351, 0.000219331, 0.000268505, 2.969e-06, 414, 2675, 54
0.000745225, 0.000345949, 0.000396769, 5.221e-06, 391, 2661, 108
0.0233503, 0.000125476, 0.000150297, 1.297e-06, 386, 2726, 54
0.000576282, 0.000307541, 0.000266906, 4.674e-06, 381, 2492, 108
0.000543919, 0.00013298, 0.000409251, 1.317e-06, 394, 2500, 54
0.000402885, 0.000208051, 0.000193022, 4.424e-06, 388, 2381, 135
0.000442805, 0.000206773, 0.000233511, 2.007e-06, 390, 2513, 54
0.022752, 0.00013133, 0.000131036, 6.83e-07, 390, 2431, 27
0.000656997, 0.000312322, 0.000340932, 1.696e-06, 380, 2572, 27
0.000758243, 0.000309815, 0.000446252, 7.3e-06, 375, 2496, 135
0.000450709, 0.000195381, 0.000253219, 4.895e-06, 374, 2292, 135
0.000504195, 0.000199543, 0.000303377, 3.989e-06, 368, 2294, 108
0.000513532, 0.000296145, 0.000215282, 3.705e-06, 368, 2378, 108
0.000615936, 0.00031311, 0.000300891, 0, 367, 2528, 0
0.000433314, 0.00020111, 0.000230344, 4.303e-06, 364, 2368, 108
0.000460126, 0.000218354, 0.000239213, 5.034e-06, 380, 2657, 108
0.000582356, 0.000244389, 0.000335322, 5.927e-06, 386, 2811, 135
0.000583341, 0.000284127, 0.000297251, 2.407e-06, 374, 2485, 54
0.000470395, 0.000226131, 0.0002411, 5.721e-06, 384, 2523, 135
0.000467341, 0.00021382, 0.00025074, 2.9e-06, 383, 2680, 81
0.000390799, 0.000177927, 0.000210897, 3.783e-06, 386, 2402, 108
0.000550272, 0.000304029, 0.000244098, 2.059e-06, 381, 2494, 54
0.000417153, 0.000205916, 0.000207063, 0, 380, 2485, 0
0.000624037, 0.000285207, 0.000336419, 2.781e-06, 381, 2313, 54
0.0201474, 0.000164, 0.000173215, 9.48e-07, 377, 2703, 27
0.000657099, 0.000318616, 0.000336752, 2.821e-06, 376, 2594, 54
0.000702166, 0.00032671, 0.000373142, 3.755e-06, 369, 2636, 81
0.000443328, 0.000200554, 0.000240761, 1.632e-06, 366, 2611, 27
0.000708498, 0.000328126, 0.000377718, 4.614e-06, 366, 2630, 81
0.00070321, 0.000315902, 0.000385237, 3.885e-06, 365, 2603, 81
0.000532154, 0.000250492, 0.000279303, 1.42e-06, 357, 2191, 27
0.000536552, 0.000318121, 0.000216071, 3.282e-06, 369, 2383, 81
0.00047547, 0.000220678, 0.000252571, 2.803e-06, 379, 2720, 81
0.000457515, 0.000216453, 0.000239066, 2.715e-06, 380, 2526, 81
0.00063411, 0.000316511, 0.000316074, 1.852e-06, 380, 2680, 27
0.000459888, 0.000206943, 0.000250736, 4.307e-06, 375, 2496, 81
0.000381655, 0.000181467, 0.000198129, 2.102e-06, 375, 2253, 54
0.000474717, 0.000213221, 0.000258789, 0, 382, 2682, 0
0.000553481, 0.00027353, 0.000277333, 2.422e-06, 390, 2520, 54
0.000443321, 0.000232347, 0.000208765, 2.184e-06, 402, 2698, 54
0.0272466, 0.000146592, 0.000149605, 3.227e-06, 384, 2429, 135
0.000450909, 0.000214599, 0.000232485, 2.351e-06, 378, 2428, 54
0.00046652, 0.000225162, 0.000237278, 2.222e-06, 380, 2576, 54
0.000658774, 0.00029629, 0.000360686, 5.617e-06, 371, 2558, 135
0.000440005, 0.000203779, 0.000231765, 3.777e-06, 361, 2344, 108
0.000405235, 0.000208611, 0.00019377, 3.138e-06, 378, 2470, 81
0.000627513, 0.000277782, 0.000347417, 2.809e-06, 372, 2383, 54
0.000359777, 0.000173362, 0.000184169, 3.375e-06, 374, 2179, 81
0.000391425, 0.000191339, 0.00019627, 1.026e-06, 360, 2313, 27
0.000438944, 0.000194881, 0.000241255, 3.182e-06, 367, 2347, 81
0.000441895, 0.000209917, 0.00022773, 2.116e-06, 379, 2488, 54
0.000651682, 0.000301892, 0.000347698, 9.298e-06, 373, 2358, 108
0.000416391, 0.000193262, 0.000220469, 3.56e-06, 363, 2423, 108
0.000464573, 0.000227912, 0.000232755, 0, 369, 2456, 0
0.000649005, 0.000275944, 0.000370528, 3.861e-06, 355, 2244, 54
0.0292519, 0.000134319, 0.000146816, 3.625e-06, 368, 2374, 135
0.000569552, 0.000253582, 0.000313587, 4.181e-06, 359, 2217, 81
0.000408916, 0.000188563, 0.000218153, 1.553e-06, 334, 2129, 27
0.000409688, 0.000197416, 0.000209311, 3.998e-06, 350, 2364, 108
0.000583265, 0.000280083, 0.000300901, 5.507e-06, 353, 2332, 135
0.000572011, 0.00024633, 0.000323942, 5.605e-06, 348, 2219, 135
0.000616072, 0.000352065, 0.000261014, 3.213e-06, 367, 2450, 81
0.000591529, 0.000277142, 0.0003126, 6.059e-06, 352, 2335, 135
0.000656932, 0.000302487, 0.000352538, 5.98e-06, 370, 2370, 135
0.000718619, 0.000293859, 0.000422206, 9.332e-06, 378, 2503, 216
0.000641238, 0.000268223, 0.00037041, 5.029e-06, 357, 2279, 108
0.000502517, 0.000212914, 0.000288239, 6.675e-06, 375, 2431, 189
0.000444834, 0.000201201, 0.000241058, 1.998e-06, 381, 2434, 54
0.000511944, 0.00020887, 0.000300643, 8.107e-06, 357, 2365, 216
0.000462019, 0.00021768, 0.000242609, 4.694e-06, 385, 2576, 162
0.000726559, 0.000292936, 0.000431947, 8.99e-06, 377, 2490, 216
0.000739684, 0.000353241, 0.000384442, 5.906e-06, 376, 2527, 108
0.000589457, 0.000225915, 0.000360902, 5.212e-06, 369, 2410, 108
0.0202882, 0.000150964, 0.000235936, 4.857e-06, 378, 2614, 216
0.000713502, 0.000315432, 0.000396665, 7.406e-06, 384, 2355, 135
0.000835499, 0.000320037, 0.000513293, 1.1933e-05, 383, 2545, 270
0.000481362, 0.000208196, 0.000271637, 5.023e-06, 353, 2298, 162
0.000624426, 0.00032998, 0.000292204, 5.46e-06, 351, 2414, 135
0.000564937, 0.000211463, 0.000351467, 6.38e-06, 349, 2227, 162
0.000522225, 0.000266605, 0.000253828, 3.337e-06, 358, 2277, 81
0.000717303, 0.0003145, 0.000400328, 4.273e-06, 370, 2487, 81
0.000510407, 0.000213939, 0.000293733, 4.248e-06, 351, 2261, 108
0.000780384, 0.000337734, 0.000440227, 5.274e-06, 372, 2398, 81
0.000631412, 0.000300912, 0.00032838, 3.175e-06, 356, 2368, 81
0.000739163, 0.000320504, 0.000416304, 2.218e-06, 364, 2414, 54
0.000449841, 0.000213644, 0.000232096, 2.626e-06, 362, 2338, 54
0.00050916, 0.000197091, 0.000307477, 3.296e-06, 345, 2134, 81
0.000617832, 0.000321437, 0.000293778, 5.253e-06, 366, 2362, 81
0.000594026, 0.000226426, 0.000365457, 4.667e-06, 363, 2422, 108
0.000493408, 0.000230034, 0.000260929, 2.143e-06, 349, 2250, 54
0.000888691, 0.000402841, 0.000483413, 8.426e-06, 378, 2615, 135
0.000470156, 0.000221469, 0.000246431, 5.521e-06, 357, 2409, 135
0.000719377, 0.000319935, 0.000397741, 6.676e-06, 369, 2440, 135
0.000743684, 0.000337413, 0.000403805, 1.776e-06, 377, 2535, 27
0.000496342, 0.000198018, 0.000296102, 4.852e-06, 360, 2323, 135
0.000661478, 0.000341424, 0.000317948, 1.578e-06, 373, 2569, 27
0.000679779, 0.00032392, 0.000353907, 3.207e-06, 366, 2391, 54
0.000479081, 0.000258732, 0.000218254, 5.1e-06, 375, 2383, 135
0.000752665, 0.000322447, 0.0004281, 6.323e-06, 370, 2506, 108
0.000668322, 0.00032117, 0.000344477, 3.404e-06, 356, 2256, 54
0.000715255, 0.000341644, 0.00037167, 0, 378, 2499, 0
0.000805839, 0.000341758, 0.000460443, 3.412e-06, 371, 2527, 81
0.000362427, 0.000220081, 0.000139354, 1.815e-06, 353, 2258, 81
0.000620264, 0.000313529, 0.00030447, 0, 382, 2512, 0
0.000535792, 0.00028665, 0.000246476, 2.599e-06, 367, 2445, 54
0.000494467, 0.000226541, 0.000265459, 1.208e-06, 352, 2390, 27
0.00052012, 0.000271344, 0.000245676, 1.913e-06, 378, 2451, 27
0.000467082, 0.000218809, 0.000243915, 3.927e-06, 358, 2364, 108
0.000595923, 0.000332858, 0.000259726, 1.351e-06, 365, 2410, 27
0.000559453, 0.000261464, 0.000278052, 2.163e-06, 367, 2384, 27
0.000729255, 0.00033934, 0.0003865, 6.24e-06, 362, 2347, 108
0.000481946, 0.000260877, 0.000218728, 4.629e-06, 370, 2464, 108
0.000579943, 0.000292635, 0.000285545, 1.615e-06, 372, 2337, 27
0.000630221, 0.000302498, 0.00032561, 2.958e-06, 360, 2349, 54
0.000711023, 0.000348967, 0.000359658, 0, 376, 2495, 0
0.000703416, 0.000294659, 0.000407153, 6.575e-06, 357, 2277, 135
0.000572485, 0.000243576, 0.000326807, 4.5e-06, 368, 2442, 81
0.000644049, 0.000321318, 0.000319959, 2.821e-06, 373, 2397, 54
0.000674625, 0.000318046, 0.000354554, 4.388e-06, 352, 2285, 81
0.000756522, 0.000336653, 0.000416912, 1.673e-06, 372, 2477, 27
0.000682598, 0.000335583, 0.000345343, 5.232e-06, 364, 2495, 81
0.000580424, 0.000289556, 0.000288299, 1.736e-06, 349, 2170, 27
0.000672964, 0.000356649, 0.000314346, 0, 377, 2548, 0
0.00043118, 0.000217742, 0.000211401, 2.628e-06, 364, 2348, 54
0.000730568, 0.000360201, 0.000367927, 4.344e-06, 361, 2476, 81
0.000729744, 0.000354926, 0.000372224, 6.197e-06, 378, 2524, 108
0.000587801, 0.000289703, 0.000296053, 3.14e-06, 358, 2412, 81
0.00050233, 0.000247965, 0.000251867, 0, 368, 2445, 0
0.000421716, 0.000198029, 0.000221501, 0, 373, 2359, 0
0.000662178, 0.000296836, 0.000362762, 4.021e-06, 359, 2327, 81
0.000625955, 0.00030812, 0.0003158, 1.632e-06, 368, 2516, 27
0.000427921, 0.000216979, 0.000207841, 2.953e-06, 359, 2330, 108
0.000385502, 0.000212724, 0.000170936, 1.141e-06, 378, 2458, 27
0.000528035, 0.000262087, 0.000263968, 2.939e-06, 364, 2358, 54
0.00046109, 0.000215929, 0.000242837, 3.457e-06, 359, 2298, 81
0.000392466, 0.000198978, 0.000192453, 2.616e-06, 377, 2418, 81
0.000585654, 0.0003003, 0.000283307, 3.543e-06, 363, 2432, 54
0.000725186, 0.000344842, 0.000378622, 3.098e-06, 369, 2474, 54
0.000510339, 0.000233021, 0.000253485, 3.183e-06, 368, 2525, 81
0.000507239, 0.000238913, 0.00026531, 0, 356, 2309, 0
0.000758909, 0.000337116, 0.000418506, 3.263e-06, 363, 2440, 54
0.000771116, 0.000356548, 0.000412127, 6.1e-06, 360, 2305, 81
0.000745808, 0.000355653, 0.000387175, 3.662e-06, 355, 2363, 54
0.000481102, 0.000226703, 0.00025179, 4.325e-06, 360, 2421, 108
0.000678551, 0.000340667, 0.000334899, 1.78e-06, 341, 2232, 27
0.000699511, 0.000451092, 0.000244959, 1.365e-06, 355, 2297, 27
0.000486697, 0.000210009, 0.000273145, 5.031e-06, 340, 2238, 108
0.000556615, 0.000264858, 0.000289188, 2.767e-06, 328, 2062, 54
0.000390521, 0.00019225, 0.000195776, 2.876e-06, 353, 2324, 81
0.000398731, 0.000186636, 0.000208285, 3.981e-06, 334, 2129, 108
0.000439364, 0.000189566, 0.000246009, 2.885e-06, 338, 2185, 81
0.000782985, 0.000495488, 0.000285338, 3.381e-06, 355, 2246, 81
0.000581391, 0.000281243, 0.000297663, 2.709e-06, 343, 2373, 54
0.000499637, 0.000244228, 0.000252736, 5.159e-06, 357, 2080, 108
0.000413546, 0.000202559, 0.000207009, 2.939e-06, 356, 2284, 81
0.000444868, 0.000203227, 0.000237263, 4.996e-06, 346, 2290, 135
0.000550359, 0.000268067, 0.000280325, 2.007e-06, 355, 2277, 27
0.000555639, 0.00027561, 0.000278167, 3.061e-06, 345, 2167, 54
0.000579341, 0.000297652, 0.000279847, 2.613e-06, 344, 2301, 54
0.000388435, 0.000200188, 0.000186493, 1.136e-06, 368, 2225, 27
0.00045131, 0.000201996, 0.000246527, 3.17e-06, 350, 2347, 81
0.000571246, 0.000285438, 0.000283728, 4.075e-06, 365, 2259, 81
0.000506362, 0.000239278, 0.000264188, 3.131e-06, 365, 2468, 81
0.000397654, 0.0001789, 0.000216324, 4.418e-06, 353, 2218, 108
0.000730206, 0.000298717, 0.000429798, 3.105e-06, 363, 2359, 54
0.000470764, 0.000212425, 0.000255899, 2.863e-06, 376, 2675, 81
0.0188478, 0.000129955, 0.000131156, 0, 354, 2240, 0
0.000403002, 0.000188326, 0.00021226, 2.456e-06, 362, 2389, 54
0.000413752, 0.000199103, 0.000212517, 4.33e-06, 369, 2272, 108
0.00063915, 0.000285882, 0.000350329, 0, 356, 2306, 0
0.000376173, 0.000181469, 0.000192591, 1.073e-06, 353, 2249, 27
0.000605081, 0.00029459, 0.000308277, 1.511e-06, 363, 2406, 27
0.000448116, 0.000211478, 0.000234592, 2.054e-06, 376, 2544, 54
0.021331, 0.00011348, 0.000141154, 1.147e-06, 371, 2389, 54
0.000460279, 0.000227776, 0.000229769, 2.35e-06, 375, 2514, 54
0.000435907, 0.000202102, 0.000229889, 2.847e-06, 368, 2569, 81
0.000627163, 0.000302772, 0.000321051, 2.703e-06, 362, 2449, 54
0.000625632, 0.000291503, 0.00033123, 1.302e-06, 370, 2529, 27
0.0219622, 0.000144086, 0.00014861, 6.71e-07, 371, 2582, 27
0.000409556, 0.00019608, 0.000211036, 3.882e-06, 375, 2299, 108
0.000376229, 0.000186887, 0.000187924, 8.07e-07, 369, 2319, 27
0.000777981, 0.000350551, 0.000424484, 5.838e-06, 371, 2617, 108
0.000704905, 0.000324868, 0.000378371, 6.239e-06, 380, 2552, 135
0.00043236, 0.000204983, 0.000225519, 3.171e-06, 390, 2450, 81
0.000617226, 0.000290113, 0.000325096, 1.534e-06, 384, 2455, 27
0.0202146, 0.00011568, 0.000156395, 1.179e-06, 360, 2433, 54
0.000433042, 0.000203641, 0.000227389, 1.024e-06, 365, 2547, 27
0.000439468, 0.000209202, 0.000227984, 5.505e-06, 360, 2460, 135
0.000651266, 0.000285321, 0.000364277, 1.509e-06, 373, 2294, 27
0.000472843, 0.000234164, 0.000236334, 2.835e-06, 375, 2580, 81
0.0237113, 0.000129882, 0.000141208, 1.41e-06, 389, 2556, 54
0.000540327, 0.000248627, 0.000289731, 3.553e-06, 398, 2818, 108
0.000307678, 0.000153357, 0.000150409, 1.535e-06, 406, 2858, 54
0.00044645, 0.000228667, 0.0002139, 5.259e-06, 404, 2630, 162
0.00079435, 0.000346036, 0.000446272, 7.291e-06, 409, 3043, 135
0.025117, 0.000143133, 0.00018898, 1.947e-06, 422, 3113, 81
0.000662295, 0.000324786, 0.000335111, 2.893e-06, 414, 2685, 54
0.000600635, 0.000395587, 0.000202451, 3.006e-06, 422, 3040, 81
0.000636731, 0.000278355, 0.000354826, 4.13e-06, 441, 3186, 108
0.000514408, 0.000256876, 0.000255365, 3.294e-06, 438, 2878, 81
0.0241487, 0.000138185, 0.000179509, 2.594e-06, 433, 2897, 135
0.000561466, 0.000254958, 0.00030439, 4.023e-06, 437, 3028, 108
0.000473055, 0.000232943, 0.000237825, 2.986e-06, 422, 2860, 81
0.000483719, 0.000227033, 0.000252535, 1.172e-06, 413, 2770, 27
0.0696151, 0.000160563, 0.000208278, 1.85e-06, 445, 3096, 81
0.000863285, 0.00040084, 0.000460492, 6.208e-06, 451, 2962, 108
0.000807544, 0.00040784, 0.00039681, 5.715e-06, 441, 2982, 108
0.000806394, 0.000376037, 0.000428247, 2.735e-06, 442, 2982, 54
0.0240028, 0.000143326, 0.000156907, 1.176e-06, 432, 2827, 54
0.000426687, 0.000214845, 0.000210129, 2.659e-06, 424, 2685, 81
0.000534209, 0.000248907, 0.000282264, 2.202e-06, 434, 2882, 54
0.000551883, 0.000254105, 0.000294698, 5.55e-06, 437, 2830, 135
0.0225668, 0.000146973, 0.000181027, 2.277e-06, 444, 2896, 81
0.000444905, 0.000213483, 0.000230075, 4.929e-06, 422, 2726, 135
0.00048721, 0.000233051, 0.000251214, 2.984e-06, 409, 2871, 81
0.000777589, 0.000330045, 0.000444873, 3.998e-06, 402, 2594, 81
0.0241108, 0.000145999, 0.000170015, 2.911e-06, 405, 2754, 135
0.000509073, 0.000260916, 0.000245771, 2.177e-06, 408, 2755, 54
0.00066805, 0.000300081, 0.000366151, 1.524e-06, 396, 2500, 27
0.000444905, 0.00023149, 0.000211361, 1.245e-06, 374, 2641, 27
0.000477335, 0.00021486, 0.000259948, 3.43e-06, 382, 2537, 108
0.0197541, 0.000159476, 0.000146596, 2.095e-06, 368, 2490, 81
0.000679703, 0.000325239, 0.000352334, 4.25e-06, 356, 2243, 81
0.000764714, 0.000369391, 0.000392971, 4.804e-06, 364, 2549, 81
0.000531016, 0.000282286, 0.000245345, 1.864e-06, 373, 2621, 27
0.000510915, 0.000238213, 0.000270463, 5.291e-06, 361, 2208, 108
0.00050858, 0.000232339, 0.000272739, 3.336e-06, 371, 2530, 81
0.000399173, 0.000208975, 0.000188348, 2.429e-06, 363, 2202, 54
0.000694545, 0.000342778, 0.000350051, 2.037e-06, 366, 2493, 27
0.000577083, 0.000263074, 0.000311557, 5.74e-06, 366, 2489, 135
0.000703179, 0.000363973, 0.000316848, 6.141e-06, 355, 2330, 108
0.000747723, 0.000358509, 0.000386814, 4.903e-06, 361, 2529, 81
0.000641235, 0.000354919, 0.000284394, 1.609e-06, 367, 2518, 27
0.000751717, 0.000358197, 0.000391186, 1.787e-06, 364, 2440, 27
0.000456406, 0.000251378, 0.000202598, 0, 365, 2414, 0
0.000646784, 0.000297725, 0.000346552, 6.484e-06, 360, 2042, 108
0.000444946, 0.000241885, 0.000200922, 1.687e-06, 367, 2331, 27
0.000757114, 0.000352621, 0.000402308, 3.066e-06, 365, 2388, 54
0.000500907, 0.000264718, 0.000233197, 3.613e-06, 362, 2475, 81
0.000667177, 0.000350143, 0.00031509, 2.805e-06, 373, 2548, 54
0.000259349, 0.000128581, 0.000127533, 1.913e-06, 372, 2456, 81
0.000677138, 0.00033639, 0.000337912, 1.726e-06, 359, 2107, 27
0.000444614, 0.000235733, 0.000206559, 1.496e-06, 366, 2437, 27
0.000687072, 0.000353971, 0.000330978, 0, 361, 2333, 0
0.00055589, 0.000267937, 0.000286107, 1.362e-06, 361, 2312, 27
0.000661367, 0.000347277, 0.000311749, 2.947e-06, 366, 2381, 54
0.000474035, 0.000242337, 0.000229303, 3.148e-06, 359, 2272, 54
0.000467151, 0.000251615, 0.00021186, 3.146e-06, 364, 2591, 81
0.000661317, 0.000341858, 0.000317331, 0, 365, 2432, 0
0.000693787, 0.000350193, 0.000340605, 3.068e-06, 355, 2311, 54
0.000706077, 0.000368577, 0.000334415, 3.141e-06, 353, 2415, 54
0.000487771, 0.000242445, 0.000242964, 2.783e-06, 367, 2611, 54
0.000315781, 0.000142315, 0.000172195, 6.26e-07, 362, 2659, 27
0.000510815, 0.000294432, 0.000212835, 1.205e-06, 372, 2527, 27
0.000445413, 0.000234662, 0.000208635, 4.073e-06, 364, 2468, 108
0.000550406, 0.000313326, 0.000234021, 1.862e-06, 366, 2512, 27
0.000461123, 0.000229578, 0.000229312, 2.089e-06, 366, 2275, 54
0.000428399, 0.000243096, 0.000182881, 1.553e-06, 364, 2520, 27
0.000495055, 0.000286627, 0.000205327, 0, 359, 2244, 0
0.000449595, 0.000237062, 0.000210302, 1.487e-06, 370, 2415, 27
0.000588833, 0.00031776, 0.000269573, 3.593e-06, 359, 2226, 81
0.000727119, 0.000374444, 0.000349722, 0, 362, 2412, 0
0.000348809, 0.000207388, 0.000138695, 0, 362, 2253, 0
0.000620104, 0.000318785, 0.000299299, 2.533e-06, 363, 2299, 54
0.000639936, 0.000328863, 0.000308887, 2.273e-06, 359, 2157, 27
0.000499876, 0.000277881, 0.000219676, 1.247e-06, 367, 2394, 27
0.000571976, 0.000314484, 0.00025559, 1.617e-06, 355, 2262, 27
0.000473375, 0.000225344, 0.000245194, 1.738e-06, 352, 2169, 27
0.000520328, 0.000235392, 0.000281826, 2.759e-06, 368, 2466, 54
0.000470067, 0.000250389, 0.000216341, 4.205e-06, 368, 2364, 108
0.00059814, 0.000251548, 0.000344345, 2.296e-06, 366, 2394, 27
0.000503557, 0.000244401, 0.000256767, 1.606e-06, 368, 2402, 27
0.000695723, 0.000343751, 0.000349151, 2.124e-06, 365, 2334, 27
0.000497982, 0.000256375, 0.000239606, 4.634e-06, 365, 2585, 108
0.000502714, 0.000275189, 0.000224813, 4.198e-06, 367, 2284, 54
0.000456966, 0.000244513, 0.000210691, 3.809e-06, 364, 2436, 81
0.000471881, 0.000236472, 0.000233322, 0, 364, 2414, 0
0.000269713, 0.000141446, 0.000126772, 0, 367, 2333, 0
0.00046739, 0.000244127, 0.000221006, 0, 368, 2375, 0
0.000401424, 0.000215532, 0.000181713, 0, 361, 2478, 0
0.000724876, 0.00036922, 0.000352684, 2.019e-06, 367, 2341, 27
0.000804233, 0.000479354, 0.000321681, 0, 367, 2288, 0
0.000591551, 0.000334843, 0.000254175, 7.002e-06, 355, 2371, 135
0.000439169, 0.000271988, 0.000164425, 0, 358, 2207, 0
0.000698484, 0.000393039, 0.000300843, 1.704e-06, 365, 2254, 27
0.000437671, 0.000241539, 0.00019326, 0, 359, 2164, 0
0.000744166, 0.000402593, 0.000339223, 3.259e-06, 355, 2358, 54
0.000661262, 0.000346319, 0.000313014, 2.99e-06, 362, 2545, 54
0.000461606, 0.000255211, 0.000203964, 0, 368, 2556, 0
0.00052901, 0.000330564, 0.000195556, 2.571e-06, 369, 2388, 54
0.000676126, 0.000350982, 0.000322633, 0, 370, 2495, 0
0.000720295, 0.000374384, 0.000344092, 0, 379, 2623, 0
0.000331698, 0.00017101, 0.000158344, 0, 365, 2429, 0
0.000503417, 0.000281725, 0.000219184, 1.225e-06, 363, 2207, 27
0.000698907, 0.000368144, 0.00032827, 1.506e-06, 366, 2541, 27
0.000752677, 0.000374416, 0.000375603, 0, 368, 2488, 0
0.000575583, 0.000302597, 0.000270181, 1.439e-06, 360, 2151, 27
0.000582835, 0.000346853, 0.000232321, 1.602e-06, 366, 2368, 27
0.000683911, 0.000338976, 0.000343306, 3.056e-06, 363, 2475, 54
0.000738317, 0.000376603, 0.000358341, 0, 361, 2297, 0
0.000690296, 0.000361975, 0.000325855, 2.024e-06, 362, 2375, 27
0.000670383, 0.000355072, 0.000311929, 0, 362, 2307, 0
0.000457444, 0.000267177, 0.000188141, 0, 352, 2381, 0
0.000566155, 0.000298225, 0.000264994, 1.669e-06, 367, 2501, 27
0.000774401, 0.00038879, 0.000383409, 4.188e-06, 368, 2441, 54
0.00074331, 0.000368967, 0.00037225, 3.704e-06, 360, 2445, 54
0.000655643, 0.000347966, 0.000305508, 1.706e-06, 364, 2385, 27
0.000676601, 0.000346766, 0.00032725, 0, 365, 2343, 0
0.000691473, 0.000326659, 0.0003627, 1.961e-06, 360, 2199, 27
0.000581062, 0.000360054, 0.000218031, 1.825e-06, 357, 2413, 27
0.000683195, 0.000356613, 0.000324119, 3.058e-06, 367, 2560, 54
0.000670004, 0.000370614, 0.000295508, 0, 366, 2382, 0
0.000731249, 0.000378185, 0.000350313, 3.248e-06, 355, 2310, 54
0.000677077, 0.000376677, 0.000297799, 0, 364, 2368, 0
0.000714715, 0.000412321, 0.000300198, 1.525e-06, 360, 2288, 27
0.00060069, 0.00034809, 0.000250166, 0, 362, 2296, 0
0.000439368, 0.000231465, 0.000202142, 1.406e-06, 371, 2376, 27
0.000481829, 0.000292693, 0.000185603, 0, 363, 2330, 0
0.000449819, 0.000262121, 0.000184735, 0, 365, 2471, 0
0.000436403, 0.000237822, 0.000196324, 2.893e-06, 364, 2491, 54
0.000650778, 0.000344755, 0.000302865, 0, 367, 2395, 0
0.000479261, 0.000246306, 0.000230858, 1.535e-06, 370, 2585, 27
0.000415447, 0.000235041, 0.000178481, 0, 357, 2489, 0
0.00050124, 0.000289204, 0.000209026, 1.359e-06, 370, 2534, 27
0.000738551, 0.000373895, 0.000362106, 1.675e-06, 374, 2513, 27
0.000540502, 0.000341228, 0.000197456, 0, 361, 2592, 0
0.000460907, 0.000239349, 0.000218874, 1.711e-06, 373, 2590, 27
0.000769942, 0.000379806, 0.000387616, 3.43e-06, 371, 2484, 54
0.000493546, 0.000236948, 0.000254913, 0, 361, 2378, 0
0.000409343, 0.000236789, 0.000170468, 0, 366, 2340, 0
0.000707889, 0.00037513, 0.000331104, 2.015e-06, 370, 2598, 27
0.000606093, 0.000322083, 0.000281399, 0, 360, 2412, 0
0.000423264, 0.000219381, 0.000199425, 0, 363, 2456, 0
0.000746363, 0.000383646, 0.000360095, 5.229e-06, 358, 2421, 81
0.000358305, 0.000174628, 0.000181663, 1.061e-06, 361, 2405, 27
0.000507191, 0.000267279, 0.000236821, 0, 367, 2459, 0
0.000359534, 0.000228614, 0.00012854, 0, 359, 2266, 0
0.000599957, 0.0003349, 0.000262414, 5.359e-06, 363, 2485, 108
0.000703832, 0.000363964, 0.000337643, 5.031e-06, 360, 2223, 81
0.000667455, 0.000362681, 0.000302515, 0, 369, 2456, 0
0.000371759, 0.00020026, 0.000169375, 0, 365, 2231, 0
0.00074221, 0.000438814, 0.000300526, 6.299e-06, 358, 2459, 108
0.000664839, 0.000359218, 0.000302774, 1.712e-06, 361, 2448, 27
0.000608156, 0.00032341, 0.000282903, 1.488e-06, 368, 2271, 27
0.000628116, 0.000320078, 0.000305929, 1.631e-06, 360, 2212, 27
0.000709046, 0.000372989, 0.000333649, 3.1e-06, 368, 2462, 54
0.000657829, 0.000370296, 0.000284233, 0, 366, 2479, 0
0.00043095, 0.000238979, 0.000189022, 0, 352, 2363, 0
0.000612543, 0.000329284, 0.000281358, 1.662e-06, 362, 2366, 27
0.000397646, 0.000228786, 0.000166421, 0, 359, 2335, 0
0.00044882, 0.000229161, 0.000216855, 0, 370, 2673, 0
0.000509816, 0.000272982, 0.000232863, 0, 366, 2422, 0
0.000703719, 0.000368727, 0.000332866, 0, 361, 2262, 0
0.000652529, 0.000417917, 0.000231348, 3.341e-06, 362, 2397, 54
0.00073034, 0.000383561, 0.000344274, 2.541e-06, 363, 2493, 27
0.000467743, 0.000241173, 0.000224199, 0, 374, 2446, 0
0.000462645, 0.000262962, 0.000197485, 2.016e-06, 362, 2521, 27
0.000625565, 0.000323984, 0.000299485, 3.167e-06, 358, 2347, 54
0.000681936, 0.000394841, 0.000284676, 1.449e-06, 365, 2771, 27
0.000430701, 0.000243702, 0.000184359, 2.544e-06, 366, 2315, 54
0.000677834, 0.000349345, 0.000325977, 1.726e-06, 369, 2410, 27
0.000618069, 0.000316481, 0.000299014, 1.722e-06, 361, 2506, 27
0.000660177, 0.000344901, 0.000312606, 0, 373, 2642, 0
0.000683537, 0.00035032, 0.000330648, 0, 366, 2417, 0
0.000378041, 0.000219104, 0.000155745, 0, 368, 2368, 0
0.000590349, 0.000301516, 0.000287194, 2.008e-06, 361, 2261, 27
0.00044403, 0.00022301, 0.000218021, 2.695e-06, 362, 2308, 54
0.000549717, 0.000261702, 0.000286815, 1.333e-06, 364, 2439, 27
0.000469704, 0.000222722, 0.000245224, 1.336e-06, 367, 2423, 27
0.000424537, 0.000222744, 0.000198587, 0, 348, 2409, 0
0.000416618, 0.0002354, 0.000178766, 0, 361, 2380, 0
0.000753032, 0.000400378, 0.000349652, 3.71e-06, 370, 2532, 54
0.000672165, 0.000362509, 0.000308096, 5.052e-06, 367, 2384, 81
0.000562823, 0.000341867, 0.000218649, 0, 355, 2262, 0
0.000445098, 0.000265494, 0.000177655, 2.385e-06, 376, 2339, 54
0.000671442, 0.000352996, 0.000315575, 0, 369, 2322, 0
0.000416886, 0.000227461, 0.000186672, 1.305e-06, 359, 2349, 27
0.000547249, 0.000295663, 0.000250286, 0, 364, 2333, 0
0.000685734, 0.000362628, 0.000320662, 3.597e-06, 366, 2512, 54
0.000468602, 0.000252907, 0.000213462, 2.97e-06, 366, 2626, 54
0.000722745, 0.000378727, 0.000341724, 1.805e-06, 366, 2463, 27
0.000674901, 0.000392612, 0.000279998, 0, 365, 2421, 0
0.000485695, 0.000242539, 0.000241868, 0, 373, 2422, 0
0.000530846, 0.00029299, 0.000236413, 0, 369, 2325, 0
0.000677408, 0.00034986, 0.000325677, 2.241e-06, 358, 2264, 27
0.000670167, 0.00036501, 0.000301893, 0, 367, 2542, 0
0.00041106, 0.000225852, 0.000182992, 0, 365, 2424, 0
0.000631909, 0.000340477, 0.000289582, 0, 364, 2324, 0
0.000718404, 0.000374092, 0.000341157, 3.161e-06, 365, 2377, 54
0.000562668, 0.00032798, 0.000232878, 0, 366, 2518, 0
0.000528924, 0.000278616, 0.000246009, 3.564e-06, 371, 2439, 54
0.000416599, 0.000238534, 0.000174955, 1.613e-06, 364, 2352, 27
0.000429546, 0.000222984, 0.000204474, 0, 358, 2247, 0
0.000684307, 0.000369858, 0.000311831, 0, 356, 2581, 0
0.000478149, 0.000268734, 0.000207057, 2.707e-06, 370, 2585, 54
0.000626615, 0.000328682, 0.000294936, 1.642e-06, 362, 2320, 27
0.000485425, 0.000285126, 0.00019724, 1.785e-06, 360, 2253, 27
0.000680477, 0.000357895, 0.000319794, 3.584e-06, 365, 2445, 54
0.000665328, 0.000363097, 0.000299948, 0, 360, 2373, 0
0.000452879, 0.000248684, 0.000200005, 0, 366, 2340, 0
0.000517445, 0.000326629, 0.000188797, 0, 365, 2348, 0
0.000768799, 0.000398789, 0.00036702, 0, 359, 2387, 0
0.000569478, 0.000300854, 0.00026543, 0, 355, 2299, 0
0.000652386, 0.000349423, 0.000300772, 1.768e-06, 368, 2425, 27
0.000764796, 0.000396049, 0.000365235, 0, 359, 2383, 0
0.000448176, 0.000240811, 0.000203545, 1.614e-06, 362, 2361, 27
0.00034744, 0.000193254, 0.00015077, 0, 365, 2688, 0
0.000579982, 0.000311648, 0.000266171, 1.618e-06, 369, 2342, 27
0.000735843, 0.000372101, 0.000361492, 1.783e-06, 367, 2437, 27
0.000498111, 0.000252772, 0.000242631, 1.494e-06, 363, 2484, 27
0.000408748, 0.000226073, 0.000180624, 1.31e-06, 372, 2449, 27
0.000447496, 0.000250321, 0.000194899, 1.488e-06, 368, 2472, 27
0.000434606, 0.000236143, 0.000195856, 0, 360, 2123, 0
0.000429601, 0.000231033, 0.000196022, 3.624e-06, 372, 2511, 81
0.000418791, 0.000231068, 0.000186097, 1.176e-06, 380, 2431, 27
0.000657381, 0.000330212, 0.000324311, 0, 368, 2346, 0
0.00049282, 0.000274096, 0.000216101, 1.636e-06, 362, 2472, 27
0.000456627, 0.000266264, 0.000187173, 0, 378, 2635, 0
0.000501184, 0.000272797, 0.000226223, 0, 362, 2503, 0
0.000641959, 0.000362888, 0.000276543, 0, 377, 2415, 0
0.000644574, 0.00032618, 0.000315966, 1.576e-06, 371, 2470, 27
0.000623174, 0.000333347, 0.000286601, 0, 367, 2463, 0
0.000650315, 0.000351677, 0.000296764, 0, 362, 2370, 0
0.000637586, 0.000318978, 0.000316299, 3.239e-06, 363, 2339, 54
0.000449997, 0.000232817, 0.000214789, 1.514e-06, 368, 2578, 27
0.000277212, 0.000143039, 0.000131999, 0, 368, 2302, 0
0.000504074, 0.000294892, 0.000204022, 0, 363, 2430, 0
0.000705682, 0.000366186, 0.000337199, 3.122e-06, 369, 2508, 54
0.000642708, 0.000333757, 0.000307131, 1.735e-06, 363, 2346, 27
0.000699698, 0.00035469, 0.000342264, 0, 366, 2409, 0
0.000673904, 0.000345708, 0.000325617, 2.148e-06, 369, 2310, 27
0.000717294, 0.000378643, 0.000335833, 3.084e-06, 359, 2314, 54
0.000487515, 0.000276357, 0.000208203, 2.328e-06, 372, 2608, 54
0.000702729, 0.000366549, 0.000333717, 1.643e-06, 371, 2552, 27
0.000680502, 0.000337879, 0.000340083, 1.763e-06, 355, 2499, 27
0.000578216, 0.000305875, 0.000269493, 1.458e-06, 368, 2554, 27
0.00070293, 0.000362595, 0.000336829, 1.965e-06, 368, 2430, 27
0.000699117, 0.00034815, 0.000348844, 1.857e-06, 348, 2425, 27
0.000444039, 0.000222396, 0.000218414, 0, 372, 2549, 0
0.000628614, 0.000328239, 0.00029804, 0, 363, 2254, 0
0.000531868, 0.000282884, 0.000246763, 0, 366, 2457, 0
0.000672938, 0.000349732, 0.000320591, 0, 357, 2417, 0
0.000410546, 0.000228212, 0.000180117, 1.942e-06, 369, 2441, 27
0.000440812, 0.00025101, 0.000187266, 0, 382, 2462, 0
0.000477892, 0.000253645, 0.000221811, 1.344e-06, 361, 2443, 27
0.000260703, 0.000147422, 0.000111917, 0, 376, 2365, 0
0.000414283, 0.000235297, 0.00017649, 0, 369, 2306, 0
0.000328459, 0.000179284, 0.00014717, 0, 366, 2090, 0
0.000593845, 0.000324233, 0.000267101, 4.614e-06, 373, 2475, 81
0.000375164, 0.00021975, 0.000153251, 0, 368, 2522, 0
0.000548145, 0.000350981, 0.000194974, 0, 370, 2676, 0
0.000599721, 0.0003147, 0.000283464, 0, 368, 2438, 0
0.000566139, 0.000298886, 0.00026549, 0, 362, 2367, 0
0.000393293, 0.000211334, 0.000180447, 1.265e-06, 368, 2489, 27
0.000409952, 0.000226592, 0.000180498, 0, 366, 2492, 0
0.000581433, 0.000308324, 0.000271459, 1.711e-06, 362, 2440, 27
0.00035485, 0.000205717, 0.000147007, 0, 373, 2398, 0
0.000574568, 0.00031617, 0.000256327, 0, 362, 2400, 0
0.000556537, 0.000307478, 0.000246494, 1.507e-06, 366, 2303, 27
0.00062388, 0.000323601, 0.000298051, 2.334e-06, 376, 2642, 54
0.000577239, 0.000290519, 0.000284522, 0, 363, 2414, 0
0.000609415, 0.000335812, 0.000271493, 0, 376, 2440, 0
0.000591903, 0.000314894, 0.00027567, 4.139e-06, 372, 2467, 81
0.000542203, 0.000290749, 0.000249533, 0, 357, 2414, 0
0.000584637, 0.000307363, 0.000275335, 2.909e-06, 369, 2683, 54
0.000409369, 0.000247142, 0.00016032, 0, 369, 2609, 0
0.000355779, 0.000219711, 0.000131588, 0, 359, 2237, 0
0.000560405, 0.00028951, 0.000269049, 0, 378, 2460, 0
0.000395708, 0.000216384, 0.000174992, 1.26e-06, 377, 2627, 27
0.000564765, 0.000318944, 0.000243807, 1.574e-06, 362, 2408, 27
0.000560165, 0.000309927, 0.000247749, 0, 368, 2459, 0
0.000656401, 0.000333355, 0.000320464, 3.853e-06, 372, 2634, 81
0.000347411, 0.000197453, 0.000147532, 0, 367, 2295, 0
0.000575602, 0.000306297, 0.000267861, 0, 369, 2523, 0
0.000368301, 0.000196621, 0.000168594, 1.777e-06, 366, 2218, 27
0.000374097, 0.000208629, 0.000163064, 1.658e-06, 380, 2435, 27
0.000337849, 0.000191688, 0.00014398, 0, 364, 2368, 0
0.000416883, 0.000224097, 0.000191042, 2.587e-06, 369, 2682, 54
0.00041988, 0.000230123, 0.000188023, 1.164e-06, 374, 2667, 27
0.000585411, 0.000298861, 0.000284071, 0, 362, 2441, 0
0.000362707, 0.000205829, 0.000154415, 1.357e-06, 375, 2240, 27
0.000455158, 0.000219147, 0.000234604, 1.049e-06, 365, 2299, 27
0.000526524, 0.000290748, 0.000234076, 0, 362, 2290, 0
0.00082997, 0.000444633, 0.000381905, 0, 362, 2541, 0
0.000677834, 0.00038899, 0.00028587, 0, 368, 2614, 0
0.000717628, 0.000363359, 0.000351824, 1.849e-06, 371, 2537, 27
0.000603986, 0.000398966, 0.00020202, 1.554e-06, 364, 2380, 27
0.00057921, 0.000311416, 0.000264541, 1.756e-06, 353, 2268, 27
0.000555594, 0.000298878, 0.000254153, 0, 368, 2447, 0
0.000377634, 0.00021081, 0.000162361, 0, 357, 2583, 0
0.000410402, 0.000242483, 0.000165303, 0, 372, 2585, 0
0.000636152, 0.000340423, 0.00029353, 3.066e-06, 373, 2636, 54
0.000349158, 0.000196182, 0.000149964, 0, 363, 2344, 0
0.000572312, 0.00031414, 0.000255876, 0, 365, 2423, 0
0.000601371, 0.000317651, 0.000282053, 1.967e-06, 376, 2422, 27
0.000572926, 0.000293902, 0.000276883, 1.74e-06, 374, 2384, 27
0.000368925, 0.000206814, 0.000160602, 0, 373, 2492, 0
0.000365649, 0.000200693, 0.000160547, 1.97e-06, 372, 2478, 54
0.000312427, 0.000180594, 0.00012997, 0, 366, 2315, 0
0.000356557, 0.000193313, 0.000161337, 0, 369, 2564, 0
0.00048777, 0.000267122, 0.000218831, 0, 361, 2132, 0
0.000496626, 0.000318551, 0.000176226, 0, 368, 2578, 0
0.000413625, 0.000238777, 0.000173039, 0, 370, 2503, 0
0.000396399, 0.000210454, 0.000184059, 0, 374, 2441, 0
0.000294052, 0.000200609, 9.1836e-05, 6.62e-07, 371, 2447, 27
0.000448282, 0.000278407, 0.000167962, 0, 355, 2263, 0
0.000400511, 0.000221855, 0.000176554, 1.484e-06, 383, 2526, 27
0.000502528, 0.000283914, 0.000216849, 0, 369, 2194, 0
0.00049788, 0.000233842, 0.0002624, 9.223e-06, 369, 2474, 108
0.000402518, 0.000225104, 0.00017488, 1.8e-06, 361, 2237, 27
0.000429119, 0.000230371, 0.0001947, 2.104e-06, 381, 2605, 54
0.000608325, 0.00033797, 0.000268014, 0, 365, 2420, 0
0.000382059, 0.00021732, 0.000163225, 0, 372, 2569, 0
0.000384056, 0.000219138, 0.000162437, 1.277e-06, 370, 2531, 27
0.000382823, 0.000211672, 0.000167342, 1.178e-06, 377, 2654, 27
0.00033204, 0.000188291, 0.000141597, 0, 365, 2194, 0
0.000501857, 0.0002767, 0.000222967, 0, 365, 2383, 0
0.000608704, 0.000314982, 0.000291853, 2.815e-06, 369, 2383, 54
